month_year,bank_name,role_type,total_volume_mn,approved_pct,technical_decline_pct,business_decline_pct,approved_volume_mn,total_decline_pct
2024-04,Yes Bank Ltd,Beneficiary,5076.4,99.97,0.01,0.02,5074.88,0.03
2024-04,State Bank Of India,Beneficiary,1512.29,99.01,0.89,0.11,1497.32,1
2024-04,Axis Bank Ltd.,Beneficiary,1248.35,99.92,0,0.08,1247.35,0.08
2024-04,HDFC BANK LTD,Beneficiary,625.05,98.74,0.07,1.19,617.17,1.26
2024-04,ICICI Bank,Beneficiary,606.73,99.58,0.02,0.4,604.18,0.42
2024-04,Bank of Baroda,Beneficiary,376.04,98.51,0.49,1.01,370.44,1.5
2024-04,Federal Bank,Beneficiary,373.7,99.74,0.03,0.23,372.73,0.26
2024-04,Union Bank of India,Beneficiary,346.48,97.99,1.88,0.13,339.52,2.01
2024-04,Punjab National Bank,Beneficiary,311.53,98.62,0.99,0.39,307.23,1.38
2024-04,Canara Bank,Beneficiary,297.27,98.17,0.59,1.24,291.83,1.83
2024-04,Kotak Mahindra Bank,Beneficiary,283.22,97.82,1.05,1.13,277.05,2.18
2024-04,Airtel Payments Bank,Beneficiary,253.57,99.19,0.58,0.23,251.52,0.81
2024-04,Indian Bank,Beneficiary,220.9,98.97,0.11,0.91,218.62,1.02
2024-04,Bank of India,Beneficiary,197.52,98.76,0.84,0.4,195.07,1.24
2024-04,INDUSIND BANK,Beneficiary,124.15,98.54,0.64,0.83,122.34,1.47
2024-04,India Post Payment Bank,Beneficiary,111.72,98.04,0.65,1.3,109.53,1.95
2024-04,Central Bank Of India,Beneficiary,92.14,97.91,1.73,0.36,90.21,2.09
2024-04,Indian Overseas Bank,Beneficiary,87.08,98.24,1.31,0.45,85.55,1.76
2024-04,UCO Bank,Beneficiary,84.09,98.49,0.81,0.7,82.82,1.51
2024-04,Fino Payments Bank Limited,Beneficiary,65.46,96.15,0.66,3.18,62.94,3.84
2024-04,IDBI Bank Limited,Beneficiary,65.04,98.63,0.93,0.44,64.15,1.37
2024-04,Bank of Maharashtra,Beneficiary,60.58,98.65,1.16,0.19,59.76,1.35
2024-04,RBL Bank Limited,Beneficiary,52.02,97.84,0.15,2.01,50.9,2.16
2024-04,Karnataka Bank,Beneficiary,46.09,97.89,0.88,1.23,45.12,2.11
2024-04,IDFC FIRST Bank,Beneficiary,35.26,98.6,0.11,1.28,34.77,1.39
2024-04,Karur Vysya Bank,Beneficiary,34.16,98.29,0.52,1.19,33.58,1.71
2024-04,Bandhan Bank,Beneficiary,33.71,97.87,1.85,0.28,32.99,2.13
2024-04,South Indian Bank,Beneficiary,32.2,98.4,0.11,1.49,31.68,1.6
2024-04,AU small Finance Bank,Beneficiary,28.54,96.21,0.73,3.06,27.46,3.79
2024-04,Jammu and Kashmir Bank,Beneficiary,27.28,99.07,0.28,0.66,27.03,0.94
2024-04,Tamilnad Mercantile Bank,Beneficiary,23.83,99.39,0.51,0.1,23.68,0.61
2024-04,Tri O Tech Solutions Private Limited,Beneficiary,23.07,95.36,0.15,4.5,22,4.65
2024-04,Ujjivan Small Finance Bank,Beneficiary,21.39,98.93,0.15,0.92,21.16,1.07
2024-04,City Union Bank,Beneficiary,20.6,97.95,0.24,1.82,20.18,2.06
2024-04,Kerala Gramin Bank,Beneficiary,14.82,98.92,0.77,0.3,14.66,1.07
2024-04,Punjab and Sind Bank,Beneficiary,14.56,92.73,6.48,0.79,13.5,7.27
2024-04,Equitas Small Finance Bank,Beneficiary,14.05,98.23,0.27,1.5,13.8,1.77
2024-04,Andhra Pradesh Grameena Vikas Bank,Beneficiary,13.65,98.85,0.59,0.56,13.49,1.15
2024-04,Pragathi Krishna Gramin Bank,Beneficiary,13.14,97.54,2.07,0.4,12.82,2.47
2024-04,Jio Payments Bank,Beneficiary,13.01,98.77,0.86,0.37,12.85,1.23
2024-04,Maharashtra Gramin Bank,Beneficiary,11.84,97.53,2.14,0.33,11.55,2.47
2024-04,DBS Bank India Limited,Beneficiary,11.43,97.26,0.95,1.79,11.12,2.74
2024-04,Rajasthan Marudhara Gramin Bank,Beneficiary,11.34,99.43,0.19,0.38,11.28,0.57
2024-04,Baroda UP Gramin Bank,Beneficiary,11.01,88.1,11.26,0.65,9.7,11.91
2024-04,Fincare Small Finance Bank Ltd,Beneficiary,10.5,96.19,0.53,3.29,10.1,3.82
2024-04,ESAF Small Finance Bank Ltd.,Beneficiary,10.43,99.68,0.19,0.13,10.4,0.32
2024-04,Citi Bank,Beneficiary,9.88,99.81,0.19,0,9.86,0.19
2024-04,Andhra Pragathi Grameena Bank,Beneficiary,9.29,95.43,3.4,1.17,8.87,4.57
2024-04,Sarva Haryana Gramin Bank,Beneficiary,7.88,99,0.62,0.38,7.8,1
2024-04,Saraswat Bank,Beneficiary,7.64,96.99,0.62,2.39,7.41,3.01
2025-04,Yes Bank Ltd.,Beneficiary,7312.77,0.9999,0,0.0001,73.12,0.0001
2025-04,Axis Bank Ltd.,Beneficiary,1822.48,0.9995,0,0.0005,18.22,0.0005
2025-04,State Bank of India,Beneficiary,1767.09,0.9926,0.0064,0.001,17.54,0.0074
2025-04,HDFC Bank Ltd.,Beneficiary,857.29,0.9917,0.0002,0.0081,8.5,0.0083
2025-04,ICICI Bank Ltd.,Beneficiary,565.73,0.9964,0.0012,0.0024,5.64,0.0036
2025-04,Bank of Baroda,Beneficiary,474.07,0.999,0.0003,0.0007,4.74,0.001
2025-04,Union Bank of India,Beneficiary,434.62,0.9943,0.0047,0.001,4.32,0.0057
2025-04,Airtel Payments Bank Limited,Beneficiary,414.65,0.9877,0.0026,0.0097,4.1,0.0123
2025-04,Punjab National Bank,Beneficiary,407.55,0.9928,0.0039,0.0034,4.05,0.0073
2025-04,Canara Bank,Beneficiary,404.64,0.9967,0.0019,0.0014,4.03,0.0033
2025-04,Federal Bank Ltd.,Beneficiary,386.02,0.9972,0.0009,0.0019,3.85,0.0028
2025-04,Kotak Mahindra Bank,Beneficiary,345.82,0.9892,0.0004,0.0104,3.42,0.0108
2025-04,Indian Bank,Beneficiary,264.85,0.9959,0.0008,0.0032,2.64,0.004
2025-04,Bank Of India,Beneficiary,243.98,0.9789,0.0097,0.0114,2.39,0.0211
2025-04,India Post Payments Bank Limited,Beneficiary,241.01,0.9774,0.0098,0.0129,2.36,0.0227
2025-04,Indusind Bank Ltd.,Beneficiary,177.35,0.9948,0.002,0.0033,1.76,0.0053
2025-04,Indian Overseas Bank,Beneficiary,140.85,0.9931,0.0013,0.0056,1.4,0.0069
2025-04,Central Bank of India,Beneficiary,117.91,0.9885,0.0065,0.005,1.17,0.0115
2025-04,UCO Bank,Beneficiary,105.71,0.99,0.0039,0.0061,1.05,0.01
2025-04,IDBI Bank Ltd.,Beneficiary,98.27,0.9962,0.0013,0.0025,0.98,0.0038
2025-04,Fino Payments Bank Ltd.,Beneficiary,98,0.9603,0.0037,0.0361,0.94,0.0398
2025-04,Bank of Maharashtra,Beneficiary,89.1,0.9944,0.0013,0.0043,0.89,0.0056
2025-04,RBL Bank Ltd.,Beneficiary,85.03,0.9977,0.0015,0.0008,0.85,0.0023
2025-04,Karnataka Bank,Beneficiary,68.1,0.981,0.0154,0.0036,0.67,0.019
2025-04,Unity Small Finance Bank Limited,Beneficiary,56.73,0.9998,0.0001,0.0001,0.57,0.0002
2025-04,One Mobikwik Systems Limited,Beneficiary,51.12,0.9996,0.0004,0,0.51,0.0004
2025-04,The Jammu & Kashmir Bank Limited,Beneficiary,51.05,0.9941,0.0021,0.0037,0.51,0.0058
2025-04,Bandhan Bank limited,Beneficiary,47.15,0.9866,0.0083,0.0052,0.47,0.0135
2025-04,IDFC Bank Ltd.,Beneficiary,45.76,0.9854,0.001,0.0137,0.45,0.0147
2025-04,Tri O Tech Solutions Private Limited,Beneficiary,45.31,0.9909,0,0.0091,0.45,0.0091
2025-04,NSDL Payments Bank Limited,Beneficiary,45.21,0.9928,0.0037,0.0035,0.45,0.0072
2025-04,Karur Vysya Bank,Beneficiary,42.11,0.9945,0.003,0.0025,0.42,0.0055
2025-04,The South Indian Bank Limited,Beneficiary,40.6,0.9981,0.0003,0.0016,0.41,0.0019
2025-04,Tamilnad Mercantile Bank Limited,Beneficiary,37.32,0.9973,0.0019,0.0008,0.37,0.0027
2025-04,AU Small Finance Bank,Beneficiary,32.9,0.9922,0.0025,0.0053,0.33,0.0078
2025-04,City Union Bank,Beneficiary,30.69,0.9866,0.0034,0.0101,0.3,0.0135
2025-04,JIO Payments Bank Ltd,Beneficiary,28.39,0.9922,0.0031,0.0048,0.28,0.0079
2025-04,Punjab and Sind Bank,Beneficiary,25.15,0.9648,0.0096,0.0256,0.24,0.0352
2025-04,Ujjivan Small Finance Bank Limited,Beneficiary,24.91,0.9907,0.0069,0.0024,0.25,0.0093
2025-04,Kerala Gramin Bank,Beneficiary,23.54,0.9846,0.0131,0.0023,0.23,0.0154
2025-04,Baroda U.P. Bank,Beneficiary,20.22,0.9886,0.0087,0.0026,0.2,0.0113
2025-04,Suryoday Small Finance Bank Limited,Beneficiary,19.78,0.9843,0.004,0.0118,0.19,0.0158
2025-04,Citi Bank,Beneficiary,18.28,0.9949,0.0017,0.0033,0.18,0.005
2025-04,Telangana Grameena Bank,Beneficiary,16.35,0.9883,0.0069,0.0048,0.16,0.0117
2025-04,Karnataka Gramin Bank,Beneficiary,15.41,0.9707,0.0269,0.0024,0.15,0.0293
2025-04,Maharashtra Gramin Bank,Beneficiary,14.94,0.9795,0.0194,0.0011,0.15,0.0205
2025-04,Equitas Small Finance Bank,Beneficiary,13.79,0.9744,0.0066,0.0189,0.13,0.0255
2025-04,ESAF Small Finance Bank Ltd,Beneficiary,13.73,0.9953,0.0017,0.003,0.14,0.0047
2025-04,Andhra Pragathi Grameena Bank,Beneficiary,13.36,0.9459,0.0476,0.0065,0.13,0.0541
2025-04,Rajasthan Marudhara Gramin Bank,Beneficiary,12.86,0.9674,0.0029,0.0297,0.12,0.0326
2026-04,Yes Bank Ltd.,Beneficiary,9176.6,99.99,0,0.01,9175.68,0.01
2026-04,Axis Bank Ltd.,Beneficiary,2351.68,99.89,0,0.11,2349.09,0.11
2026-04,State Bank Of India,Beneficiary,2212.43,99.66,0.07,0.28,2204.91,0.35
2026-04,Hdfc Bank Ltd.,Beneficiary,1061.72,99.37,0.02,0.61,1055.03,0.63
2026-04,Bank Of Baroda,Beneficiary,611.46,99.47,0.08,0.45,608.22,0.53
2026-04,Union Bank Of India,Beneficiary,537.18,99.86,0.03,0.11,536.43,0.14
2026-04,Punjab National Bank,Beneficiary,530.67,99.51,0.21,0.28,528.07,0.49
2026-04,Canara Bank,Beneficiary,518.33,99.64,0.21,0.14,516.46,0.35
2026-04,Airtel Payments Bank Limited,Beneficiary,514.25,94.4,0.24,5.36,485.45,5.6
2026-04,Kotak Mahindra Bank,Beneficiary,454.02,99.48,0,0.52,451.66,0.52
2026-04,Icici Bank Ltd.,Beneficiary,436.88,99.55,0.02,0.43,434.91,0.45
2026-04,Federal Bank Ltd.,Beneficiary,387.57,99.81,0.01,0.18,386.83,0.19
2026-04,India Post Payments Bank Limited,Beneficiary,372.26,98.83,0.49,0.68,367.9,1.17
2026-04,Indian Bank,Beneficiary,325.72,99.84,0.06,0.1,325.2,0.16
2026-04,Bank Of India,Beneficiary,297.72,99.08,0.01,0.91,294.98,0.92
2026-04,Indusind Bank Ltd.,Beneficiary,197.81,98.57,0.07,1.36,194.98,1.43
2026-04,Unity Small Finance Bank Limited,Beneficiary,183.75,99.47,0.51,0.02,182.78,0.53
2026-04,Central Bank Of India,Beneficiary,174.56,98.7,0.86,0.44,172.29,1.3
2026-04,Indian Overseas Bank,Beneficiary,168.04,99.53,0.16,0.31,167.25,0.47
2026-04,Uco Bank,Beneficiary,132.74,99.36,0.21,0.43,131.89,0.64
2026-04,Nsdl Payments Bank Limited,Beneficiary,117.56,98.09,1.06,0.84,115.31,1.9
2026-04,Bank Of Maharashtra,Beneficiary,91.58,97.82,0.24,1.94,89.58,2.18
2026-04,Idbi Bank Ltd.,Beneficiary,85.79,99.36,0.17,0.47,85.24,0.64
2026-04,Jio Payments Bank Ltd,Beneficiary,83.96,98.91,0.23,0.86,83.04,1.09
2026-04,Tri O Tech Solutions Private Limited,Beneficiary,80.01,99.17,0.35,0.48,79.35,0.83
2026-04,Fino Payments Bank Ltd.,Beneficiary,78.2,96.12,0.72,3.16,75.17,3.88
2026-04,Karnataka Bank,Beneficiary,64.69,99.68,0.06,0.26,64.48,0.32
2026-04,The Jammu & Kashmir Bank Limited,Beneficiary,62.47,99.15,0.05,0.8,61.94,0.85
2026-04,Bandhan Bank Limited,Beneficiary,60.31,99.46,0.32,0.21,59.98,0.53
2026-04,Idfc Bank Ltd.,Beneficiary,58.42,98.77,0.05,1.18,57.7,1.23
2026-04,One Mobikwik Systems Limited,Beneficiary,58.06,99.79,0.2,0.01,57.94,0.21
2026-04,Karur Vysya Bank,Beneficiary,55.07,99.68,0.17,0.15,54.89,0.32
2026-04,The South Indian Bank Limited,Beneficiary,49.43,99.8,0.07,0.13,49.33,0.2
2026-04,Rbl Bank Ltd.,Beneficiary,49.02,99.64,0.24,0.12,48.84,0.36
2026-04,Baroda U.P. Bank,Beneficiary,44.67,97.61,2.12,0.27,43.6,2.39
2026-04,Suryoday Small Finance Bank Limited,Beneficiary,40.28,98.44,0.1,1.46,39.65,1.56
2026-04,Tamilnad Mercantile Bank Limited,Beneficiary,39.69,98.78,0.35,0.86,39.21,1.21
2026-04,Au Small Finance Bank,Beneficiary,38.85,97.92,0.66,1.42,38.04,2.08
2026-04,Slice Small Finance Bank Limited,Beneficiary,35.78,93.01,0.37,6.62,33.28,6.99
2026-04,City Union Bank,Beneficiary,31.12,99.17,0.28,0.55,30.86,0.83
2026-04,Kerala Gramin Bank,Beneficiary,31.06,99.64,0.24,0.12,30.95,0.36
2026-04,Punjab And Sind Bank,Beneficiary,29.02,99.12,0.22,0.66,28.76,0.88
2026-04,Ujjivan Small Finance Bank Limited,Beneficiary,28.89,99.19,0.61,0.19,28.66,0.8
2026-04,Karnataka Gramin Bank,Beneficiary,27.31,97.74,1.77,0.5,26.69,2.27
2026-04,Rajasthan Marudhara Gramin Bank,Beneficiary,25.72,98.08,1.44,0.48,25.23,1.92
2026-04,Chaitanya Godavari Grameena Bank,Beneficiary,24.07,98.72,0.7,0.58,23.76,1.28
2026-04,Telangana Grameena Bank,Beneficiary,22.94,99.36,0.38,0.27,22.79,0.65
2026-04,Citibank Corporate,Beneficiary,21.62,99.2,0.29,0.51,21.45,0.8
2026-04,Maharashtra Gramin Bank,Beneficiary,18.79,99.17,0.76,0.07,18.63,0.83
2026-04,Esaf Small Finance Bank Ltd,Beneficiary,16.37,98.58,1.27,0.15,16.14,1.42
2024-08,Yes Bank Ltd.,Beneficiary,6021,99.99,0,0.01,6020.4,0.01
2024-08,State Bank Of India,Beneficiary,1562.83,99.73,0.15,0.11,1558.61,0.26
2024-08,Axis bank Ltd.,Beneficiary,1437.88,99.93,0,0.07,1436.87,0.07
2024-08,HDFC Bank Ltd.,Beneficiary,729.74,99.09,0.05,0.86,723.1,0.91
2024-08,ICICI Bank Ltd.,Beneficiary,605.83,99.3,0.06,0.64,601.59,0.7
2024-08,Bank of Baroda,Beneficiary,430.6,99.55,0.35,0.1,428.66,0.45
2024-08,Federal Bank Ltd.,Beneficiary,411.62,99.75,0.01,0.24,410.59,0.25
2024-08,Union Bank Of India,Beneficiary,379.29,99.45,0.43,0.11,377.2,0.54
2024-08,Canara Bank,Beneficiary,364.14,98.59,0.62,0.79,359.01,1.41
2024-08,Punjab national Bank,Beneficiary,336.13,99.7,0.02,0.29,335.12,0.31
2024-08,Kotak Mahindra Bank Ltd,Beneficiary,292.43,99.62,0.1,0.28,291.32,0.38
2024-08,Airtel Payments Bank Ltd,Beneficiary,285.48,99.61,0.09,0.3,284.37,0.39
2024-08,Indian Bank,Beneficiary,235.76,99,0.07,0.94,233.4,1.01
2024-08,Bank Of India,Beneficiary,207.96,98.71,0.45,0.84,205.28,1.29
2024-08,India Post Payments Bank Ltd,Beneficiary,156.65,99.15,0.55,0.3,155.32,0.85
2024-08,Indusind Bank Ltd.,Beneficiary,146.14,99.3,0.28,0.42,145.12,0.7
2024-08,Central Bank of India,Beneficiary,109.19,96.05,0.28,3.66,104.88,3.94
2024-08,Indian Overseas Bank,Beneficiary,107.88,96.86,1.3,1.84,104.49,3.14
2024-08,UCO Bank,Beneficiary,90.38,99.31,0.12,0.57,89.76,0.69
2024-08,Fino Payments Bank Ltd.,Beneficiary,85.69,95.99,0.44,3.57,82.25,4.01
2024-08,IDBI Bank Ltd.,Beneficiary,70.75,99.54,0.13,0.33,70.42,0.46
2024-08,Bank of Maharashtra,Beneficiary,67.17,99.31,0.34,0.34,66.71,0.68
2024-08,RBL Bank Ltd.,Beneficiary,60.49,99.27,0.32,0.42,60.05,0.74
2024-08,Karnataka Bank Ltd,Beneficiary,52.41,99.26,0.19,0.54,52.02,0.73
2024-08,Karur Vysya Bank,Beneficiary,46.99,98,0.77,1.23,46.05,2
2024-08,One Mobikwik Systems Pvt - Ltd,Beneficiary,45.37,99.95,0.02,0.03,45.35,0.05
2024-08,IDFC First Bank Ltd,Beneficiary,39.12,98.68,0.12,1.2,38.6,1.32
2024-08,South Indian Bank,Beneficiary,38.46,99.08,0.04,0.87,38.11,0.91
2024-08,Bandhan Bank Ltd.,Beneficiary,38,98.56,1.04,0.39,37.45,1.43
2024-08,Jammu and Kashmir Bank,Beneficiary,37.39,99.23,0.53,0.25,37.1,0.78
2024-08,AU small Finance Bank,Beneficiary,36.23,98.8,0.02,1.18,35.8,1.2
2024-08,Tamilnad Mercantile Bank,Beneficiary,28.01,99.48,0.43,0.09,27.86,0.52
2024-08,Tri O Tech Solutions Private Ltd.,Beneficiary,27.57,96.28,0.02,3.7,26.54,3.72
2024-08,City Union Bank,Beneficiary,23.98,97.8,0.5,1.7,23.45,2.2
2024-08,Ujjivan Small Finance Bank,Beneficiary,22.97,98.91,0.32,0.77,22.72,1.09
2024-08,Punjab and Sind Bank,Beneficiary,20.54,98.57,0.37,1.06,20.25,1.43
2024-08,KERALA GRAMIN BANK,Beneficiary,18.28,97.28,1.89,0.83,17.78,2.72
2024-08,CITI Bank,Beneficiary,17.18,98.67,0.11,1.22,16.95,1.33
2024-08,JIO PAYMENTS BANK LTD,Beneficiary,14.7,98.2,0.94,0.85,14.44,1.79
2024-08,Karnataka Gramin Bank (Erstwhile Pragathi Krishna Gramin Bank),Beneficiary,13.94,94.83,4.26,0.91,13.22,5.17
2024-08,Equitas Small Finance Bank Ltd,Beneficiary,13.8,97.69,0.34,1.97,13.48,2.31
2024-08,Andhra Pradesh Grameena Vikas Bank,Beneficiary,12.97,98.64,0.95,0.41,12.79,1.36
2024-08,Baroda Uttar Pradesh Gramin Bank,Beneficiary,12.43,97.54,2.13,0.33,12.12,2.46
2024-08,ESAF Small Finance Bank Ltd.,Beneficiary,11.85,98.74,0.2,1.06,11.7,1.26
2024-08,Maharashtra Gramin Bank,Beneficiary,11.41,98.29,1.43,0.28,11.21,1.71
2024-08,DBS Bank India Ltd.,Beneficiary,10.91,98.65,0.02,1.33,10.76,1.35
2024-08,Rajasthan Marudhara Gramin Bank,Beneficiary,10.52,97.75,1.74,0.51,10.28,2.25
2024-08,Andhra Pragathi Grameena Bank,Beneficiary,8.91,98.06,1.71,0.23,8.74,1.94
2024-08,SARVA HARYANA GRAMIN BANK,Beneficiary,8.71,95.16,4.48,0.36,8.29,4.84
2024-08,Cosmos Bank,Beneficiary,8.61,97.57,2.09,0.34,8.4,2.43
2025-08,Yes Bank Ltd.,Beneficiary,8090.56,99.95,0.04,0,8086.51,0.04
2025-08,State Bank of India,Beneficiary,2060.53,99.53,0.31,0.16,2050.85,0.47
2025-08,Axis Bank Ltd.,Beneficiary,2034.5,99.84,0,0.16,2031.24,0.16
2025-08,HDFC Bank Ltd.,Beneficiary,1018.91,99.25,0.01,0.75,1011.27,0.76
2025-08,ICICI Bank Ltd.,Beneficiary,555.6,99.53,0.24,0.24,552.99,0.48
2025-08,Bank of Baroda,Beneficiary,528.94,99.71,0.03,0.26,527.41,0.29
2025-08,Airtel Payments Bank Limited,Beneficiary,489.64,98.09,0.05,1.86,480.29,1.91
2025-08,Union Bank of India,Beneficiary,475.3,99.34,0.57,0.09,472.16,0.66
2025-08,Canara Bank,Beneficiary,453.65,99.55,0.34,0.11,451.61,0.45
2025-08,Punjab National Bank,Beneficiary,446.99,99.54,0.21,0.25,444.93,0.46
2025-08,Kotak Mahindra Bank,Beneficiary,372.03,98.66,0.18,1.16,367.04,1.34
2025-08,Federal Bank Ltd.,Beneficiary,368.44,99.36,0.44,0.2,366.08,0.64
2025-08,India Post Payments Bank Limited,Beneficiary,295.38,97.82,0.94,1.24,288.94,2.18
2025-08,Indian Bank,Beneficiary,291.64,99.74,0.12,0.14,290.88,0.26
2025-08,Bank Of India,Beneficiary,259.4,95.2,4.07,0.73,246.95,4.8
2025-08,Indusind Bank Ltd.,Beneficiary,202.41,99.61,0.11,0.28,201.62,0.39
2025-08,Indian Overseas Bank,Beneficiary,152.37,98.98,0.68,0.34,150.82,1.02
2025-08,Unity Small Finance Bank Limited,Beneficiary,140.77,99.93,0.06,0,140.67,0.06
2025-08,Central Bank of India,Beneficiary,139.58,98.78,0.77,0.45,137.88,1.22
2025-08,UCO Bank,Beneficiary,120.45,99.29,0.37,0.34,119.59,0.71
2025-08,RBL Bank Ltd.,Beneficiary,96.09,99.64,0.31,0.05,95.74,0.36
2025-08,Fino Payments Bank Ltd.,Beneficiary,90.11,97.28,1.28,1.44,87.66,2.72
2025-08,IDBI Bank Ltd.,Beneficiary,85.28,99.24,0.42,0.34,84.63,0.76
2025-08,Bank of Maharashtra,Beneficiary,84.48,99.72,0.04,0.23,84.24,0.27
2025-08,Tri O Tech Solutions Private Limited,Beneficiary,61.83,98.81,0.01,1.19,61.09,1.2
2025-08,Karnataka Bank,Beneficiary,61.63,99.6,0.16,0.24,61.38,0.4
2025-08,NSDL Payments Bank Limited,Beneficiary,59.43,98.64,0.4,0.963,58.62,1.363
2025-08,Suryoday Small Finance Bank Limited,Beneficiary,55.98,95.93,3.64,0.43,53.7,4.07
2025-08,One Mobikwik Systems Limited,Beneficiary,55.53,99.85,0.15,0,55.45,0.15
2025-08,The Jammu & Kashmir Bank Limited,Beneficiary,53.04,99.13,0.47,0.4,52.58,0.87
2025-08,IDFC Bank Ltd.,Beneficiary,52.91,99.05,0.08,0.87,52.41,0.95
2025-08,Bandhan Bank limited,Beneficiary,52.76,99.43,0.13,0.44,52.46,0.57
2025-08,JIO Payments Bank Ltd,Beneficiary,52.59,97.18,1.83,0.99,51.11,2.82
2025-08,The South Indian Bank Limited,Beneficiary,47.86,99.84,0.05,0.12,47.78,0.17
2025-08,Karur Vysya Bank,Beneficiary,45.74,99.29,0.4,0.31,45.42,0.71
2025-08,Tamilnad Mercantile Bank Limited,Beneficiary,37.31,98.56,1.26,0.18,36.77,1.44
2025-08,AU Small Finance Bank,Beneficiary,35.14,97.79,1.73,0.48,34.36,2.21
2025-08,City Union Bank,Beneficiary,31.86,99.39,0.19,0.42,31.67,0.61
2025-08,Kerala Gramin Bank,Beneficiary,29.2,97.99,1.71,0.3,28.61,2.01
2025-08,Citi Bank,Beneficiary,26.55,99.76,0.04,0.2,26.49,0.24
2025-08,Ujjivan Small Finance Bank Limited,Beneficiary,26.46,98.48,1.31,0.21,26.06,1.52
2025-08,Punjab and Sind Bank,Beneficiary,26.13,98.25,0.86,0.89,25.67,1.75
2025-08,Baroda U.P. Bank,Beneficiary,25.04,94.27,5.5,0.23,23.61,5.73
2025-08,Telangana Grameena Bank,Beneficiary,18.32,98.04,1.58,0.37,17.96,1.95
2025-08,Karnataka Gramin Bank,Beneficiary,16.55,98.92,0.83,0.25,16.37,1.08
2025-08,ESAF Small Finance Bank Ltd,Beneficiary,15.98,99.4,0.1,0.5,15.88,0.6
2025-08,Maharashtra Gramin Bank,Beneficiary,15.93,96.71,3.11,0.18,15.41,3.29
2025-08,Rajasthan Marudhara Gramin Bank,Beneficiary,14.83,84.53,13.8,1.67,12.54,15.47
2025-08,Equitas Small Finance Bank,Beneficiary,14.82,97.67,0.35,1.98,14.47,2.33
2025-08,Andhra Pragathi Grameena Bank,Beneficiary,14.55,95.89,3.1,1.01,13.95,4.11
2024-12,Yes Bank Ltd.,Beneficiary,6652.85,99.99,0,0.01,6652.18,0.01
2024-12,Axis Bank Ltd.,Beneficiary,1702.85,99.84,0.01,0.15,1700.13,0.16
2024-12,State Bank of India,Beneficiary,1701.49,99.49,0.38,0.13,1692.81,0.51
2024-12,HDFC Bank Ltd.,Beneficiary,796.13,99.09,0.06,0.85,788.89,0.91
2024-12,ICICI Bank Ltd.,Beneficiary,627.57,99.6,0.05,0.35,625.06,0.4
2024-12,Bank of Baroda,Beneficiary,454.56,99.89,0.05,0.06,454.06,0.11
2024-12,Canara Bank,Beneficiary,449.07,99.17,0.51,0.32,445.34,0.83
2024-12,Union Bank of India,Beneficiary,427.07,99.85,0.05,0.1,426.43,0.15
2024-12,Federal Bank Ltd.,Beneficiary,409.53,99.82,0.03,0.15,408.79,0.18
2024-12,Punjab National Bank,Beneficiary,383.19,99.31,0.38,0.31,380.55,0.69
2024-12,Airtel Payments Bank Limited,Beneficiary,370.89,99.25,0.29,0.46,368.11,0.75
2024-12,Kotak Mahindra Bank,Beneficiary,325.18,98.82,0.01,1.17,321.34,1.18
2024-12,Indian Bank,Beneficiary,240.43,99.46,0.12,0.42,239.13,0.54
2024-12,Bank Of India,Beneficiary,233.85,99.14,0.07,0.79,231.84,0.86
2024-12,India Post Payment Bank,Beneficiary,201.4,96.06,3.01,0.92,193.46,3.93
2024-12,Indusind Bank Ltd.,Beneficiary,158.75,99.6,0.1,0.3,158.12,0.4
2024-12,Indian Overseas Bank,Beneficiary,131.63,99.12,0.29,0.59,130.47,0.88
2024-12,Central Bank of India,Beneficiary,112.58,99.39,0.13,0.48,111.89,0.61
2024-12,Fino Payments Bank Ltd.,Beneficiary,108.05,97.53,0.06,2.41,105.38,2.47
2024-12,Bank of Maharashtra,Beneficiary,100.67,99.33,0.37,0.31,100,0.68
2024-12,UCO Bank,Beneficiary,100.39,99.53,0.05,0.41,99.92,0.46
2024-12,IDBI Bank Ltd.,Beneficiary,80.48,99.56,0.18,0.26,80.13,0.44
2024-12,RBL Bank Ltd.,Beneficiary,64.54,99.61,0.13,0.27,64.29,0.4
2024-12,Karnataka Bank,Beneficiary,63.01,99.22,0.11,0.67,62.52,0.78
2024-12,One Mobikwik Systems Limited,Beneficiary,47.1,99.98,0.01,0.01,47.09,0.02
2024-12,Bandhan Bank limited,Beneficiary,45.22,97.37,2.41,0.21,44.03,2.62
2024-12,The Jammu & Kashmir Bank Limited,Beneficiary,44.08,98.29,1.25,0.46,43.33,1.71
2024-12,IDFC Bank Ltd.,Beneficiary,43.59,99.14,0.05,0.81,43.22,0.86
2024-12,The South Indian Bank Limited,Beneficiary,42.13,99.84,0.05,0.11,42.06,0.16
2024-12,Karur Vysya Bank,Beneficiary,40.67,99.26,0.36,0.38,40.37,0.74
2024-12,Tri O Tech Solutions Private Limited,Beneficiary,36.48,95.97,0,4.02,35.01,4.02
2024-12,AU Small Finance Bank,Beneficiary,35.71,99.01,0.26,0.74,35.36,1
2024-12,Tamilnad Mercantile Bank Limited,Beneficiary,32.23,99.7,0.22,0.08,32.13,0.3
2024-12,City Union Bank,Beneficiary,27.19,99.46,0.11,0.44,27.04,0.55
2024-12,Ujjivan Small Finance Bank,Beneficiary,24.91,99.33,0.45,0.22,24.74,0.67
2024-12,Jio Payments Bank,Beneficiary,24.55,99.12,0.25,0.63,24.33,0.88
2024-12,Punjab and Sind Bank,Beneficiary,23.93,97.65,0.21,2.14,23.37,2.35
2024-12,Kerala Gramin Bank,Beneficiary,23.08,95.51,3.54,0.95,22.04,4.49
2024-12,CITI Bank,Beneficiary,19.75,99.49,0.09,0.42,19.65,0.51
2024-12,Baroda U.P. Bank,Beneficiary,16.63,98.84,0.84,0.32,16.44,1.16
2024-12,Karnataka Gramin Bank,Beneficiary,15.17,96.52,2.74,0.74,14.64,3.48
2024-12,Equitas Bank,Beneficiary,14.75,96.5,0.42,3.07,14.23,3.49
2024-12,Andhra Pradesh Grameena Vikas Bank,Beneficiary,14.14,93.69,6.01,0.3,13.25,6.31
2024-12,ESAF Small Finance Bank Ltd.,Beneficiary,13.83,99.77,0.05,0.18,13.8,0.23
2024-12,Maharashtra Gramin Bank,Beneficiary,13,97.09,2.66,0.25,12.62,2.91
2024-12,Rajasthan Marudhara Gramin Bank,Beneficiary,12.41,99.01,0.68,0.31,12.29,0.99
2024-12,Andhra Pragathi Grameena Bank,Beneficiary,11.85,92.8,6.78,0.42,11,7.2
2024-12,NSDL Payments Bank Limited,Beneficiary,11.85,97.96,0.86,1.18,11.61,2.04
2024-12,Suryodaya Small Finance Bank Limited,Beneficiary,11.3,97.38,0.73,1.89,11,2.62
2024-12,DBS Bank India Limited,Beneficiary,11.28,98.75,0.09,1.16,11.14,1.25
2025-12,Yes Bank Ltd.,Beneficiary,8682.85,99.99,0,0.01,8681.98,0.01
2025-12,Axis Bank Ltd.,Beneficiary,2211.88,99.87,0.01,0.13,2209,0.14
2025-12,State Bank of India,Beneficiary,2182.07,99.6,0.22,0.18,2173.34,0.4
2025-12,HDFC Bank Ltd.,Beneficiary,1089.85,99.28,0.02,0.7,1082,0.72
2025-12,Bank of Baroda,Beneficiary,591.65,99.43,0.12,0.45,588.28,0.57
2025-12,ICICI Bank Ltd.,Beneficiary,557.96,99.73,0.04,0.23,556.45,0.27
2025-12,Union Bank of India,Beneficiary,527.83,99.24,0.59,0.17,523.82,0.76
2025-12,Canara Bank,Beneficiary,505.97,99,0.77,0.24,500.91,1.01
2025-12,Airtel Payments Bank Limited,Beneficiary,501.54,96.02,0.09,3.88,481.58,3.97
2025-12,Punjab National Bank,Beneficiary,496.1,99.22,0.43,0.35,492.23,0.78
2025-12,Kotak Mahindra Bank,Beneficiary,441.01,99.59,0.01,0.39,439.2,0.4
2025-12,Federal Bank Ltd.,Beneficiary,393.94,99.68,0.1,0.22,392.68,0.32
2025-12,India Post Payments Bank Limited,Beneficiary,354.62,95.49,1.56,2.95,338.63,4.51
2025-12,Indian Bank,Beneficiary,321.26,99.56,0.26,0.18,319.85,0.44
2025-12,Bank Of India,Beneficiary,293.41,98.66,0.26,1.08,289.48,1.34
2025-12,Indusind Bank Ltd.,Beneficiary,197.99,99.43,0.18,0.39,196.86,0.57
2025-12,Unity Small Finance Bank Limited,Beneficiary,195.3,99.88,0.08,0.04,195.07,0.12
2025-12,Indian Overseas Bank,Beneficiary,190.92,97.47,2,0.53,186.09,2.53
2025-12,Central Bank of India,Beneficiary,163.37,99.04,0.41,0.54,161.8,0.95
2025-12,UCO Bank,Beneficiary,133.91,99.3,0.27,0.43,132.97,0.7
2025-12,Fino Payments Bank Ltd.,Beneficiary,103.03,96.38,0.61,3.01,99.3,3.62
2025-12,NSDL Payments Bank Limited,Beneficiary,97.83,98.09,0.57,1.34,95.96,1.91
2025-12,Bank of Maharashtra,Beneficiary,91.51,98.87,0.3,0.83,90.48,1.13
2025-12,IDBI Bank Ltd.,Beneficiary,87.64,98.57,0.57,0.86,86.39,1.43
2025-12,JIO Payments Bank Ltd,Beneficiary,86.94,97.45,0.56,1.99,84.72,2.55
2025-12,Tri O Tech Solutions Private Limited,Beneficiary,72.34,98.08,0.04,1.88,70.95,1.92
2025-12,Karnataka Bank,Beneficiary,66.69,99.55,0.09,0.358,66.39,0.448
2025-12,The Jammu & Kashmir Bank Limited,Beneficiary,59.26,99.04,0.2,0.76,58.69,0.96
2025-12,BANDHAN BANK LIMITED,Beneficiary,59.05,99.58,0.1,0.32,58.8,0.42
2025-12,IDFC Bank Ltd.,Beneficiary,55.78,98.34,0.08,1.58,54.85,1.66
2025-12,RBL Bank Ltd.,Beneficiary,53.69,99.84,0.03,0.13,53.6,0.16
2025-12,One Mobikwik Systems Limited,Beneficiary,51.77,99.54,0.43,0.03,51.53,0.46
2025-12,The South Indian Bank Limited,Beneficiary,51.4,99.83,0.01,0.17,51.31,0.18
2025-12,Karur Vysya Bank,Beneficiary,48.88,99.65,0.08,0.27,48.71,0.35
2025-12,Tamilnad Mercantile Bank Limited,Beneficiary,41.08,98.15,0.74,1.11,40.32,1.85
2025-12,AU Small Finance Bank,Beneficiary,38.17,99.16,0.17,0.67,37.85,0.84
2025-12,Uttar Pradesh Gramin Bank,Beneficiary,36.45,96.84,2.88,0.28,35.3,3.16
2025-12,City Union Bank,Beneficiary,32.36,99.46,0.17,0.37,32.19,0.54
2025-12,Kerala Gramin Bank,Beneficiary,31.22,99.69,0.12,0.19,31.12,0.31
2025-12,Punjab and Sind Bank,Beneficiary,28.47,97.78,1.57,0.66,27.84,2.23
2025-12,Ujjivan Small Finance Bank Limited,Beneficiary,28.22,99.67,0.06,0.27,28.13,0.33
2025-12,Karnataka Gramin Bank,Beneficiary,26.11,98.86,0.15,1,25.81,1.15
2025-12,Rajasthan Gramin Bank,Beneficiary,23.29,96.72,1.26,2.02,22.53,3.28
2025-12,Slice Small Finance Bank,Beneficiary,23.2,92.32,0.16,7.52,21.42,7.68
2025-12,Telangana Grameena Bank,Beneficiary,21.31,97.09,0.16,2.75,20.69,2.91
2025-12,Citi Bank,Beneficiary,19.89,99.77,0.03,0.2,19.84,0.23
2025-12,Andhra Pradesh Grameena Bank,Beneficiary,19.48,99.06,0.55,0.39,19.3,0.94
2025-12,Suryoday Small Finance Bank Limited,Beneficiary,17.45,97.75,0.12,2.14,17.06,2.26
2025-12,ESAF Small Finance Bank Ltd,Beneficiary,17.02,99.37,0.25,0.38,16.91,0.63
2025-12,Maharashtra Gramin Bank,Beneficiary,16.31,98.94,0.97,0.09,16.14,1.06
2024-02,Paytm Payments Bank,Beneficiary,2543.04,99.9,0.02,0.08,2540.5,0.1
2024-02,Yes Bank Ltd,Beneficiary,2408.99,99.95,0.01,0.03,2407.79,0.04
2024-02,State Bank Of India,Beneficiary,1350.11,98.92,0.93,0.14,1335.53,1.07
2024-02,Axis Bank Ltd.,Beneficiary,1029.01,99.91,0.01,0.08,1028.08,0.09
2024-02,ICICI Bank,Beneficiary,620.78,99.21,0.12,0.67,615.88,0.79
2024-02,HDFC BANK LTD,Beneficiary,553.52,98.17,0.37,1.46,543.39,1.83
2024-02,Bank of Baroda,Beneficiary,336.67,99.14,0.54,0.32,333.77,0.86
2024-02,Union Bank of India,Beneficiary,322.91,98.9,0.97,0.13,319.36,1.1
2024-02,Federal Bank,Beneficiary,316.08,99.47,0.21,0.32,314.4,0.53
2024-02,Punjab National Bank,Beneficiary,278.27,99.57,0.11,0.33,277.07,0.44
2024-02,Canara Bank,Beneficiary,272.27,98.49,0.29,1.23,268.16,1.52
2024-02,Kotak Mahindra Bank,Beneficiary,242.32,98.58,1.01,0.4,238.88,1.41
2024-02,Airtel Payments Bank,Beneficiary,200.32,99.35,0.32,0.33,199.02,0.65
2024-02,Indian Bank,Beneficiary,197.87,98.92,0.2,0.88,195.73,1.08
2024-02,Bank of India,Beneficiary,180.38,99.11,0.66,0.23,178.77,0.89
2024-02,INDUSIND BANK,Beneficiary,134.71,99.25,0.44,0.31,133.7,0.75
2024-02,India Post Payment Bank,Beneficiary,119.59,97.46,2.16,0.38,116.55,2.54
2024-02,Central Bank Of India,Beneficiary,84.86,94.84,4.71,0.45,80.48,5.16
2024-02,Indian Overseas Bank,Beneficiary,78.84,98.46,1.07,0.47,77.63,1.54
2024-02,UCO Bank,Beneficiary,74.07,99.21,0.08,0.7,73.48,0.78
2024-02,IDBI Bank Limited,Beneficiary,60.85,93.78,5.67,0.54,57.07,6.21
2024-02,Bank of Maharashtra,Beneficiary,54.57,96.19,3.6,0.21,52.49,3.81
2024-02,RBL bank,Beneficiary,52.57,94.24,5.34,0.42,49.54,5.76
2024-02,Fino Payments Bank Limited,Beneficiary,48.84,98.31,0.38,1.31,48.01,1.69
2024-02,Karnataka Bank,Beneficiary,41.82,98.27,0.73,1,41.1,1.73
2024-02,IDFC FIRST Bank,Beneficiary,35.13,98.05,0.1,1.85,34.44,1.95
2024-02,Karur Vysya Bank,Beneficiary,31.92,98.6,0.23,1.16,31.47,1.39
2024-02,South Indian Bank,Beneficiary,29.77,97.88,0.02,2.1,29.14,2.12
2024-02,Bandhan Bank,Beneficiary,29.22,96.68,3.09,0.23,28.25,3.32
2024-02,AU small Finance Bank,Beneficiary,26.6,96.28,0.39,3.33,25.61,3.72
2024-02,Tamilnad Mercantile Bank,Beneficiary,21.42,99.35,0.48,0.17,21.28,0.65
2024-02,Jammu and Kashmir Bank,Beneficiary,20.34,99.07,0.48,0.45,20.15,0.93
2024-02,Ujjivan Small Finance Bank,Beneficiary,19.51,98.59,0.39,1.02,19.23,1.41
2024-02,City Union Bank,Beneficiary,19.3,97.55,0.32,2.13,18.83,2.45
2024-02,Tri O Tech Solutions Private Limited,Beneficiary,18.51,96.17,0.03,3.8,17.8,3.83
2024-02,ONE MOBIKWIK SYSTEMS LIMITED,Beneficiary,15.24,99.99,0.01,0,15.24,0.01
2024-02,Punjab and Sind Bank,Beneficiary,14.14,96.07,2.79,1.14,13.58,3.93
2024-02,Kerala Gramin Bank,Beneficiary,14.01,97.8,1.96,0.25,13.7,2.21
2024-02,Equitas Bank,Beneficiary,13.15,97.9,0.25,1.85,12.87,2.1
2024-02,Andhra Pradesh Grameena Vikas Bank,Beneficiary,12.36,98.38,0.4,1.23,12.16,1.63
2024-02,DBS Bank India Limited,Beneficiary,12.03,98.53,0.26,1.21,11.85,1.47
2024-02,Pragathi Krishna Gramin Bank,Beneficiary,11.61,97.3,2.09,0.61,11.3,2.7
2024-02,Jio Payments Bank,Beneficiary,11.33,99.39,0.36,0.26,11.26,0.62
2024-02,CITI Bank,Beneficiary,10.68,99.84,0.16,0,10.66,0.16
2024-02,Maharashtra Gramin Bank,Beneficiary,10.56,98.15,1.53,0.32,10.36,1.85
2024-02,Rajasthan Marudhara Gramin Bank,Beneficiary,10.31,98.04,1.55,0.4,10.11,1.95
2024-02,ESAF Small Finance Bank Ltd.,Beneficiary,10.16,97.11,2.78,0.11,9.87,2.89
2024-02,Baroda UP Gramin Bank,Beneficiary,9.18,92.84,6.34,0.82,8.52,7.16
2024-02,Fincare Small Finance Bank Ltd,Beneficiary,8.55,96.27,0.44,3.29,8.23,3.73
2024-02,Andhra Pragathi Grameena Bank,Beneficiary,8.07,98.57,0.98,0.45,7.95,1.43
2025-02,Yes Bank Ltd.,Beneficiary,6412.99,0.9999,0,0.0001,64.12,0.0001
2025-02,Axis Bank Ltd.,Beneficiary,1662.94,0.9984,0.0001,0.0015,16.6,0.0016
2025-02,State Bank of India,Beneficiary,1627.18,0.9968,0.0022,0.001,16.22,0.0032
2025-02,HDFC Bank Ltd.,Beneficiary,774.5,0.9924,0.0005,0.0072,7.69,0.0077
2025-02,ICICI Bank Ltd.,Beneficiary,561.55,0.9966,0.0007,0.0027,5.6,0.0034
2025-02,Bank of Baroda,Beneficiary,434.99,0.9991,0.0003,0.0006,4.35,0.0009
2025-02,Canara Bank,Beneficiary,423.99,0.9933,0.0033,0.0034,4.21,0.0067
2025-02,Union Bank of India,Beneficiary,405.83,0.9977,0.0013,0.0011,4.05,0.0024
2025-02,Federal Bank Ltd.,Beneficiary,374.29,0.9982,0.0003,0.0015,3.74,0.0018
2025-02,Punjab National Bank,Beneficiary,368.35,0.996,0.0004,0.0036,3.67,0.004
2025-02,Airtel Payments Bank Limited,Beneficiary,334.99,0.9847,0.0072,0.0082,3.3,0.0154
2025-02,Kotak Mahindra Bank,Beneficiary,313.8,0.9888,0.0008,0.0104,3.1,0.0112
2025-02,Indian Bank,Beneficiary,235.01,0.9968,0.0004,0.0028,2.34,0.0032
2025-02,Bank Of India,Beneficiary,225.76,0.984,0.0078,0.0083,2.22,0.0161
2025-02,India Post Payments Bank Ltd.,Beneficiary,210.46,0.9874,0.0044,0.0082,2.08,0.0126
2025-02,Indusind Bank Ltd.,Beneficiary,157.73,0.9928,0.0042,0.003,1.57,0.0072
2025-02,Indian Overseas Bank,Beneficiary,128.46,0.9941,0.0011,0.0048,1.28,0.0059
2025-02,Central Bank of India,Beneficiary,108.51,0.9921,0.0022,0.0057,1.08,0.0079
2025-02,Fino Payments Bank Ltd.,Beneficiary,98.36,0.9719,0.0013,0.0268,0.96,0.0281
2025-02,UCO Bank,Beneficiary,96.02,0.9913,0.0034,0.0053,0.95,0.0087
2025-02,IDBI Bank Ltd.,Beneficiary,81.03,0.9945,0.0029,0.0026,0.81,0.0055
2025-02,Bank of Maharashtra,Beneficiary,78.86,0.9938,0.004,0.0022,0.78,0.0062
2025-02,RBL Bank Ltd.,Beneficiary,73.78,0.9952,0.0038,0.0011,0.73,0.0049
2025-02,Karnataka Bank,Beneficiary,59.83,0.9887,0.0054,0.0058,0.59,0.0112
2025-02,One Mobikwik Systems Limited,Beneficiary,46.1,0.9995,0.0004,0,0.46,0.0004
2025-02,Bandhan Bank limited,Beneficiary,43.29,0.9841,0.0138,0.0021,0.43,0.0159
2025-02,IDFC Bank Ltd.,Beneficiary,42.15,0.9896,0.0003,0.0101,0.42,0.0104
2025-02,The Jammu & Kashmir Bank Limited,Beneficiary,41.94,0.9867,0.0088,0.0045,0.41,0.0133
2025-02,The South Indian Bank Limited,Beneficiary,39.59,0.992,0.0067,0.0013,0.39,0.008
2025-02,Karur Vysya Bank,Beneficiary,39.03,0.9937,0.0033,0.003,0.39,0.0063
2025-02,Tri O Tech Solutions Private Limited,Beneficiary,37.15,0.966,0,0.0339,0.36,0.0339
2025-02,NSDL Payments Bank Limited,Beneficiary,34.48,0.9669,0.0247,0.0084,0.33,0.0331
2025-02,Tamilnad Mercantile Bank Limited,Beneficiary,31.84,0.9952,0.004,0.0008,0.32,0.0048
2025-02,AU Small Finance Bank,Beneficiary,30.92,0.9915,0.0037,0.0048,0.31,0.0085
2025-02,City Union Bank,Beneficiary,27.02,0.9941,0.0015,0.0044,0.27,0.0059
2025-02,JIO Payments Bank Ltd,Beneficiary,24.04,0.9887,0.0039,0.0073,0.24,0.0112
2025-02,Ujjivan Small Finance Bank Limited,Beneficiary,23.56,0.996,0.0017,0.0023,0.23,0.004
2025-02,Punjab and Sind Bank,Beneficiary,23.29,0.974,0.006,0.02,0.23,0.026
2025-02,Kerala Gramin Bank,Beneficiary,21.85,0.9937,0.0043,0.002,0.22,0.0063
2025-02,Unity Small Finance Bank Limited,Beneficiary,20.19,0.9989,0.0008,0.0003,0.2,0.0011
2025-02,Citi Bank,Beneficiary,18.14,0.9946,0.0018,0.0036,0.18,0.0054
2025-02,Baroda U.P. Bank,Beneficiary,17.91,0.986,0.0116,0.0024,0.18,0.014
2025-02,Suryoday Small Finance Bank Limited,Beneficiary,17.22,0.9785,0.0113,0.0101,0.17,0.0214
2025-02,Telangana Grameena Bank,Beneficiary,14.25,0.9713,0.0196,0.009,0.14,0.0286
2025-02,Karnataka Gramin Bank,Beneficiary,14.19,0.9898,0.0087,0.0015,0.14,0.0102
2025-02,Equitas Small Finance Bank,Beneficiary,13.37,0.9713,0.0079,0.0208,0.13,0.0287
2025-02,ESAF Small Finance Bank Ltd,Beneficiary,13.3,0.9908,0.0074,0.0018,0.13,0.0092
2025-02,Maharashtra Gramin Bank,Beneficiary,13.25,0.9797,0.017,0.0033,0.13,0.0203
2025-02,Rajasthan Marudhara Gramin Bank,Beneficiary,12.35,0.9508,0.036,0.0132,0.12,0.0492
2025-02,Andhra Pragathi Grameena Bank,Beneficiary,11.26,0.9778,0.0185,0.0037,0.11,0.0222
2026-02,Yes Bank Ltd.,Beneficiary,8294.2,99.99,0.01,0.01,8293.37,0.02
2026-02,Axis Bank Ltd.,Beneficiary,2085.54,99.83,0.02,0.15,2081.99,0.17
2026-02,State Bank of India,Beneficiary,2036.74,99.75,0.06,0.2,2031.65,0.26
2026-02,HDFC Bank Ltd.,Beneficiary,1020.13,99.24,0.11,0.65,1012.38,0.76
2026-02,Bank of Baroda,Beneficiary,558.72,99.44,0.05,0.51,555.59,0.56
2026-02,Union Bank of India,Beneficiary,490.27,99.8,0.07,0.13,489.29,0.2
2026-02,Airtel Payments Bank Limited,Beneficiary,486.46,94.31,0.23,5.46,458.78,5.69
2026-02,Canara Bank,Beneficiary,477.56,99.57,0.21,0.22,475.51,0.43
2026-02,Punjab National Bank,Beneficiary,470.22,99.05,0.59,0.36,465.75,0.95
2026-02,ICICI Bank Ltd.,Beneficiary,454.62,99.67,0.08,0.25,453.12,0.33
2026-02,Kotak Mahindra Bank,Beneficiary,408.03,99.45,0.09,0.46,405.79,0.55
2026-02,Federal Bank Ltd.,Beneficiary,356.08,99.79,0,0.2,355.33,0.2
2026-02,INDIA POST PAYMENTS BANK LIMITED,Beneficiary,345.01,95.75,0.39,3.86,330.35,4.25
2026-02,Indian Bank,Beneficiary,303.8,99.81,0.02,0.17,303.22,0.19
2026-02,Bank Of India,Beneficiary,275.61,97.9,0.72,1.38,269.82,2.1
2026-02,Indusind Bank Ltd.,Beneficiary,186.34,99.37,0.29,0.34,185.17,0.63
2026-02,Unity Small Finance Bank Limited,Beneficiary,163.64,99.78,0.17,0.05,163.28,0.22
2026-02,Central Bank of India,Beneficiary,157.65,98.73,0.59,0.68,155.65,1.27
2026-02,Indian Overseas Bank,Beneficiary,154.43,99.5,0.22,0.28,153.66,0.5
2026-02,UCO Bank,Beneficiary,125,99.28,0.31,0.41,124.1,0.72
2026-02,NSDL Payments Bank Limited,Beneficiary,110.76,96.01,1.6,2.39,106.34,3.99
2026-02,JIO PAYMENTS BANK LTD,Beneficiary,100,98.05,0.23,1.72,98.05,1.95
2026-02,Fino Payments Bank Ltd.,Beneficiary,89.52,96.54,0.22,3.24,86.42,3.46
2026-02,Bank of Maharashtra,Beneficiary,85.55,97.87,0.13,2,83.73,2.13
2026-02,IDBI Bank Ltd.,Beneficiary,80.75,99.25,0.21,0.53,80.14,0.74
2026-02,Tri O Tech Solutions Private Limited,Beneficiary,67.88,97.86,0.01,2.13,66.43,2.14
2026-02,Karnataka Bank,Beneficiary,60.37,99.02,0.69,0.291,59.78,0.981
2026-02,BANDHAN BANK LIMITED,Beneficiary,55.97,99.38,0.35,0.27,55.62,0.62
2026-02,IDFC Bank Ltd.,Beneficiary,52.75,98,0.55,1.46,51.7,2.01
2026-02,The Jammu & Kashmir Bank Limited,Beneficiary,51.88,98.86,0.09,1.06,51.29,1.15
2026-02,ONE MOBIKWIK SYSTEMS LIMITED,Beneficiary,51.14,99.7,0.29,0.01,50.99,0.3
2026-02,The South Indian Bank Limited,Beneficiary,47.09,99.53,0.05,0.41,46.87,0.46
2026-02,RBL Bank Ltd.,Beneficiary,46.99,99.72,0.16,0.12,46.86,0.28
2026-02,Karur Vysya Bank,Beneficiary,44.68,99.65,0.12,0.23,44.52,0.35
2026-02,Baroda U.P. Bank,Beneficiary,38.59,94.54,5.22,0.25,36.48,5.47
2026-02,Tamilnad Mercantile Bank Limited,Beneficiary,37.98,98.23,0.67,1.1,37.31,1.77
2026-02,AU small Finance Bank,Beneficiary,36.08,99.05,0.16,0.79,35.74,0.95
2026-02,SURYODAY SMALL FINANCE BANK LIMITED,Beneficiary,30.99,97.74,0.06,2.2,30.29,2.26
2026-02,City Union Bank,Beneficiary,29.61,98.34,0.25,1.41,29.12,1.66
2026-02,KERALA GRAMIN BANK,Beneficiary,29.16,99.42,0.43,0.15,28.99,0.58
2026-02,Slice Small Finance Bank Limited,Beneficiary,27.83,91.53,0.12,8.35,25.47,8.47
2026-02,Punjab and Sind Bank,Beneficiary,26.85,98.89,0.35,0.76,26.55,1.11
2026-02,UJJIVAN SMALL FINANCE BANK LIMITED,Beneficiary,26.8,99.68,0.07,0.26,26.71,0.33
2026-02,Karnataka Gramin Bank,Beneficiary,25.1,98.04,1.49,0.47,24.61,1.96
2026-02,Rajasthan Marudhara Gramin Bank,Beneficiary,23.41,98.84,0.66,0.5,23.14,1.16
2026-02,CHAITANYA GODAVARI GRAMEENA BANK,Beneficiary,20.55,98.1,1.28,0.63,20.16,1.91
2026-02,TELANGANA GRAMEENA BANK,Beneficiary,20.23,99.11,0.63,0.25,20.05,0.88
2026-02,CITIBANK CORPORATE,Beneficiary,18.59,99.38,0.11,0.51,18.47,0.62
2026-02,Maharashtra Gramin Bank,Beneficiary,16.05,98.84,1.08,0.08,15.86,1.16
2026-02,ESAF SMALL FINANCE BANK LTD,Beneficiary,15.42,99.49,0.29,0.22,15.34,0.51
2024-01,Paytm Payments Bank,Beneficiary,2851.38,99.9,0.03,0.07,2848.53,0.1
2024-01,Yes Bank Ltd,Beneficiary,2105.87,99.92,0.04,0.04,2104.19,0.08
2024-01,State Bank Of India,Beneficiary,1306.23,99.64,0.18,0.18,1301.53,0.36
2024-01,Axis Bank Ltd.,Beneficiary,1008.43,99.76,0.06,0.18,1006.01,0.24
2024-01,ICICI Bank,Beneficiary,647.71,99.42,0.04,0.54,643.95,0.58
2024-01,HDFC BANK LTD,Beneficiary,549.54,98.2,0.04,1.76,539.65,1.8
2024-01,Bank of Baroda,Beneficiary,336.93,99.8,0.03,0.17,336.26,0.2
2024-01,Union Bank of India,Beneficiary,324.67,99,0.84,0.17,321.42,1.01
2024-01,Federal Bank,Beneficiary,301.12,99.53,0.13,0.34,299.7,0.47
2024-01,Punjab National Bank,Beneficiary,271.75,99.49,0.13,0.38,270.36,0.51
2024-01,Canara Bank,Beneficiary,268.36,98.43,0.28,1.3,264.15,1.58
2024-01,Kotak Mahindra Bank,Beneficiary,236.42,98.61,0.92,0.47,233.13,1.39
2024-01,Indian Bank,Beneficiary,192.09,98.96,0.27,0.77,190.09,1.04
2024-01,Airtel Payments Bank,Beneficiary,184.67,99.03,0.58,0.39,182.88,0.97
2024-01,Bank of India,Beneficiary,179.8,99.64,0.11,0.25,179.15,0.36
2024-01,INDUSIND BANK,Beneficiary,129,98.83,0.62,0.54,127.49,1.16
2024-01,India Post Payment Bank,Beneficiary,113.35,98.17,1.45,0.38,111.28,1.83
2024-01,Central Bank Of India,Beneficiary,85.35,96.53,2.97,0.5,82.39,3.47
2024-01,Indian Overseas Bank,Beneficiary,76.93,98.86,0.75,0.39,76.05,1.14
2024-01,UCO Bank,Beneficiary,73.44,96.13,3.24,0.63,70.6,3.87
2024-01,RBL,Beneficiary,62.06,92.29,7.35,0.36,57.28,7.71
2024-01,IDBI Bank Limited,Beneficiary,62.06,97.83,1.74,0.43,60.71,2.17
2024-01,Bank of Maharashtra,Beneficiary,53.88,98.92,0.84,0.24,53.3,1.08
2024-01,Fino Payments Bank Limited FIP,Beneficiary,45.27,97.49,0.62,1.88,44.13,2.5
2024-01,Karnataka Bank,Beneficiary,41.79,98.66,0.54,0.81,41.23,1.35
2024-01,IDFC First Bank,Beneficiary,38.32,97.78,0.18,2.04,37.47,2.22
2024-01,Karur Vysya Bank,Beneficiary,31.32,98.42,0.25,1.32,30.83,1.57
2024-01,South Indian Bank,Beneficiary,31.07,96.63,0.15,3.23,30.02,3.38
2024-01,Bandhan Bank,Beneficiary,28.56,94.91,4.85,0.24,27.11,5.09
2024-01,AU small Finance Bank,Beneficiary,26.21,96.53,0.23,3.24,25.3,3.47
2024-01,Tamilnad Mercantile Bank,Beneficiary,20.54,99.6,0.24,0.16,20.46,0.4
2024-01,Ujjivan Small Finance Bank,Beneficiary,19.4,98.06,1.09,0.85,19.02,1.94
2024-01,City Union Bank,Beneficiary,18.79,97.08,0.25,2.67,18.24,2.92
2024-01,Jammu and Kashmir Bank,Beneficiary,18.46,99.06,0.35,0.6,18.29,0.95
2024-01,Tri O Tech Solutions Private Limited,Beneficiary,17.98,95.28,0.6,4.12,17.13,4.72
2024-01,Kerala Gramin Bank,Beneficiary,14.38,89.31,10.46,0.24,12.84,10.7
2024-01,Punjab and Sind Bank,Beneficiary,13.75,98.14,0.62,1.24,13.49,1.86
2024-01,Pragathi Krishna Gramin Bank,Beneficiary,13.28,84.28,15.4,0.32,11.19,15.72
2024-01,Equitas Bank,Beneficiary,12.96,97.83,0.13,2.03,12.68,2.16
2024-01,Andhra Pradesh Grameena Vikas Bank,Beneficiary,12.56,97.08,1.66,1.26,12.19,2.92
2024-01,ONE MOBIKWIK SYSTEMS LIMITED,Beneficiary,11.31,99.99,0.01,0,11.31,0.01
2024-01,Maharashtra Gramin Bank,Beneficiary,10.74,96.11,3.62,0.28,10.32,3.9
2024-01,ESAF Small Finance Bank Ltd.,Beneficiary,10.37,95.16,4.71,0.13,9.87,4.84
2024-01,DBS Bank India Limited,Beneficiary,10.3,98.38,0.06,1.56,10.13,1.62
2024-01,Baroda UP Gramin Bank,Beneficiary,10.21,71.46,27.93,0.61,7.3,28.54
2024-01,CITI,Beneficiary,10.02,99.87,0.13,0,10.01,0.13
2024-01,Rajasthan Marudhara Gramin Bank,Beneficiary,9.82,99.41,0.29,0.3,9.76,0.59
2024-01,Jio Payments Bank,Beneficiary,9.12,99.33,0.36,0.31,9.06,0.67
2024-01,Fincare Small Finance Bank Ltd,Beneficiary,7.98,95.71,1.57,2.71,7.64,4.28
2024-01,Andhra Pragathi Grameena Bank,Beneficiary,7.85,98.04,1.49,0.47,7.7,1.96
2025-01,Yes Bank Ltd.,Beneficiary,6739.84,0.9999,0,0.0001,67.39,0.0001
2025-01,Axis Bank Ltd.,Beneficiary,1730.16,0.999,0,0.001,17.28,0.001
2025-01,State Bank of India,Beneficiary,1713.51,0.9956,0.0031,0.0013,17.06,0.0044
2025-01,HDFC Bank Ltd.,Beneficiary,807.76,0.992,0.0004,0.0075,8.01,0.0079
2025-01,ICICI Bank Ltd.,Beneficiary,624.34,0.9955,0.0008,0.0037,6.22,0.0045
2025-01,Bank of Baroda,Beneficiary,464.01,0.9979,0.0014,0.0006,4.63,0.002
2025-01,Canara Bank,Beneficiary,462.95,0.9939,0.002,0.0041,4.6,0.0061
2025-01,Union Bank of India,Beneficiary,428.05,0.9948,0.0042,0.001,4.26,0.0052
2025-01,Federal Bank Ltd.,Beneficiary,403.79,0.9981,0.0003,0.0015,4.03,0.0018
2025-01,Airtel Payments Bank Limited,Beneficiary,394.02,0.9861,0.0093,0.0047,3.89,0.014
2025-01,Punjab National Bank,Beneficiary,389.95,0.9954,0.0006,0.004,3.88,0.0046
2025-01,Kotak Mahindra Bank,Beneficiary,331.14,0.9883,0.0006,0.0111,3.27,0.0117
2025-01,Indian Bank,Beneficiary,244.02,0.997,0.0005,0.0025,2.43,0.003
2025-01,Bank Of India,Beneficiary,240.7,0.9888,0.0025,0.0087,2.38,0.0112
2025-01,India Post Payments Bank Ltd.,Beneficiary,212.25,0.9844,0.007,0.0086,2.09,0.0156
2025-01,Indusind Bank Ltd.,Beneficiary,163.47,0.9961,0.0008,0.003,1.63,0.0038
2025-01,Indian Overseas Bank,Beneficiary,137.06,0.993,0.0011,0.0058,1.36,0.0069
2025-01,Central Bank of India,Beneficiary,114.31,0.9869,0.0077,0.0054,1.13,0.0131
2025-01,Fino Payments Bank Ltd.,Beneficiary,111.51,0.9839,0.001,0.0151,1.1,0.0161
2025-01,UCO Bank,Beneficiary,101.81,0.9939,0.0013,0.0048,1.01,0.0061
2025-01,Bank of Maharashtra,Beneficiary,87.68,0.9966,0.0011,0.0023,0.87,0.0034
2025-01,IDBI Bank Ltd.,Beneficiary,82.81,0.9962,0.0012,0.0026,0.82,0.0038
2025-01,RBL Bank Ltd.,Beneficiary,76.23,0.9947,0.003,0.0023,0.76,0.0053
2025-01,Karnataka Bank,Beneficiary,64.93,0.992,0.0009,0.0071,0.64,0.008
2025-01,One Mobikwik Systems Limited,Beneficiary,47.73,0.9998,0.0001,0.0001,0.48,0.0002
2025-01,Bandhan Bank limited,Beneficiary,45.82,0.9763,0.0215,0.0022,0.45,0.0237
2025-01,IDFC Bank Ltd.,Beneficiary,44.02,0.9894,0.0003,0.0103,0.44,0.0106
2025-01,The Jammu & Kashmir Bank Limited,Beneficiary,43.36,0.9937,0.0007,0.0056,0.43,0.0063
2025-01,The South Indian Bank Limited,Beneficiary,42.61,0.9976,0.0014,0.001,0.43,0.0024
2025-01,Karur Vysya Bank,Beneficiary,40.43,0.9955,0.0022,0.0023,0.4,0.0045
2025-01,Tri O Tech Solutions Private Limited,Beneficiary,38.46,0.9619,0.0009,0.0372,0.37,0.0381
2025-01,AU Small Finance Bank,Beneficiary,33.08,0.9879,0.0076,0.0045,0.33,0.0121
2025-01,Tamilnad Mercantile Bank Limited,Beneficiary,32.69,0.9977,0.0015,0.0008,0.33,0.0023
2025-01,City Union Bank,Beneficiary,27.07,0.9939,0.0011,0.005,0.27,0.0061
2025-01,Ujjivan Small Finance Bank Limited,Beneficiary,25.12,0.9948,0.0024,0.0028,0.25,0.0052
2025-01,Punjab and Sind Bank,Beneficiary,24.91,0.9721,0.0025,0.0254,0.24,0.0279
2025-01,JIO Payments Bank Ltd,Beneficiary,24.79,0.9866,0.0035,0.0099,0.24,0.0134
2025-01,Kerala Gramin Bank,Beneficiary,22.91,0.9865,0.0064,0.007,0.23,0.0134
2025-01,NSDL Payments Bank Limited,Beneficiary,21.12,0.9236,0.0389,0.0375,0.2,0.0764
2025-01,Citi Bank,Beneficiary,20.11,0.9953,0.001,0.0037,0.2,0.0047
2025-01,Suryoday Small Finance Bank Limited,Beneficiary,18.64,0.9787,0.0102,0.0111,0.18,0.0213
2025-01,Baroda U.P. Bank,Beneficiary,17.85,0.976,0.0213,0.0028,0.17,0.0241
2025-01,Karnataka Gramin Bank,Beneficiary,15.31,0.9643,0.0315,0.0041,0.15,0.0356
2025-01,Equitas Small Finance Bank,Beneficiary,14.64,0.9636,0.0011,0.0353,0.14,0.0364
2025-01,ESAF Small Finance Bank Ltd,Beneficiary,14.11,0.9959,0.0022,0.002,0.14,0.0042
2025-01,Maharashtra Gramin Bank,Beneficiary,13.84,0.9868,0.0112,0.0019,0.14,0.0131
2025-01,Rajasthan Marudhara Gramin Bank,Beneficiary,13.16,0.9599,0.0331,0.0069,0.13,0.04
2025-01,Telangana Grameena Bank,Beneficiary,11.82,0.9555,0.0374,0.0071,0.11,0.0445
2025-01,Andhra Pragathi Grameena Bank,Beneficiary,11.77,0.927,0.0707,0.0022,0.11,0.0729
2025-01,Unity Small Finance Bank Limited,Beneficiary,11.67,0.9966,0.0023,0.0011,0.12,0.0034
2026-01,Yes Bank Ltd.,Beneficiary,8773.33,99.99,0,0.01,8772.45,0.01
2026-01,Axis Bank Ltd.,Beneficiary,2207.24,99.83,0.02,0.15,2203.49,0.17
2026-01,State Bank of India,Beneficiary,2169.71,99.41,0.4,0.19,2156.91,0.59
2026-01,HDFC Bank Ltd.,Beneficiary,1110.69,99.26,0.06,0.68,1102.47,0.74
2026-01,Bank of Baroda,Beneficiary,592.69,99.46,0.01,0.53,589.49,0.54
2026-01,ICICI Bank Ltd.,Beneficiary,556.23,99.27,0.51,0.23,552.17,0.74
2026-01,Airtel Payments Bank Limited,Beneficiary,522.28,93.77,0.08,6.15,489.74,6.23
2026-01,Union Bank of India,Beneficiary,517.54,99.62,0.24,0.14,515.57,0.38
2026-01,Canara Bank,Beneficiary,503.78,99.3,0.48,0.22,500.25,0.7
2026-01,Punjab National Bank,Beneficiary,497.29,99.27,0.38,0.35,493.66,0.73
2026-01,Kotak Mahindra Bank,Beneficiary,441.71,99.58,0,0.42,439.85,0.42
2026-01,Federal Bank Ltd.,Beneficiary,388.29,99.77,0.01,0.21,387.4,0.22
2026-01,INDIA POST PAYMENTS BANK LIMITED,Beneficiary,368.73,95.86,0.59,3.55,353.46,4.14
2026-01,Indian Bank,Beneficiary,317.41,99.61,0.21,0.18,316.17,0.39
2026-01,Bank Of India,Beneficiary,294.9,98.51,0.09,1.4,290.51,1.49
2026-01,Indusind Bank Ltd.,Beneficiary,189.2,99.32,0.32,0.36,187.91,0.68
2026-01,Unity Small Finance Bank Limited,Beneficiary,183.22,99.75,0.21,0.04,182.76,0.25
2026-01,Indian Overseas Bank,Beneficiary,167.02,99.34,0.14,0.52,165.92,0.66
2026-01,Central Bank of India,Beneficiary,165.55,99.33,0.14,0.53,164.44,0.67
2026-01,UCO Bank,Beneficiary,133.65,99.53,0.02,0.45,133.02,0.47
2026-01,NSDL Payments Bank Limited,Beneficiary,117.09,97.32,0.51,2.17,113.95,2.68
2026-01,JIO PAYMENTS BANK LTD,Beneficiary,105.42,98.17,0.17,1.67,103.49,1.84
2026-01,Fino Payments Bank Ltd.,Beneficiary,92.44,88.97,6.95,4.08,82.24,11.03
2026-01,Bank of Maharashtra,Beneficiary,91.56,99.62,0.03,0.35,91.21,0.38
2026-01,IDBI Bank Ltd.,Beneficiary,86.23,99.36,0.05,0.59,85.68,0.64
2026-01,Tri O Tech Solutions Private Limited,Beneficiary,74.02,97.78,0.06,2.15,72.38,2.21
2026-01,Karnataka Bank,Beneficiary,64.82,98.98,0.72,0.297,64.16,1.017
2026-01,BANDHAN BANK LIMITED,Beneficiary,59.6,99.51,0.2,0.28,59.31,0.48
2026-01,IDFC Bank Ltd.,Beneficiary,55.86,98.39,0.04,1.57,54.96,1.61
2026-01,The Jammu & Kashmir Bank Limited,Beneficiary,54.78,98.98,0.17,0.85,54.22,1.02
2026-01,ONE MOBIKWIK SYSTEMS LIMITED,Beneficiary,53.34,99.8,0.19,0.01,53.23,0.2
2026-01,The South Indian Bank Limited,Beneficiary,51.08,99.82,0.04,0.14,50.99,0.18
2026-01,RBL Bank Ltd.,Beneficiary,48.37,99.6,0.21,0.19,48.18,0.4
2026-01,Karur Vysya Bank,Beneficiary,46.66,99.58,0.18,0.24,46.46,0.42
2026-01,Tamilnad Mercantile Bank Limited,Beneficiary,39.7,98.75,0.1,1.15,39.2,1.25
2026-01,AU small Finance Bank,Beneficiary,38.33,98.77,0.45,0.78,37.86,1.23
2026-01,Baroda U.P. Bank,Beneficiary,38.03,97.89,1.85,0.26,37.23,2.11
2026-01,KERALA GRAMIN BANK,Beneficiary,31.57,99.54,0.32,0.15,31.42,0.47
2026-01,City Union Bank,Beneficiary,31.08,98.44,0.14,1.42,30.6,1.56
2026-01,UJJIVAN SMALL FINANCE BANK LIMITED,Beneficiary,28.31,99.66,0.08,0.26,28.21,0.34
2026-01,Punjab and Sind Bank,Beneficiary,27.98,98.57,0.67,0.76,27.58,1.43
2026-01,Karnataka Gramin Bank,Beneficiary,27.43,98.4,0.74,0.86,26.99,1.6
2026-01,Slice Small Finance Bank Ltd,Beneficiary,26.5,91.55,0.16,8.29,24.26,8.45
2026-01,Rajasthan Marudhara Gramin Bank,Beneficiary,24.36,97.51,0.36,2.13,23.75,2.49
2026-01,SURYODAY SMALL FINANCE BANK LIMITED,Beneficiary,21.76,97.37,0.13,2.5,21.19,2.63
2026-01,TELANGANA GRAMEENA BANK,Beneficiary,21.72,97.04,1.25,1.72,21.08,2.97
2026-01,CITIBANK CORPORATE,Beneficiary,21.45,99.47,0.07,0.45,21.34,0.52
2026-01,CHAITANYA GODAVARI GRAMEENA BANK,Beneficiary,21.34,98.88,0.62,0.5,21.1,1.12
2026-01,Maharashtra Gramin Bank,Beneficiary,17.24,98.51,1.41,0.07,16.98,1.48
2026-01,ESAF SMALL FINANCE BANK LTD,Beneficiary,16.81,99.27,0.49,0.25,16.69,0.74
2024-07,Yes Bank Ltd.,Beneficiary,5731.24,99.93,0.06,0.01,5727.23,0.07
2024-07,State Bank Of India,Beneficiary,1591.84,99.66,0.23,0.11,1586.43,0.34
2024-07,Axis bank Ltd.,Beneficiary,1364.34,99.91,0,0.09,1363.11,0.09
2024-07,HDFC Bank Ltd.,Beneficiary,690.05,98.78,0.23,0.98,681.63,1.21
2024-07,ICICI Bank Ltd.,Beneficiary,604.23,99.4,0.09,0.51,600.6,0.6
2024-07,Bank of Baroda,Beneficiary,455.61,99.44,0.47,0.09,453.06,0.56
2024-07,Federal Bank Ltd.,Beneficiary,396.82,99.66,0.09,0.25,395.47,0.34
2024-07,Union Bank Of India,Beneficiary,368.24,99.59,0.29,0.12,366.73,0.41
2024-07,Punjab national Bank,Beneficiary,334.33,99.53,0.18,0.3,332.76,0.48
2024-07,Canara Bank,Beneficiary,326.46,98.95,0.21,0.83,323.03,1.04
2024-07,Kotak Mahindra Bank Ltd,Beneficiary,284.52,99.33,0.36,0.31,282.61,0.67
2024-07,Airtel Payments Bank Ltd,Beneficiary,267.22,99.25,0.41,0.34,265.22,0.75
2024-07,Indian Bank,Beneficiary,247.02,99.12,0.13,0.74,244.85,0.87
2024-07,Bank Of India,Beneficiary,212.52,98.47,0.82,0.71,209.27,1.53
2024-07,India Post Payments Bank Ltd,Beneficiary,145.2,98.01,1.71,0.28,142.31,1.99
2024-07,Indusind Bank Ltd.,Beneficiary,131.62,99.35,0.22,0.43,130.76,0.65
2024-07,Indian Overseas Bank,Beneficiary,102.09,98.59,0.28,1.13,100.65,1.41
2024-07,Central Bank of India,Beneficiary,100.29,97.86,0.28,1.86,98.14,2.14
2024-07,UCO Bank,Beneficiary,90.28,98.56,0.71,0.73,88.98,1.44
2024-07,Fino Payments Bank Ltd.,Beneficiary,76.94,96.5,0.43,3.07,74.25,3.5
2024-07,IDBI Bank Ltd.,Beneficiary,69.43,99.22,0.43,0.35,68.89,0.78
2024-07,Bank of Maharashtra,Beneficiary,64.74,98.4,1.21,0.39,63.7,1.6
2024-07,RBL Bank Ltd.,Beneficiary,51.19,98.83,0.59,0.58,50.59,1.17
2024-07,Karnataka Bank Ltd,Beneficiary,50.14,98.72,0.41,0.86,49.5,1.27
2024-07,One Mobikwik Systems Pvt - Ltd,Beneficiary,40.24,99.9,0.07,0.03,40.2,0.1
2024-07,Karur Vysya Bank,Beneficiary,39.8,98.72,0.24,1.05,39.29,1.29
2024-07,IDFC First Bank Ltd,Beneficiary,38.86,98.58,0.14,1.28,38.31,1.42
2024-07,Bandhan Bank Ltd.,Beneficiary,37.36,98.39,1.25,0.36,36.76,1.61
2024-07,Jammu and Kashmir Bank,Beneficiary,36.14,96.47,3.25,0.28,34.86,3.53
2024-07,South Indian Bank,Beneficiary,35.99,98.76,0.27,0.96,35.54,1.23
2024-07,AU small Finance Bank,Beneficiary,27.37,99.1,0.08,0.82,27.12,0.9
2024-07,Tamilnad Mercantile Bank,Beneficiary,27.15,99.27,0.63,0.1,26.95,0.73
2024-07,Tri O Tech Solutions Private Ltd.,Beneficiary,25.53,96.21,0.03,3.75,24.56,3.78
2024-07,City Union Bank,Beneficiary,22.9,98.08,0.31,1.61,22.46,1.92
2024-07,Ujjivan Small Finance Bank,Beneficiary,22.88,98.57,0.74,0.7,22.55,1.44
2024-07,Punjab and Sind Bank,Beneficiary,18.6,99.2,0.55,0.25,18.45,0.8
2024-07,CITI Bank,Beneficiary,17.74,97.85,0.66,1.49,17.36,2.15
2024-07,KERALA GRAMIN BANK,Beneficiary,17.02,97.75,1.39,0.85,16.64,2.24
2024-07,Cosmos Bank,Beneficiary,15.36,98.92,0.92,0.16,15.19,1.08
2024-07,Equitas Small Finance Bank Ltd,Beneficiary,14.09,97.83,0.52,1.65,13.78,2.17
2024-07,Karnataka Gramin Bank (Erstwhile Pragathi Krishna Gramin Bank),Beneficiary,13.72,97.2,1.89,0.91,13.34,2.8
2024-07,Andhra Pradesh Grameena Vikas Bank,Beneficiary,13.16,95.15,4.14,0.7,12.52,4.84
2024-07,Maharashtra Gramin Bank,Beneficiary,12.26,85.13,14.68,0.18,10.44,14.86
2024-07,Baroda Uttar Pradesh Gramin Bank,Beneficiary,11.74,94.84,4.86,0.3,11.13,5.16
2024-07,JIO PAYMENTS BANK LTD,Beneficiary,11.6,98.37,0.8,0.83,11.41,1.63
2024-07,Rajasthan Marudhara Gramin Bank,Beneficiary,11.6,87.43,12.15,0.42,10.14,12.57
2024-07,ESAF Small Finance Bank Ltd.,Beneficiary,11.35,98.7,0.25,1.06,11.2,1.31
2024-07,DBS Bank India Ltd.,Beneficiary,10.79,98.42,0.24,1.33,10.62,1.57
2024-07,Andhra Pragathi Grameena Bank,Beneficiary,9.58,87.24,12.37,0.39,8.36,12.76
2024-07,Fincare Small Finance Bank Ltd,Beneficiary,9.16,95.02,0.65,4.32,8.7,4.97
2025-07,Yes Bank Ltd.,Beneficiary,7934.54,0.9999,0,0.0001,79.34,0.0001
2025-07,State Bank of India,Beneficiary,1965.84,0.9951,0.0039,0.001,19.56,0.0049
2025-07,Axis Bank Ltd.,Beneficiary,1946.32,0.9974,0.0002,0.0025,19.41,0.0027
2025-07,HDFC Bank Ltd.,Beneficiary,992.01,0.9948,0.0007,0.0045,9.87,0.0052
2025-07,ICICI Bank Ltd.,Beneficiary,610.63,0.9965,0.0006,0.0029,6.08,0.0035
2025-07,Bank of Baroda,Beneficiary,508.22,0.9943,0.0028,0.0029,5.05,0.0057
2025-07,Union Bank of India,Beneficiary,459.07,0.9976,0.0014,0.001,4.58,0.0024
2025-07,Airtel Payments Bank Limited,Beneficiary,457.82,0.988,0.0018,0.0102,4.52,0.012
2025-07,Canara Bank,Beneficiary,438.17,0.9958,0.003,0.0012,4.36,0.0042
2025-07,Punjab National Bank,Beneficiary,436.07,0.9912,0.0016,0.0071,4.32,0.0087
2025-07,Federal Bank Ltd.,Beneficiary,369.84,0.9975,0.0002,0.0022,3.69,0.0024
2025-07,Kotak Mahindra Bank,Beneficiary,361.38,0.9887,0.0006,0.0107,3.57,0.0113
2025-07,Indian Bank,Beneficiary,284.6,0.9933,0.0043,0.0024,2.83,0.0067
2025-07,India Post Payments Bank Limited,Beneficiary,282.13,0.9874,0.0013,0.0113,2.79,0.0126
2025-07,Bank Of India,Beneficiary,258.79,0.9707,0.0215,0.0079,2.51,0.0294
2025-07,Indusind Bank Ltd.,Beneficiary,179.93,0.9955,0.0011,0.0034,1.79,0.0045
2025-07,Indian Overseas Bank,Beneficiary,144.42,0.9824,0.0073,0.0103,1.42,0.0176
2025-07,Central Bank of India,Beneficiary,132.56,0.9884,0.0052,0.0064,1.31,0.0116
2025-07,UCO Bank,Beneficiary,115.41,0.9948,0.0018,0.0034,1.15,0.0052
2025-07,Unity Small Finance Bank Limited,Beneficiary,113.19,0.9997,0.0003,0,1.13,0.0003
2025-07,Fino Payments Bank Ltd.,Beneficiary,101.01,0.9825,0.0048,0.0127,0.99,0.0175
2025-07,RBL Bank Ltd.,Beneficiary,91.97,0.9973,0.0021,0.0007,0.92,0.0028
2025-07,IDBI Bank Ltd.,Beneficiary,87.99,0.995,0.0016,0.0034,0.88,0.005
2025-07,Bank of Maharashtra,Beneficiary,82.78,0.9958,0.0019,0.0023,0.82,0.0042
2025-07,Karnataka Bank,Beneficiary,62.4,0.9895,0.0079,0.0027,0.62,0.0106
2025-07,Tri O Tech Solutions Private Limited,Beneficiary,57.3,0.9857,0.0038,0.0105,0.56,0.0143
2025-07,The Jammu & Kashmir Bank Limited,Beneficiary,56.5,0.9755,0.0203,0.0042,0.55,0.0245
2025-07,NSDL Payments Bank Limited,Beneficiary,55.1,0.99,0.0025,0.0075,0.55,0.01
2025-07,One Mobikwik Systems Limited,Beneficiary,53.86,0.9992,0.0008,0,0.54,0.0008
2025-07,IDFC Bank Ltd.,Beneficiary,52.03,0.9901,0.0019,0.008,0.52,0.0099
2025-07,Bandhan Bank limited,Beneficiary,51.16,0.9854,0.0108,0.0038,0.5,0.0146
2025-07,Karur Vysya Bank,Beneficiary,45.38,0.9906,0.0068,0.0026,0.45,0.0094
2025-07,JIO Payments Bank Ltd,Beneficiary,45.16,0.9836,0.0066,0.0098,0.44,0.0164
2025-07,The South Indian Bank Limited,Beneficiary,44.96,0.9979,0.001,0.0012,0.45,0.0022
2025-07,Tamilnad Mercantile Bank Limited,Beneficiary,37.23,0.9819,0.0118,0.0063,0.37,0.0181
2025-07,Suryoday Small Finance Bank Limited,Beneficiary,34.9,0.987,0.0058,0.0072,0.34,0.013
2025-07,AU Small Finance Bank,Beneficiary,34.22,0.9893,0.0059,0.0047,0.34,0.0106
2025-07,City Union Bank,Beneficiary,31.46,0.9945,0.0016,0.0039,0.31,0.0055
2025-07,Kerala Gramin Bank,Beneficiary,28.55,0.9875,0.0085,0.004,0.28,0.0125
2025-07,Ujjivan Small Finance Bank Limited,Beneficiary,26.06,0.9889,0.0081,0.0029,0.26,0.011
2025-07,Punjab and Sind Bank,Beneficiary,25.51,0.9797,0.0091,0.0112,0.25,0.0203
2025-07,Baroda U.P. Bank,Beneficiary,22.44,0.986,0.0116,0.0024,0.22,0.014
2025-07,Citi Bank,Beneficiary,21.97,0.9975,0.0003,0.0021,0.22,0.0024
2025-07,Telangana Grameena Bank,Beneficiary,17.85,0.9909,0.0058,0.0033,0.18,0.0091
2025-07,Karnataka Gramin Bank,Beneficiary,16.21,0.9915,0.0049,0.0036,0.16,0.0085
2025-07,Maharashtra Gramin Bank,Beneficiary,15.56,0.9751,0.0223,0.0026,0.15,0.0249
2025-07,ESAF Small Finance Bank Ltd,Beneficiary,15.19,0.996,0.0008,0.0032,0.15,0.004
2025-07,Equitas Small Finance Bank,Beneficiary,14.56,0.9792,0.0007,0.0202,0.14,0.0209
2025-07,Andhra Pragathi Grameena Bank,Beneficiary,14.2,0.9632,0.0255,0.0112,0.14,0.0367
2025-07,Rajasthan Marudhara Gramin Bank,Beneficiary,14.07,0.9648,0.0204,0.0148,0.14,0.0352
2024-06,Yes Bank Ltd.,Beneficiary,5523.03,99.98,0,0.02,5521.93,0.02
2024-06,State Bank Of India,Beneficiary,1549.25,99.76,0.14,0.1,1545.53,0.24
2024-06,Axis Bank Ltd.,Beneficiary,1025.59,99.88,0,0.12,1024.36,0.12
2024-06,HDFC Bank Ltd.,Beneficiary,653.68,98.79,0.15,1.06,645.77,1.21
2024-06,ICICI Bank Ltd.,Beneficiary,624.6,99.5,0.02,0.48,621.48,0.5
2024-06,Bank of Baroda,Beneficiary,400.13,99.78,0.14,0.08,399.25,0.22
2024-06,Federal Bank,Beneficiary,383.4,99.75,0.03,0.23,382.44,0.26
2024-06,Union Bank of India,Beneficiary,351.85,99.72,0.17,0.11,350.86,0.28
2024-06,Punjab National Bank,Beneficiary,324.58,99.4,0.34,0.27,322.63,0.61
2024-06,Canara Bank,Beneficiary,301.47,98.7,0.36,0.94,297.55,1.3
2024-06,Kotak Mahindra Bank Ltd,Beneficiary,275.04,99.39,0.31,0.3,273.36,0.61
2024-06,Airtel Payments Bank Ltd,Beneficiary,251.18,98.94,0.72,0.34,248.52,1.06
2024-06,Indian Bank,Beneficiary,224.43,99.08,0.19,0.73,222.37,0.92
2024-06,Bank of India,Beneficiary,202.39,99.03,0.23,0.74,200.43,0.97
2024-06,India Post Payments Bank Ltd,Beneficiary,137.69,98.92,0.8,0.28,136.2,1.08
2024-06,IndusInd Bank Ltd.,Beneficiary,124.07,99.11,0.37,0.53,122.97,0.9
2024-06,Central Bank Of India,Beneficiary,93.75,97.52,1.02,1.46,91.42,2.48
2024-06,Indian Overseas Bank,Beneficiary,93.03,98.65,0.82,0.52,91.77,1.34
2024-06,UCO Bank,Beneficiary,87.05,99.14,0.2,0.66,86.3,0.86
2024-06,Fino Payments Bank Ltd.,Beneficiary,73.74,96.29,0.43,3.29,71,3.72
2024-06,IDBI Bank Ltd.,Beneficiary,66.26,99.24,0.4,0.36,65.76,0.76
2024-06,Bank of Maharashtra,Beneficiary,60.84,98.97,0.71,0.32,60.21,1.03
2024-06,Karnataka Bank Ltd,Beneficiary,47.71,98.5,0.37,1.13,46.99,1.5
2024-06,Karur Vysya Bank,Beneficiary,36.29,98.24,0.65,1.11,35.65,1.76
2024-06,RBL Bank Ltd.,Beneficiary,36.15,98.79,0.31,0.9,35.71,1.21
2024-06,IDFC First Bank Ltd,Beneficiary,35.42,98.75,0.04,1.21,34.98,1.25
2024-06,Bandhan Bank Ltd.,Beneficiary,35.19,98.64,0.99,0.37,34.71,1.36
2024-06,One Mobikwik Systems Pvt - Ltd,Beneficiary,35.03,99.93,0.04,0.02,35.01,0.06
2024-06,South Indian Bank,Beneficiary,34.18,98.89,0.03,1.08,33.8,1.11
2024-06,Jammu and Kashmir Bank,Beneficiary,33.89,99.05,0.58,0.37,33.57,0.95
2024-06,AU small Finance Bank,Beneficiary,26.37,99,0.01,0.99,26.11,1
2024-06,Tamilnad Mercantile Bank,Beneficiary,25.76,98.76,1.15,0.09,25.44,1.24
2024-06,Tri O Tech Solutions Private Ltd.,Beneficiary,25.21,96.49,0.09,3.43,24.33,3.52
2024-06,Ujjivan Small Finance Bank,Beneficiary,22.07,99.11,0.15,0.74,21.87,0.89
2024-06,City Union Bank,Beneficiary,21.49,97.81,0.15,2.04,21.02,2.19
2024-06,Punjab and Sind Bank,Beneficiary,16.82,98.79,0.22,0.99,16.62,1.21
2024-06,Kerala Gramin Bank,Beneficiary,15.64,98.75,0.36,0.89,15.44,1.25
2024-06,Cosmos Bank,Beneficiary,15.14,95.46,4.47,0.07,14.45,4.54
2024-06,Equitas Small Finance Bank Ltd,Beneficiary,13.81,97.75,0.91,1.34,13.5,2.25
2024-06,Andhra Pradesh Grameena Vikas Bank,Beneficiary,13.6,97.85,1.63,0.52,13.31,2.15
2024-06,Jio Payments Bank,Beneficiary,13.28,98.52,1.09,0.39,13.08,1.48
2024-06,Pragathi Krishna Gramin Bank,Beneficiary,12.98,98.17,0.83,0.99,12.74,1.82
2024-06,CITI bank,Beneficiary,11.72,99.93,0.07,0,11.71,0.07
2024-06,Baroda Uttar Pradesh Gramin Bank,Beneficiary,11.7,87.69,11.68,0.64,10.26,12.32
2024-06,Maharashtra Gramin Bank,Beneficiary,11.6,98.84,0.98,0.18,11.47,1.16
2024-06,Rajasthan Marudhara Gramin Bank,Beneficiary,11.14,98.79,0.76,0.46,11.01,1.22
2024-06,ESAF Small Finance Bank Ltd.,Beneficiary,10.88,98.5,0.08,1.42,10.72,1.5
2024-06,DBS Bank India Ltd.,Beneficiary,10.36,98.41,0.15,1.44,10.2,1.59
2024-06,Fincare Small Finance Bank Ltd,Beneficiary,9.22,95.48,0.35,4.17,8.8,4.52
2024-06,Andhra Pragathi Grameena Bank,Beneficiary,9.05,95.03,3.81,1.16,8.6,4.97
2025-06,Yes Bank Ltd.,Beneficiary,7527.12,0.9999,0,0.0001,75.26,0.0001
2025-06,Axis Bank Ltd.,Beneficiary,1842.48,0.9947,0.0043,0.001,18.33,0.0053
2025-06,State Bank of India,Beneficiary,1829.69,0.9971,0.002,0.0009,18.24,0.0029
2025-06,HDFC Bank Ltd.,Beneficiary,925.31,0.9936,0.0012,0.0052,9.19,0.0064
2025-06,ICICI Bank Ltd.,Beneficiary,587.6,0.9962,0.0003,0.0035,5.85,0.0038
2025-06,Bank of Baroda,Beneficiary,476.64,0.9952,0.0003,0.0045,4.74,0.0048
2025-06,Union Bank of India,Beneficiary,440.68,0.9985,0.0005,0.001,4.4,0.0015
2025-06,Airtel Payments Bank Limited,Beneficiary,437.39,0.9889,0.0021,0.009,4.33,0.0111
2025-06,Punjab National Bank,Beneficiary,419.47,0.9968,0.0003,0.0029,4.18,0.0032
2025-06,Canara Bank,Beneficiary,413.06,0.996,0.0028,0.0013,4.11,0.0041
2025-06,Federal Bank Ltd.,Beneficiary,369.76,0.9976,0.0003,0.0021,3.69,0.0024
2025-06,Kotak Mahindra Bank,Beneficiary,338.36,0.9886,0.0004,0.0111,3.35,0.0115
2025-06,Indian Bank,Beneficiary,269.49,0.9966,0.0014,0.002,2.69,0.0034
2025-06,India Post Payments Bank Limited,Beneficiary,259.53,0.9865,0.0027,0.0108,2.56,0.0135
2025-06,Bank Of India,Beneficiary,245.22,0.9779,0.0127,0.0095,2.4,0.0222
2025-06,Indusind Bank Ltd.,Beneficiary,164.6,0.9894,0.0071,0.0035,1.63,0.0106
2025-06,Indian Overseas Bank,Beneficiary,145.41,0.9921,0.0025,0.0054,1.44,0.0079
2025-06,Central Bank of India,Beneficiary,122.5,0.9911,0.0019,0.0069,1.21,0.0088
2025-06,UCO Bank,Beneficiary,108.71,0.9899,0.0063,0.0038,1.08,0.0101
2025-06,Fino Payments Bank Ltd.,Beneficiary,95,0.9797,0.006,0.0143,0.93,0.0203
2025-06,IDBI Bank Ltd.,Beneficiary,92.12,0.9952,0.0022,0.0026,0.92,0.0048
2025-06,Unity Small Finance Bank Limited,Beneficiary,90.73,0.9999,0,0,0.91,0
2025-06,Bank of Maharashtra,Beneficiary,79.48,0.9972,0.0005,0.0024,0.79,0.0029
2025-06,RBL Bank Ltd.,Beneficiary,76.22,0.9983,0.0011,0.0006,0.76,0.0017
2025-06,Karnataka Bank,Beneficiary,70.21,0.9931,0.0034,0.0035,0.7,0.0069
2025-06,The Jammu & Kashmir Bank Limited,Beneficiary,57.68,0.9916,0.0019,0.0065,0.57,0.0084
2025-06,Tri O Tech Solutions Private Limited,Beneficiary,52.11,0.9851,0.0058,0.0091,0.51,0.0149
2025-06,One Mobikwik Systems Limited,Beneficiary,50.43,0.9982,0.0018,0,0.5,0.0018
2025-06,NSDL Payments Bank Limited,Beneficiary,49.27,0.9904,0.0013,0.0083,0.49,0.0096
2025-06,Bandhan Bank limited,Beneficiary,48.61,0.9909,0.0053,0.0038,0.48,0.0091
2025-06,IDFC Bank Ltd.,Beneficiary,46.99,0.9897,0.0016,0.0087,0.47,0.0103
2025-06,Karur Vysya Bank,Beneficiary,43.07,0.9969,0.0009,0.0022,0.43,0.0031
2025-06,The South Indian Bank Limited,Beneficiary,42.13,0.9979,0.0009,0.0012,0.42,0.0021
2025-06,Tamilnad Mercantile Bank Limited,Beneficiary,35.79,0.9945,0.0014,0.0041,0.36,0.0055
2025-06,JIO Payments Bank Ltd,Beneficiary,35.29,0.987,0.0048,0.0082,0.35,0.013
2025-06,AU Small Finance Bank,Beneficiary,32.26,0.9941,0.0002,0.0057,0.32,0.0059
2025-06,City Union Bank,Beneficiary,29.81,0.9935,0.0027,0.0037,0.3,0.0064
2025-06,Kerala Gramin Bank,Beneficiary,25.46,0.9892,0.0078,0.003,0.25,0.0108
2025-06,Ujjivan Small Finance Bank Limited,Beneficiary,25.02,0.9954,0.0024,0.0022,0.25,0.0046
2025-06,Punjab and Sind Bank,Beneficiary,24.81,0.9711,0.0098,0.0191,0.24,0.0289
2025-06,Suryoday Small Finance Bank Limited,Beneficiary,23.83,0.9881,0.0016,0.0103,0.24,0.0119
2025-06,Baroda U.P. Bank,Beneficiary,21.16,0.99,0.0077,0.0023,0.21,0.01
2025-06,Citi Bank,Beneficiary,20.77,0.9963,0.0002,0.0035,0.21,0.0037
2025-06,Telangana Grameena Bank,Beneficiary,17.75,0.9904,0.0046,0.005,0.18,0.0096
2025-06,Karnataka Gramin Bank,Beneficiary,15.53,0.978,0.0166,0.0054,0.15,0.022
2025-06,Maharashtra Gramin Bank,Beneficiary,14.58,0.9704,0.0284,0.0012,0.14,0.0296
2025-06,ESAF Small Finance Bank Ltd,Beneficiary,14.24,0.9963,0.001,0.0027,0.14,0.0037
2025-06,Andhra Pragathi Grameena Bank,Beneficiary,13.91,0.9243,0.0646,0.0111,0.13,0.0757
2025-06,Equitas Small Finance Bank,Beneficiary,13.46,0.98,0.0012,0.0187,0.13,0.0199
2025-06,Rajasthan Marudhara Gramin Bank,Beneficiary,13.03,0.9816,0.0031,0.0153,0.13,0.0184
2026-06,Yes Bank Ltd.,Beneficiary,9375.26,99.99,0,0,9374.32,0
2026-06,Axis Bank Ltd.,Beneficiary,2384.43,99.88,0,0.12,2381.57,0.12
2026-06,State Bank of India,Beneficiary,2245.46,99.59,0.22,0.19,2236.25,0.41
2026-06,HDFC Bank Ltd.,Beneficiary,1081.79,99.76,0.01,0.23,1079.19,0.24
2026-06,Bank of Baroda,Beneficiary,615.44,99,0.52,0.48,609.29,1
2026-06,Punjab National Bank,Beneficiary,561.06,98.37,1.25,0.38,551.91,1.63
2026-06,Union Bank of India,Beneficiary,543.66,99.73,0.13,0.14,542.19,0.27
2026-06,Canara Bank,Beneficiary,516.05,99.73,0.06,0.2,514.66,0.26
2026-06,Airtel Payments Bank Limited,Beneficiary,502.3,94.53,0.07,5.4,474.82,5.47
2026-06,Kotak Mahindra Bank,Beneficiary,459.42,99.29,0.01,0.7,456.16,0.71
2026-06,ICICI Bank Ltd.,Beneficiary,441.77,99.57,0.03,0.4,439.87,0.43
2026-06,India Post Payments Bank Limited,Beneficiary,377.75,99.1,0.11,0.78,374.35,0.89
2026-06,Federal Bank Ltd.,Beneficiary,362.31,99.81,0.01,0.18,361.62,0.19
2026-06,Indian Bank,Beneficiary,310.22,99.38,0.22,0.4,308.3,0.62
2026-06,Bank Of India,Beneficiary,300.17,98.77,0.27,0.96,296.48,1.23
2026-06,Unity Small Finance Bank Limited,Beneficiary,232.38,99.97,0.02,0.01,232.31,0.03
2026-06,Indusind Bank Ltd.,Beneficiary,192.31,99.43,0.03,0.54,191.21,0.57
2026-06,Central Bank of India,Beneficiary,180.79,98.57,0.77,0.65,178.2,1.42
2026-06,Indian Overseas Bank,Beneficiary,178.92,98.77,0.81,0.42,176.72,1.23
2026-06,UCO Bank,Beneficiary,138.33,99.61,0.08,0.31,137.79,0.39
2026-06,NSDL Payments Bank Limited,Beneficiary,121.91,96.97,0.5,2.53,118.22,3.03
2026-06,Bank of Maharashtra,Beneficiary,89.35,98.54,0.31,1.15,88.05,1.46
2026-06,IDBI Bank Ltd.,Beneficiary,85.81,99.28,0.18,0.54,85.19,0.72
2026-06,Tri O Tech Solutions Private Limited,Beneficiary,85.17,99.3,0.01,0.69,84.57,0.7
2026-06,Fino Payments Bank Ltd.,Beneficiary,81.62,94.9,0.56,4.54,77.46,5.1
2026-06,JIO PAYMENTS BANK LTD,Beneficiary,79.95,97.71,0.14,2.15,78.12,2.29
2026-06,The Jammu & Kashmir Bank Limited,Beneficiary,67.57,99.13,0.04,0.83,66.98,0.87
2026-06,Karnataka Bank,Beneficiary,64.88,99.62,0.1,0.28,64.63,0.38
2026-06,One Mobikwik Systems Limited,Beneficiary,61.79,99.79,0.2,0.01,61.66,0.21
2026-06,BANDHAN BANK LIMITED,Beneficiary,58.67,99.59,0.19,0.22,58.43,0.41
2026-06,Karur Vysya Bank,Beneficiary,58.23,99.64,0.21,0.15,58.02,0.36
2026-06,RBL Bank Ltd.,Beneficiary,56.62,99.8,0.11,0.09,56.51,0.2
2026-06,IDFC Bank Ltd.,Beneficiary,55.83,98.74,0.06,1.2,55.13,1.26
2026-06,The South Indian Bank Limited,Beneficiary,51.37,99.81,0.03,0.16,51.27,0.19
2026-06,Baroda U.P. Bank,Beneficiary,48.71,96.92,2.74,0.34,47.21,3.08
2026-06,Slice Small Finance Bank,Beneficiary,41.67,92.51,3.7,3.79,38.55,7.49
2026-06,Tamilnad Mercantile Bank Limited,Beneficiary,41.63,98.04,1.18,0.79,40.81,1.97
2026-06,AU small Finance Bank,Beneficiary,39.82,99.3,0.16,0.54,39.54,0.7
2026-06,KERALA GRAMIN BANK,Beneficiary,33.43,99.18,0.65,0.17,33.16,0.82
2026-06,City Union Bank,Beneficiary,31.27,99.33,0.27,0.39,31.06,0.66
2026-06,Punjab and Sind Bank,Beneficiary,29.82,96.58,2.92,0.5,28.8,3.42
2026-06,UJJIVAN SMALL FINANCE BANK LIMITED,Beneficiary,29.34,99.6,0.15,0.24,29.22,0.39
2026-06,Karnataka Gramin Bank,Beneficiary,27.78,98.62,1,0.38,27.4,1.38
2026-06,Rajasthan Marudhara Gramin Bank,Beneficiary,27.76,99.01,0.4,0.59,27.49,0.99
2026-06,CHAITANYA GODAVARI GRAMEENA BANK,Beneficiary,24.25,99.36,0.09,0.55,24.09,0.64
2026-06,TELANGANA GRAMEENA BANK,Beneficiary,23.07,97.7,2.05,0.25,22.54,2.3
2026-06,CITIBANK CORPORATE,Beneficiary,21.5,99.06,0.34,0.6,21.3,0.94
2026-06,Maharashtra Gramin Bank,Beneficiary,18.4,98.08,1.75,0.18,18.05,1.93
2026-06,ESAF SMALL FINANCE BANK LTD,Beneficiary,17.1,98.28,1.57,0.15,16.81,1.72
2026-06,JANA SMALL FINANCE BANK LTD,Beneficiary,16.97,99.36,0.39,0.26,16.86,0.65
2024-03,Yes Bank Ltd,Beneficiary,2638.46,99.93,0.04,0.04,2636.61,0.08
2024-03,Paytm Payments Bank,Beneficiary,2490.22,99.83,0.02,0.16,2485.99,0.18
2024-03,State Bank Of India,Beneficiary,1524.71,99.59,0.28,0.13,1518.46,0.41
2024-03,Axis Bank Ltd.,Beneficiary,1230.7,99.89,0,0.11,1229.35,0.11
2024-03,ICICI Bank,Beneficiary,647.55,99.55,0.05,0.4,644.64,0.45
2024-03,HDFC BANK LTD,Beneficiary,643.37,98.79,0.02,1.19,635.59,1.21
2024-03,Bank of Baroda,Beneficiary,372.75,99.56,0.13,0.31,371.11,0.44
2024-03,Federal Bank,Beneficiary,370.03,99.62,0.11,0.28,368.62,0.39
2024-03,Union Bank of India,Beneficiary,357.49,99.01,0.86,0.13,353.95,0.99
2024-03,Punjab National Bank,Beneficiary,312.24,99.55,0.11,0.34,310.83,0.45
2024-03,Canara Bank,Beneficiary,303.29,98.06,0.35,1.6,297.41,1.95
2024-03,Kotak Mahindra Bank,Beneficiary,283.32,99.56,0.06,0.38,282.07,0.44
2024-03,Airtel Payments Bank,Beneficiary,231.8,99.54,0.19,0.28,230.73,0.47
2024-03,Indian Bank,Beneficiary,225.26,98.93,0.12,0.95,222.85,1.07
2024-03,Bank of India,Beneficiary,197.83,99.54,0.26,0.2,196.92,0.46
2024-03,INDUSIND BANK,Beneficiary,131.65,99.2,0.36,0.45,130.6,0.81
2024-03,India Post Payment Bank,Beneficiary,131.52,95.21,4.38,0.41,125.22,4.79
2024-03,Central Bank Of India,Beneficiary,93.29,98.14,1.46,0.4,91.55,1.86
2024-03,Indian Overseas Bank,Beneficiary,87.87,97.75,1.78,0.47,85.89,2.25
2024-03,UCO Bank,Beneficiary,84,98.67,0.48,0.85,82.88,1.33
2024-03,IDBI Bank Limited,Beneficiary,65.49,98.13,1.13,0.74,64.27,1.87
2024-03,Fino Payments Bank Limited,Beneficiary,63.82,96,1.17,2.83,61.27,4
2024-03,Bank of Maharashtra,Beneficiary,61.24,95.97,3.84,0.19,58.77,4.03
2024-03,RBL Bank Limited,Beneficiary,49.38,94.08,2.96,2.96,46.46,5.92
2024-03,Karnataka Bank,Beneficiary,46.73,97.72,0.82,1.46,45.66,2.28
2024-03,IDFC FIRST Bank,Beneficiary,36.02,98.06,0.23,1.71,35.32,1.94
2024-03,Karur Vysya Bank,Beneficiary,35.22,97.58,1.21,1.21,34.37,2.42
2024-03,Bandhan Bank,Beneficiary,32.36,98.6,1.14,0.26,31.91,1.4
2024-03,South Indian Bank,Beneficiary,32.16,98.07,0.06,1.87,31.54,1.93
2024-03,AU small Finance Bank,Beneficiary,30.19,96.15,0.89,2.96,29.03,3.85
2024-03,Jammu and Kashmir Bank,Beneficiary,25.44,98.96,0.26,0.78,25.18,1.04
2024-03,Tamilnad Mercantile Bank,Beneficiary,24.37,98.31,1.59,0.1,23.96,1.69
2024-03,Tri O Tech Solutions Private Limited,Beneficiary,22.15,95.35,0.06,4.6,21.12,4.66
2024-03,Ujjivan Small Finance Bank,Beneficiary,21.74,98.73,0.16,1.12,21.46,1.28
2024-03,City Union Bank,Beneficiary,21.21,97.61,0.28,2.12,20.7,2.4
2024-03,Punjab and Sind Bank,Beneficiary,16.2,95.93,2.81,1.26,15.54,4.07
2024-03,Kerala Gramin Bank,Beneficiary,15.07,99.27,0.45,0.28,14.96,0.73
2024-03,Equitas Bank,Beneficiary,14.44,97.44,0.28,2.28,14.07,2.56
2024-03,Andhra Pradesh Grameena Vikas Bank,Beneficiary,13.56,97.46,1.89,0.65,13.22,2.54
2024-03,Pragathi Krishna Gramin Bank,Beneficiary,12.98,98.57,1.04,0.39,12.79,1.43
2024-03,DBS Bank India Limited,Beneficiary,12.36,97.79,0.46,1.75,12.09,2.21
2024-03,Maharashtra Gramin Bank,Beneficiary,11.89,99.11,0.54,0.35,11.78,0.89
2024-03,Rajasthan Marudhara Gramin Bank,Beneficiary,11.79,96.75,2.77,0.47,11.41,3.24
2024-03,Citibank,Beneficiary,11.77,99.86,0.14,0,11.75,0.14
2024-03,Jio Payments Bank,Beneficiary,11.55,98.96,0.45,0.59,11.43,1.04
2024-03,Baroda UP Gramin Bank,Beneficiary,11.16,88.76,10.54,0.7,9.91,11.24
2024-03,ESAF Small Finance Bank Ltd.,Beneficiary,10.73,99.17,0.72,0.11,10.64,0.83
2024-03,Andhra Pragathi Grameena Bank,Beneficiary,9.12,97.42,1.9,0.68,8.88,2.58
2024-03,Sarva Haryana Gramin Bank,Beneficiary,7.84,99.22,0.34,0.43,7.78,0.77
2024-03,Saraswat Bank,Beneficiary,7.84,97.1,0.27,2.64,7.61,2.91
2025-03,Yes Bank Ltd.,Beneficiary,7307.36,0.9998,0.0001,0.0001,73.06,0.0002
2025-03,Axis Bank Ltd.,Beneficiary,1899.35,0.997,0.0014,0.0017,18.94,0.0031
2025-03,State Bank of India,Beneficiary,1859.07,0.9914,0.0075,0.001,18.43,0.0085
2025-03,HDFC Bank Ltd.,Beneficiary,876.97,0.9925,0.0005,0.007,8.7,0.0075
2025-03,ICICI Bank Ltd.,Beneficiary,611.58,0.9967,0.0009,0.0024,6.1,0.0033
2025-03,Bank of Baroda,Beneficiary,492.7,0.9988,0.0005,0.0007,4.92,0.0012
2025-03,Union Bank of India,Beneficiary,458.94,0.9986,0.0004,0.001,4.58,0.0014
2025-03,Canara Bank,Beneficiary,440.1,0.9968,0.0012,0.002,4.39,0.0032
2025-03,Airtel Payments Bank Limited,Beneficiary,419.54,0.9888,0.0021,0.0091,4.15,0.0112
2025-03,Punjab National Bank,Beneficiary,419.12,0.9943,0.0027,0.0029,4.17,0.0056
2025-03,Federal Bank Ltd.,Beneficiary,407.79,0.9975,0.0008,0.0017,4.07,0.0025
2025-03,Kotak Mahindra Bank,Beneficiary,354.55,0.9889,0.0002,0.0109,3.51,0.0111
2025-03,Indian Bank,Beneficiary,272.99,0.9947,0.002,0.0033,2.72,0.0053
2025-03,Bank Of India,Beneficiary,256.53,0.9853,0.0046,0.0102,2.53,0.0148
2025-03,India Post Payments Bank Limited,Beneficiary,248.71,0.9859,0.0035,0.0106,2.45,0.0141
2025-03,Indusind Bank Ltd.,Beneficiary,176,0.996,0.0011,0.003,1.75,0.0041
2025-03,Indian Overseas Bank,Beneficiary,144.84,0.9928,0.0025,0.0048,1.44,0.0073
2025-03,Central Bank of India,Beneficiary,123.4,0.993,0.0015,0.0055,1.23,0.007
2025-03,Fino Payments Bank Ltd.,Beneficiary,109.36,0.9601,0.0018,0.0381,1.05,0.0399
2025-03,UCO Bank,Beneficiary,109.28,0.9934,0.0012,0.0054,1.09,0.0066
2025-03,IDBI Bank Ltd.,Beneficiary,98.38,0.997,0.0004,0.0025,0.98,0.0029
2025-03,Bank of Maharashtra,Beneficiary,93.68,0.9947,0.0025,0.0028,0.93,0.0053
2025-03,RBL Bank Ltd.,Beneficiary,85.36,0.9933,0.0058,0.0009,0.85,0.0067
2025-03,Karnataka Bank,Beneficiary,69.07,0.9914,0.0056,0.003,0.68,0.0086
2025-03,One Mobikwik Systems Limited,Beneficiary,51.92,0.9995,0.0004,0,0.52,0.0004
2025-03,The Jammu & Kashmir Bank Limited,Beneficiary,51.57,0.9901,0.0055,0.0043,0.51,0.0098
2025-03,Bandhan Bank limited,Beneficiary,48.45,0.9722,0.0245,0.0033,0.47,0.0278
2025-03,IDFC Bank Ltd.,Beneficiary,45.9,0.9891,0.0005,0.0105,0.45,0.011
2025-03,Karur Vysya Bank,Beneficiary,44.17,0.9946,0.0026,0.0028,0.44,0.0054
2025-03,Tri O Tech Solutions Private Limited,Beneficiary,43.48,0.9767,0.0002,0.0231,0.42,0.0233
2025-03,The South Indian Bank Limited,Beneficiary,43.07,0.9978,0.0009,0.0013,0.43,0.0022
2025-03,Unity Small Finance Bank Limited,Beneficiary,41.03,0.9996,0.0003,0.0001,0.41,0.0004
2025-03,Tamilnad Mercantile Bank Limited,Beneficiary,37.74,0.9934,0.0054,0.0012,0.37,0.0066
2025-03,AU Small Finance Bank,Beneficiary,34.42,0.9944,0.0004,0.0052,0.34,0.0056
2025-03,NSDL Payments Bank Limited,Beneficiary,32.6,0.9645,0.0272,0.0083,0.31,0.0355
2025-03,City Union Bank,Beneficiary,30.84,0.9927,0.0016,0.0057,0.31,0.0073
2025-03,JIO Payments Bank Ltd,Beneficiary,27.71,0.9542,0.0375,0.0082,0.26,0.0457
2025-03,Punjab and Sind Bank,Beneficiary,26.55,0.9687,0.0066,0.0247,0.26,0.0313
2025-03,Ujjivan Small Finance Bank Limited,Beneficiary,26.53,0.9932,0.0045,0.0023,0.26,0.0068
2025-03,Kerala Gramin Bank,Beneficiary,24.7,0.9887,0.0097,0.0016,0.24,0.0113
2025-03,Citi Bank,Beneficiary,22.11,0.9963,0.0006,0.0031,0.22,0.0037
2025-03,Suryoday Small Finance Bank Limited,Beneficiary,21.22,0.979,0.0095,0.0114,0.21,0.0209
2025-03,Baroda U.P. Bank,Beneficiary,20.99,0.9737,0.0238,0.0025,0.2,0.0263
2025-03,Telangana Grameena Bank,Beneficiary,16.74,0.9758,0.0178,0.0064,0.16,0.0242
2025-03,Karnataka Gramin Bank,Beneficiary,16.25,0.9926,0.0058,0.0016,0.16,0.0074
2025-03,Maharashtra Gramin Bank,Beneficiary,15.36,0.9835,0.0147,0.0018,0.15,0.0165
2025-03,Equitas Small Finance Bank,Beneficiary,14.84,0.9788,0.0046,0.0166,0.15,0.0212
2025-03,ESAF Small Finance Bank Ltd,Beneficiary,14.74,0.9616,0.0366,0.0018,0.14,0.0384
2025-03,Rajasthan Marudhara Gramin Bank,Beneficiary,13.49,0.9497,0.0118,0.0385,0.13,0.0503
2025-03,Andhra Pragathi Grameena Bank,Beneficiary,13.42,0.9761,0.021,0.0029,0.13,0.0239
2026-03,Yes Bank Ltd.,Beneficiary,9194.26,99.99,0,0,9193.34,0
2026-03,Axis Bank Ltd.,Beneficiary,2395.49,99.85,0,0.15,2391.9,0.15
2026-03,State Bank Of India,Beneficiary,2278.68,99.74,0.07,0.18,2272.76,0.25
2026-03,Hdfc Bank Ltd.,Beneficiary,1083.7,99.3,0.01,0.69,1076.11,0.7
2026-03,Bank Of Baroda,Beneficiary,623.77,99.34,0.08,0.58,619.65,0.66
2026-03,Union Bank Of India,Beneficiary,547.72,99.6,0.28,0.11,545.53,0.39
2026-03,Airtel Payments Bank Limited,Beneficiary,541.84,94.31,0.18,5.51,511.01,5.69
2026-03,Canara Bank,Beneficiary,529.58,99.71,0.12,0.17,528.04,0.29
2026-03,Punjab National Bank,Beneficiary,526.72,99.64,0.03,0.32,524.82,0.35
2026-03,Kotak Mahindra Bank,Beneficiary,460.68,99.23,0.16,0.61,457.13,0.77
2026-03,Icici Bank Ltd.,Beneficiary,445.37,99.41,0.2,0.39,442.74,0.59
2026-03,Federal Bank Ltd.,Beneficiary,393.52,99.73,0.1,0.18,392.46,0.28
2026-03,India Post Payments Bank Limited,Beneficiary,392.7,97.6,0.24,2.16,383.28,2.4
2026-03,Indian Bank,Beneficiary,337.21,99.83,0.06,0.11,336.64,0.17
2026-03,Bank Of India,Beneficiary,305.48,98.21,0.55,1.24,300.01,1.79
2026-03,Indusind Bank Ltd.,Beneficiary,190.51,99.59,0.1,0.31,189.73,0.41
2026-03,Unity Small Finance Bank Limited,Beneficiary,180.27,98.85,1.1,0.05,178.2,1.15
2026-03,Central Bank Of India,Beneficiary,177.66,98.73,0.65,0.62,175.4,1.27
2026-03,Indian Overseas Bank,Beneficiary,172.5,99.7,0.02,0.28,171.98,0.3
2026-03,Uco Bank,Beneficiary,137.84,99.46,0.11,0.44,137.1,0.55
2026-03,Nsdl Payments Bank Limited,Beneficiary,131.73,96.9,0.48,2.62,127.65,3.1
2026-03,Jio Payments Bank Ltd,Beneficiary,95.31,97.8,0.16,2.04,93.21,2.2
2026-03,Bank Of Maharashtra,Beneficiary,93.4,98.21,0.32,1.47,91.73,1.79
2026-03,Idbi Bank Ltd.,Beneficiary,88.75,98.49,1.03,0.48,87.41,1.51
2026-03,Fino Payments Bank Ltd.,Beneficiary,83.77,95.45,0.2,4.35,79.96,4.55
2026-03,Tri O Tech Solutions Private Limited,Beneficiary,77.31,97.67,0,2.33,75.51,2.33
2026-03,Karnataka Bank,Beneficiary,66.46,99.57,0.17,0.26,66.17,0.43
2026-03,Bandhan Bank Limited,Beneficiary,62.21,99.17,0.61,0.22,61.69,0.83
2026-03,Idfc Bank Ltd.,Beneficiary,59.09,98.57,0.08,1.34,58.25,1.42
2026-03,The Jammu & Kashmir Bank Limited,Beneficiary,57.86,98.96,0.14,0.91,57.26,1.05
2026-03,One Mobikwik Systems Limited,Beneficiary,57.43,99.63,0.37,0.01,57.22,0.38
2026-03,Rbl Bank Ltd.,Beneficiary,52.38,99.81,0.1,0.1,52.28,0.2
2026-03,The South Indian Bank Limited,Beneficiary,51.86,99.76,0.05,0.2,51.74,0.25
2026-03,Karur Vysya Bank,Beneficiary,51.71,99.69,0.13,0.17,51.55,0.3
2026-03,Baroda U.P. Bank,Beneficiary,45.83,93.21,6.55,0.25,42.72,6.8
2026-03,Tamilnad Mercantile Bank Limited,Beneficiary,41.72,98.54,0.58,0.88,41.11,1.46
2026-03,Au Small Finance Bank,Beneficiary,39.84,98.97,0.06,0.97,39.43,1.03
2026-03,Suryoday Small Finance Bank Limited,Beneficiary,39.12,97.64,0.07,2.29,38.2,2.36
2026-03,Slice Small Finance Bank Limited,Beneficiary,33.12,90.9,0.45,8.65,30.11,9.1
2026-03,Kerala Gramin Bank,Beneficiary,32.47,99.71,0.13,0.16,32.38,0.29
2026-03,City Union Bank,Beneficiary,31.92,97.96,0.42,1.62,31.27,2.04
2026-03,Ujjivan Small Finance Bank Limited,Beneficiary,29.71,99.69,0.12,0.18,29.62,0.3
2026-03,Punjab And Sind Bank,Beneficiary,29.59,99.04,0.25,0.71,29.31,0.96
2026-03,Karnataka Gramin Bank,Beneficiary,27.85,98.89,0.78,0.33,27.54,1.11
2026-03,Rajasthan Marudhara Gramin Bank,Beneficiary,26.15,99.45,0.1,0.45,26.01,0.55
2026-03,Chaitanya Godavari Grameena Bank,Beneficiary,23.6,98.75,0.82,0.43,23.31,1.25
2026-03,Citibank Corporate,Beneficiary,23.58,99.35,0.09,0.56,23.43,0.65
2026-03,Telangana Grameena Bank,Beneficiary,23.1,98.56,1.25,0.2,22.77,1.45
2026-03,Maharashtra Gramin Bank,Beneficiary,18.53,96.9,2.84,0.26,17.96,3.1
2026-03,Esaf Small Finance Bank Ltd,Beneficiary,17.13,99.29,0.52,0.19,17.01,0.71
2024-05,Yes Bank Ltd,Beneficiary,5597.32,99.96,0.02,0.02,5595.08,0.04
2024-05,State Bank of India,Beneficiary,1589.47,99.76,0.15,0.1,1585.66,0.25
2024-05,Axis Bank Ltd,Beneficiary,1290.76,99.88,0,0.11,1289.21,0.11
2024-05,HDFC Bank Ltd,Beneficiary,652.69,98.85,0.06,1.1,645.18,1.16
2024-05,ICICI Bank,Beneficiary,633.5,99.61,0.02,0.37,631.03,0.39
2024-05,Bank of Baroda,Beneficiary,400.48,99.31,0.45,0.25,397.72,0.7
2024-05,Federal Bank,Beneficiary,391.25,99.36,0.41,0.24,388.75,0.65
2024-05,Union Bank Of India,Beneficiary,356.69,99.46,0.43,0.11,354.76,0.54
2024-05,Punjab national Bank,Beneficiary,326.47,99.36,0.36,0.29,324.38,0.65
2024-05,Canara Bank,Beneficiary,305.13,97.98,0.87,1.15,298.97,2.02
2024-05,Kotak Mahindra Bank,Beneficiary,285.74,99.27,0.29,0.44,283.65,0.73
2024-05,Airtel Payments Bank,Beneficiary,264.42,99.41,0.35,0.25,262.86,0.6
2024-05,Indian Bank,Beneficiary,230.91,98.47,0.22,1.32,227.38,1.54
2024-05,Bank Of India,Beneficiary,203.54,98.08,1.1,0.82,199.63,1.92
2024-05,India Post Payment Bank,Beneficiary,136.48,99.39,0.33,0.28,135.65,0.61
2024-05,Indusind Bank,Beneficiary,127.61,99.32,0.19,0.49,126.74,0.68
2024-05,Central Bank of India,Beneficiary,94.86,98.67,0.77,0.57,93.6,1.34
2024-05,Indian Overseas Bank,Beneficiary,93.82,98.87,0.24,0.89,92.76,1.13
2024-05,UCO Bank,Beneficiary,87.25,99.23,0.05,0.71,86.58,0.76
2024-05,Fino Payments Bank Limited,Beneficiary,72.06,96.62,0.19,3.19,69.62,3.38
2024-05,IDBI Bank Limited,Beneficiary,67.45,99.62,0.07,0.31,67.19,0.38
2024-05,Bank of Maharashtra,Beneficiary,62.25,97.48,2.34,0.18,60.68,2.52
2024-05,Karnataka Bank,Beneficiary,48.13,98.31,0.3,1.4,47.32,1.7
2024-05,RBL Bank LTD,Beneficiary,45.73,98.38,0.23,1.39,44.99,1.62
2024-05,IDFC First Bank,Beneficiary,36.08,98.76,0.07,1.17,35.63,1.24
2024-05,Karur Vysya Bank,Beneficiary,35.56,98.62,0.16,1.22,35.07,1.38
2024-05,Bandhan Bank,Beneficiary,35.28,97.94,1.65,0.41,34.55,2.06
2024-05,South Indian Bank,Beneficiary,34.01,98.76,0.09,1.15,33.59,1.24
2024-05,Jammu and Kashmir Bank,Beneficiary,32.79,99.2,0.35,0.45,32.53,0.8
2024-05,ONE MOBIKWIK SYSTEMS LIMITED,Beneficiary,31.71,99.96,0.03,0.02,31.7,0.05
2024-05,AU small Finance Bank,Beneficiary,27.89,97.9,0.57,1.53,27.3,2.1
2024-05,Tamilnad Mercantile Bank,Beneficiary,25.26,99.55,0.36,0.09,25.15,0.45
2024-05,Tri O Tech Solutions Private Limited,Beneficiary,24.56,96.07,0.13,3.8,23.59,3.93
2024-05,Ujjivan Small Finance Bank,Beneficiary,22.36,98.74,0.37,0.89,22.08,1.26
2024-05,City Union Bank,Beneficiary,21.65,97.73,0.27,2,21.16,2.27
2024-05,Punjab and Sind Bank,Beneficiary,16.69,98.68,0.3,1.02,16.47,1.32
2024-05,Kerala Gramin Bank,Beneficiary,15.56,98.12,0.91,0.97,15.27,1.88
2024-05,Equitas Small Finance Bank,Beneficiary,14.39,98.49,0.19,1.32,14.17,1.51
2024-05,Andhra Pradesh Grameena Vikas Bank,Beneficiary,13.89,98.87,0.67,0.45,13.73,1.12
2024-05,Jio Payments Bank,Beneficiary,13.39,99.05,0.46,0.5,13.26,0.96
2024-05,Pragathi Krishna Gramin Bank,Beneficiary,13.28,97.27,1.56,1.18,12.92,2.74
2024-05,Maharashtra Gramin Bank,Beneficiary,12.25,97.65,2.01,0.35,11.96,2.36
2024-05,CITI Bank,Beneficiary,12.1,99.79,0.21,0,12.07,0.21
2024-05,Rajasthan Marudhara Gramin Bank,Beneficiary,12.01,97.7,1.88,0.42,11.73,2.3
2024-05,Baroda Uttar Pradesh Gramin Bank,Beneficiary,11.53,90.43,8.96,0.62,10.43,9.58
2024-05,The Cosmos Co-Operative Bank Ltd,Beneficiary,11.39,97.72,2.2,0.09,11.13,2.29
2024-05,DBS Bank India Limited,Beneficiary,11.22,97.51,0.92,1.57,10.94,2.49
2024-05,ESAF Small Finance Bank Ltd.,Beneficiary,11.1,99.73,0.08,0.19,11.07,0.27
2024-05,Fincare Small Finance Bank Ltd,Beneficiary,10.07,96.43,0.41,3.15,9.71,3.56
2024-05,Andhra Pragathi Grameena Bank,Beneficiary,9.22,97.03,2.1,0.88,8.95,2.98
2025-05,Yes Bank Ltd.,Beneficiary,7569.54,0.9999,0,0.0001,75.69,0.0001
2025-05,Axis Bank Ltd.,Beneficiary,1893.85,0.9995,0,0.0004,18.93,0.0004
2025-05,State Bank of India,Beneficiary,1851.45,0.9977,0.0014,0.0009,18.47,0.0023
2025-05,HDFC Bank Ltd.,Beneficiary,931.57,0.9941,0.0005,0.0054,9.26,0.0059
2025-05,ICICI Bank Ltd.,Beneficiary,602.95,0.9977,0.0003,0.002,6.02,0.0023
2025-05,Bank of Baroda,Beneficiary,488.55,0.9987,0.0006,0.0006,4.88,0.0012
2025-05,Union Bank of India,Beneficiary,451.96,0.999,0.0002,0.0009,4.52,0.0011
2025-05,Punjab National Bank,Beneficiary,428.8,0.9962,0.0013,0.0025,4.27,0.0038
2025-05,Airtel Payments Bank Limited,Beneficiary,423.33,0.9893,0.0022,0.0085,4.19,0.0107
2025-05,Canara Bank,Beneficiary,418.99,0.9981,0.0007,0.0012,4.18,0.0019
2025-05,Federal Bank Ltd.,Beneficiary,392.98,0.9979,0.0003,0.0018,3.92,0.0021
2025-05,Kotak Mahindra Bank,Beneficiary,359.3,0.9894,0.0014,0.0092,3.55,0.0106
2025-05,Indian Bank,Beneficiary,274.77,0.9942,0.0031,0.0027,2.73,0.0058
2025-05,India Post Payments Bank Limited,Beneficiary,257.72,0.9852,0.0047,0.0101,2.54,0.0148
2025-05,Bank Of India,Beneficiary,250.87,0.982,0.0086,0.0094,2.46,0.018
2025-05,Indusind Bank Ltd.,Beneficiary,176.4,0.9954,0.0018,0.0028,1.76,0.0046
2025-05,Indian Overseas Bank,Beneficiary,148.53,0.9942,0.0014,0.0044,1.48,0.0058
2025-05,Central Bank of India,Beneficiary,123.28,0.9908,0.0037,0.0056,1.22,0.0093
2025-05,UCO Bank,Beneficiary,110.33,0.9941,0.0017,0.0042,1.1,0.0059
2025-05,RBL Bank Ltd.,Beneficiary,101.36,0.9963,0.0032,0.0005,1.01,0.0037
2025-05,Fino Payments Bank Ltd.,Beneficiary,100.21,0.9822,0.0013,0.0165,0.98,0.0178
2025-05,IDBI Bank Ltd.,Beneficiary,96.22,0.994,0.0037,0.0024,0.96,0.0061
2025-05,Bank of Maharashtra,Beneficiary,86.07,0.9947,0.0011,0.0042,0.86,0.0053
2025-05,Unity Small Finance Bank Limited,Beneficiary,75.73,1,0,0,0.76,0
2025-05,Karnataka Bank,Beneficiary,74.49,0.9937,0.0032,0.0031,0.74,0.0063
2025-05,The Jammu & Kashmir Bank Limited,Beneficiary,53.93,0.9892,0.0037,0.0071,0.53,0.0108
2025-05,One Mobikwik Systems Limited,Beneficiary,52.33,0.9993,0.0007,0,0.52,0.0007
2025-05,NSDL Payments Bank Limited,Beneficiary,50.9,0.9949,0.0013,0.0038,0.51,0.0051
2025-05,Tri O Tech Solutions Private Limited,Beneficiary,50.44,0.9903,0.0002,0.0095,0.5,0.0097
2025-05,Bandhan Bank limited,Beneficiary,49.45,0.9937,0.0026,0.0037,0.49,0.0063
2025-05,IDFC Bank Ltd.,Beneficiary,46.74,0.9883,0.0007,0.011,0.46,0.0117
2025-05,Karur Vysya Bank,Beneficiary,43.15,0.9967,0.0012,0.0022,0.43,0.0034
2025-05,The South Indian Bank Limited,Beneficiary,42.94,0.9987,0.0001,0.0012,0.43,0.0013
2025-05,Tamilnad Mercantile Bank Limited,Beneficiary,37.27,0.9961,0.0014,0.0026,0.37,0.004
2025-05,AU Small Finance Bank,Beneficiary,33.4,0.993,0.002,0.0051,0.33,0.0071
2025-05,JIO Payments Bank Ltd,Beneficiary,31.76,0.9906,0.0036,0.0058,0.31,0.0094
2025-05,City Union Bank,Beneficiary,31.51,0.9942,0.0025,0.0033,0.31,0.0058
2025-05,Punjab and Sind Bank,Beneficiary,25.66,0.9776,0.0046,0.0178,0.25,0.0224
2025-05,Ujjivan Small Finance Bank Limited,Beneficiary,25.63,0.9968,0.001,0.0022,0.26,0.0032
2025-05,Kerala Gramin Bank,Beneficiary,25.62,0.9881,0.0068,0.0051,0.25,0.0119
2025-05,Suryoday Small Finance Bank Limited,Beneficiary,22.44,0.9871,0.0019,0.011,0.22,0.0129
2025-05,Citi Bank,Beneficiary,21.92,0.9966,0.0008,0.0026,0.22,0.0034
2025-05,Baroda U.P. Bank,Beneficiary,21.87,0.9849,0.0128,0.0023,0.22,0.0151
2025-05,Telangana Grameena Bank,Beneficiary,17.48,0.993,0.003,0.0041,0.17,0.0071
2025-05,Karnataka Gramin Bank,Beneficiary,15.71,0.99,0.0078,0.0022,0.16,0.01
2025-05,Maharashtra Gramin Bank,Beneficiary,14.99,0.9861,0.0128,0.0011,0.15,0.0139
2025-05,ESAF Small Finance Bank Ltd,Beneficiary,14.55,0.9965,0.0015,0.002,0.14,0.0035
2025-05,Equitas Small Finance Bank,Beneficiary,14.22,0.9772,0.0044,0.0184,0.14,0.0228
2025-05,Andhra Pragathi Grameena Bank,Beneficiary,13.58,0.9727,0.0199,0.0074,0.13,0.0273
2025-05,Rajasthan Marudhara Gramin Bank,Beneficiary,13.15,0.9789,0.003,0.0181,0.13,0.0211
2026-05,Yes Bank Ltd.,Beneficiary,9564.11,99.99,0.01,0,9563.15,0.01
2026-05,Axis Bank Ltd.,Beneficiary,2458.89,99.88,0,0.12,2455.94,0.12
2026-05,State Bank Of India,Beneficiary,2286.02,99.7,0.15,0.15,2279.16,0.3
2026-05,Hdfc Bank Ltd.,Beneficiary,1091.04,99.57,0.05,0.38,1086.35,0.43
2026-05,Bank Of Baroda,Beneficiary,631.12,99.39,0.07,0.55,627.27,0.62
2026-05,Punjab National Bank,Beneficiary,567.96,98.95,0.75,0.3,562,1.05
2026-05,Union Bank Of India,Beneficiary,555.52,99.85,0.04,0.11,554.69,0.15
2026-05,Canara Bank,Beneficiary,532.98,99.76,0.08,0.16,531.7,0.24
2026-05,Airtel Payments Bank Limited,Beneficiary,522.26,93.59,0.24,6.17,488.78,6.41
2026-05,Kotak Mahindra Bank,Beneficiary,467.2,99.39,0,0.61,464.35,0.61
2026-05,Icici Bank Ltd.,Beneficiary,448.6,99.62,0.01,0.36,446.9,0.37
2026-05,Federal Bank Ltd.,Beneficiary,388.37,99.79,0.04,0.17,387.55,0.21
2026-05,India Post Payments Bank Limited,Beneficiary,384.69,98.85,0.44,0.7,380.27,1.14
2026-05,Indian Bank,Beneficiary,320.56,96.81,0.49,2.7,310.33,3.19
2026-05,Bank Of India,Beneficiary,307.1,98.88,0.04,1.08,303.66,1.12
2026-05,Unity Small Finance Bank Limited,Beneficiary,221.57,99.61,0.38,0.01,220.71,0.39
2026-05,Indusind Bank Ltd.,Beneficiary,200.34,99.54,0.09,0.37,199.42,0.46
2026-05,Central Bank Of India,Beneficiary,181.28,98.58,0.95,0.47,178.71,1.42
2026-05,Indian Overseas Bank,Beneficiary,178.88,99.58,0.02,0.4,178.13,0.42
2026-05,Uco Bank,Beneficiary,138.97,99.36,0.31,0.33,138.08,0.64
2026-05,Nsdl Payments Bank Limited,Beneficiary,129.13,97.42,0.17,2.4,125.8,2.57
2026-05,Bank Of Maharashtra,Beneficiary,92.89,97.29,0.98,1.74,90.37,2.72
2026-05,Idbi Bank Ltd.,Beneficiary,88.1,98.45,1.04,0.5,86.73,1.54
2026-05,Tri O Tech Solutions Private Limited,Beneficiary,85.84,99.14,0.38,0.48,85.1,0.86
2026-05,Jio Payments Bank Ltd,Beneficiary,83.5,98.47,0.06,1.46,82.22,1.52
2026-05,Fino Payments Bank Ltd.,Beneficiary,82.13,95.91,0.47,3.62,78.77,4.09
2026-05,The Jammu & Kashmir Bank Limited,Beneficiary,69.92,99.21,0.02,0.78,69.37,0.8
2026-05,Karnataka Bank,Beneficiary,66.56,99.47,0.23,0.3,66.21,0.53
2026-05,One Mobikwik Systems Limited,Beneficiary,60.57,99.8,0.19,0.01,60.45,0.2
2026-05,Bandhan Bank Limited,Beneficiary,60.53,98.72,1.07,0.22,59.76,1.29
2026-05,Idfc Bank Ltd.,Beneficiary,58.16,98.77,0.05,1.18,57.44,1.23
2026-05,Rbl Bank Ltd.,Beneficiary,55.45,99.79,0.11,0.1,55.33,0.21
2026-05,Karur Vysya Bank,Beneficiary,54.5,99.7,0.14,0.16,54.34,0.3
2026-05,The South Indian Bank Limited,Beneficiary,52.17,99.26,0.48,0.26,51.78,0.74
2026-05,Baroda U.P. Bank,Beneficiary,49.16,96.09,3.61,0.29,47.24,3.9
2026-05,Tamilnad Mercantile Bank Limited,Beneficiary,41.33,98.51,0.72,0.77,40.71,1.49
2026-05,Au Small Finance Bank,Beneficiary,40.21,99.25,0.14,0.6,39.91,0.74
2026-05,Slice Small Finance Bank Limited,Beneficiary,40.19,93.39,3.82,2.79,37.53,6.61
2026-05,Kerala Gramin Bank,Beneficiary,33.28,99.7,0.17,0.13,33.18,0.3
2026-05,City Union Bank,Beneficiary,32.25,99.34,0.16,0.49,32.04,0.65
2026-05,Punjab And Sind Bank,Beneficiary,30.79,98.83,0.28,0.9,30.43,1.18
2026-05,Ujjivan Small Finance Bank Limited,Beneficiary,29.84,99.63,0.14,0.23,29.73,0.37
2026-05,Karnataka Gramin Bank,Beneficiary,28.52,98.5,1.22,0.28,28.09,1.5
2026-05,Suryoday Small Finance Bank Limited,Beneficiary,27.32,98.08,0.07,1.85,26.8,1.92
2026-05,Rajasthan Marudhara Gramin Bank,Beneficiary,27.23,99.37,0.15,0.49,27.06,0.64
2026-05,Chaitanya Godavari Grameena Bank,Beneficiary,25.1,98.77,0.61,0.62,24.79,1.23
2026-05,Telangana Grameena Bank,Beneficiary,23.73,98.71,0.91,0.38,23.42,1.29
2026-05,Citibank Corporate,Beneficiary,20.89,99.27,0.15,0.58,20.74,0.73
2026-05,Maharashtra Gramin Bank,Beneficiary,19.45,99.22,0.72,0.06,19.3,0.78
2026-05,Esaf Small Finance Bank Ltd,Beneficiary,17.27,98.54,1.3,0.16,17.02,1.46
2024-11,Yes Bank Ltd,Beneficiary,6213.24,99.99,0.01,0.01,6212.62,0.02
2024-11,State Bank of India,Beneficiary,1566.68,99.5,0.38,0.13,1558.85,0.51
2024-11,Axis Bank,Beneficiary,1561.95,99.92,0.01,0.07,1560.7,0.08
2024-11,HDFC Bank,Beneficiary,740.76,98.78,0.25,0.97,731.72,1.22
2024-11,ICICI Bank,Beneficiary,591.09,99.49,0.1,0.41,588.08,0.51
2024-11,Canara Bank,Beneficiary,427.61,99.27,0.33,0.32,424.49,0.65
2024-11,Bank of Baroda,Beneficiary,417.34,99.86,0.07,0.06,416.76,0.13
2024-11,Union Bank Of India,Beneficiary,395.19,99.73,0.17,0.1,394.12,0.27
2024-11,Federal Bank,Beneficiary,387.11,99.73,0.06,0.21,386.06,0.27
2024-11,Punjab national Bank,Beneficiary,356.82,99.71,0.01,0.27,355.79,0.28
2024-11,Airtel Payments Bank,Beneficiary,319.58,99.19,0.51,0.29,316.99,0.8
2024-11,Kotak Mahindra Bank,Beneficiary,294.25,98.52,0.18,1.29,289.9,1.47
2024-11,Indian Bank,Beneficiary,220.32,99.14,0.12,0.71,218.43,0.83
2024-11,Bank Of India,Beneficiary,215.19,97.84,1.38,0.78,210.54,2.16
2024-11,India Post Payment Bank,Beneficiary,183.87,98.71,0.91,0.37,181.5,1.28
2024-11,Indusind Bank,Beneficiary,152.52,99.4,0.28,0.32,151.6,0.6
2024-11,Indian Overseas Bank,Beneficiary,122.51,99.27,0.1,0.62,121.62,0.72
2024-11,Central Bank of India,Beneficiary,105.6,98.43,0.55,1.01,103.94,1.56
2024-11,Fino Payments Bank Limited,Beneficiary,93.78,95.72,0.16,4.12,89.77,4.28
2024-11,UCO Bank,Beneficiary,92.37,99.1,0.51,0.39,91.54,0.9
2024-11,Bank of Maharashtra,Beneficiary,85.17,99.63,0.13,0.24,84.85,0.37
2024-11,IDBI Bank,Beneficiary,73.44,99.61,0.12,0.27,73.15,0.39
2024-11,Karnataka Bank,Beneficiary,57.56,97.8,1.51,0.69,56.29,2.2
2024-11,RBL Bank Limited,Beneficiary,52,99.46,0.11,0.43,51.72,0.54
2024-11,One Mobikwik Systems Limited,Beneficiary,44.12,99.96,0.03,0.01,44.1,0.04
2024-11,The Jammu & Kashmir Bank Limited,Beneficiary,41.98,98.49,1.27,0.23,41.35,1.5
2024-11,Bandhan Bank limited,Beneficiary,41.87,98.54,1.26,0.21,41.26,1.47
2024-11,IDFC First Bank Ltd,Beneficiary,40.46,99.07,0.04,0.89,40.08,0.93
2024-11,The South Indian Bank Limited,Beneficiary,39.73,99.86,0.04,0.11,39.67,0.15
2024-11,Karur Vysya Bank,Beneficiary,37.2,99.62,0.13,0.25,37.06,0.38
2024-11,AU small Finance Bank,Beneficiary,34.5,99.18,0.13,0.69,34.22,0.82
2024-11,Tri O Tech Solutions Private Limited,Beneficiary,31.76,96.11,0.01,3.88,30.52,3.89
2024-11,Tamilnad Mercantile Bank Limited,Beneficiary,28.98,99.53,0.39,0.09,28.84,0.48
2024-11,City Union Bank,Beneficiary,24.61,99.41,0.19,0.4,24.46,0.59
2024-11,Ujjivan Small Finance Bank,Beneficiary,23.21,99.54,0.26,0.2,23.1,0.46
2024-11,Kerala Gramin Bank,Beneficiary,21.94,95.27,3.8,0.93,20.9,4.73
2024-11,Punjab and Sind Bank,Beneficiary,21.92,97.62,0.1,2.28,21.4,2.38
2024-11,Jio Payments Bank,Beneficiary,19.35,99.04,0.41,0.55,19.16,0.96
2024-11,CITI Bank,Beneficiary,18.46,99.41,0.13,0.47,18.35,0.6
2024-11,Baroda UP Gramin Bank,Beneficiary,15.14,98.54,1.18,0.28,14.92,1.46
2024-11,Andhra Pradesh Grameena Vikas Bank,Beneficiary,14.47,96.09,3.61,0.3,13.9,3.91
2024-11,Pragathi Krishna Gramin Bank,Beneficiary,13.99,97.27,1.74,0.99,13.61,2.73
2024-11,Equitas Bank,Beneficiary,13.26,98.22,0.32,1.46,13.02,1.78
2024-11,ESAF Small Finance Bank Ltd.,Beneficiary,12.77,99.7,0.12,0.18,12.73,0.3
2024-11,Maharashtra Gramin Bank,Beneficiary,11.55,98.92,0.95,0.14,11.43,1.09
2024-11,Rajasthan Marudhara Gramin Bank,Beneficiary,11.16,99.11,0.56,0.33,11.06,0.89
2024-11,NSDL Payments Bank Limited,Beneficiary,11.06,98.08,0.73,1.19,10.85,1.92
2024-11,DBS Bank India Limited,Beneficiary,10.59,98.35,0.5,1.14,10.42,1.64
2024-11,Andhra Pragathi Grameena Bank,Beneficiary,10.41,95.63,4.12,0.24,9.96,4.36
2024-11,Sarva Haryana Gramin Bank,Beneficiary,8.65,99.32,0.32,0.36,8.59,0.68
2025-11,Yes Bank Ltd.,Beneficiary,8281.16,99.99,0,0,8280.33,0
2025-11,Axis Bank Ltd.,Beneficiary,2082.22,99.87,0,0.13,2079.51,0.13
2025-11,State Bank of India,Beneficiary,2080.6,99.63,0.21,0.15,2072.9,0.36
2025-11,HDFC Bank Ltd.,Beneficiary,1041.18,99.27,0.09,0.65,1033.58,0.74
2025-11,Bank of Baroda,Beneficiary,555.54,99.4,0.13,0.47,552.21,0.6
2025-11,ICICI Bank Ltd.,Beneficiary,542.1,99.7,0.07,0.23,540.47,0.3
2025-11,Union Bank of India,Beneficiary,496.61,99.74,0.17,0.09,495.32,0.26
2025-11,Airtel Payments Bank Limited,Beneficiary,484.49,96.32,0.28,3.4,466.66,3.68
2025-11,Canara Bank,Beneficiary,476.54,99.07,0.74,0.18,472.11,0.92
2025-11,Punjab National Bank,Beneficiary,462.1,99.47,0.19,0.33,459.65,0.52
2025-11,Kotak Mahindra Bank,Beneficiary,402.42,98.84,0.39,0.77,397.75,1.16
2025-11,Federal Bank Ltd.,Beneficiary,371.67,99.75,0.03,0.23,370.74,0.26
2025-11,India Post Payments Bank Limited,Beneficiary,325.72,96.59,0.62,2.79,314.61,3.41
2025-11,Indian Bank,Beneficiary,300.3,99.66,0.19,0.16,299.28,0.35
2025-11,Bank Of India,Beneficiary,275.45,98.37,0.55,1.08,270.96,1.63
2025-11,Indusind Bank Ltd.,Beneficiary,186.6,98.97,0.51,0.52,184.68,1.03
2025-11,Unity Small Finance Bank Limited,Beneficiary,184.26,99.96,0.03,0.02,184.19,0.05
2025-11,Indian Overseas Bank,Beneficiary,181.82,98.44,1.23,0.32,178.98,1.55
2025-11,Central Bank of India,Beneficiary,151.51,98.83,0.65,0.51,149.74,1.16
2025-11,UCO Bank,Beneficiary,125.29,99.52,0.1,0.38,124.69,0.48
2025-11,Fino Payments Bank Ltd.,Beneficiary,92.55,94.21,1.52,4.28,87.19,5.8
2025-11,Bank of Maharashtra,Beneficiary,85.74,98.38,0.06,1.57,84.35,1.63
2025-11,IDBI Bank Ltd.,Beneficiary,83.63,99.38,0.11,0.51,83.11,0.62
2025-11,NSDL Payments Bank Limited,Beneficiary,77.44,98.06,0.26,1.67,75.94,1.93
2025-11,JIO Payments Bank Ltd,Beneficiary,75.03,97.6,0.74,1.66,73.23,2.4
2025-11,Tri O Tech Solutions Private Limited,Beneficiary,67.62,97.88,0.41,1.71,66.19,2.12
2025-11,Karnataka Bank,Beneficiary,62.94,99.65,0.08,0.272,62.72,0.352
2025-11,The Jammu & Kashmir Bank Limited,Beneficiary,57.59,98.76,0.43,0.81,56.88,1.24
2025-11,BANDHAN BANK LIMITED,Beneficiary,55.78,98.69,1.04,0.27,55.05,1.31
2025-11,IDFC Bank Ltd.,Beneficiary,55.14,98.4,0.04,1.56,54.26,1.6
2025-11,The South Indian Bank Limited,Beneficiary,48.33,99.59,0.21,0.2,48.13,0.41
2025-11,One Mobikwik Systems Limited,Beneficiary,48.3,99.87,0.13,0,48.24,0.13
2025-11,Karur Vysya Bank,Beneficiary,45.73,99.65,0.1,0.25,45.57,0.35
2025-11,RBL Bank Ltd.,Beneficiary,41.2,99.71,0.14,0.15,41.08,0.29
2025-11,Tamilnad Mercantile Bank Limited,Beneficiary,37.78,98.43,0.47,1.1,37.19,1.57
2025-11,AU Small Finance Bank,Beneficiary,35.71,98.56,0.8,0.64,35.2,1.44
2025-11,Uttar Pradesh Gramin Bank,Beneficiary,32.83,97.62,2.11,0.26,32.05,2.37
2025-11,City Union Bank,Beneficiary,30.57,99.51,0.18,0.31,30.42,0.49
2025-11,Kerala Gramin Bank,Beneficiary,29.29,99.27,0.53,0.2,29.08,0.73
2025-11,Punjab and Sind Bank,Beneficiary,27.04,98.6,0.8,0.6,26.66,1.4
2025-11,Ujjivan Small Finance Bank Limited,Beneficiary,26.68,99.62,0.1,0.28,26.58,0.38
2025-11,Karnataka Gramin Bank,Beneficiary,23.78,97.24,1.33,1.43,23.12,2.76
2025-11,Rajasthan Gramin Bank,Beneficiary,20.88,97.35,0.6,2.04,20.33,2.64
2025-11,Telangana Grameena Bank,Beneficiary,20.24,96.62,0.42,2.96,19.56,3.38
2025-11,Slice Small Finance Bank Ltd,Beneficiary,19.93,93.72,0.38,5.9,18.68,6.28
2025-11,Citi Bank,Beneficiary,18.89,99.78,0.03,0.2,18.85,0.23
2025-11,ESAF Small Finance Bank Ltd,Beneficiary,16,99.2,0.37,0.43,15.87,0.8
2025-11,Maharashtra Gramin Bank,Beneficiary,15.51,99.37,0.54,0.1,15.41,0.64
2025-11,Andhra Pradesh Grameena Bank,Beneficiary,15.15,98.44,1.07,0.49,14.91,1.56
2025-11,Equitas Small Finance Bank,Beneficiary,14.63,97.4,0.63,1.97,14.25,2.6
2024-10,Yes Bank Ltd,Beneficiary,6665.2,99.99,0,0.01,6664.53,0.01
2024-10,State Bank Of India,Beneficiary,1667.62,99.11,0.77,0.12,1652.78,0.89
2024-10,Axis Bank Ltd.,Beneficiary,1647.89,99.86,0.07,0.06,1645.58,0.13
2024-10,HDFC BANK LTD,Beneficiary,814.86,98.94,0.02,1.04,806.22,1.06
2024-10,ICICI Bank,Beneficiary,637.79,99.48,0.03,0.49,634.47,0.52
2024-10,Bank of Baroda,Beneficiary,472.15,99.9,0.03,0.06,471.68,0.09
2024-10,Canara Bank,Beneficiary,449.55,99.26,0.18,0.56,446.22,0.74
2024-10,Union Bank of India,Beneficiary,420.82,99.81,0.09,0.1,420.02,0.19
2024-10,Federal Bank,Beneficiary,418.03,99.75,0.04,0.2,416.98,0.24
2024-10,Punjab National Bank,Beneficiary,386,99.68,0.05,0.28,384.76,0.33
2024-10,Airtel Payments Bank,Beneficiary,328.27,99.64,0.07,0.29,327.09,0.36
2024-10,Kotak Mahindra Bank,Beneficiary,322.09,98.62,0.03,1.35,317.65,1.38
2024-10,Bank of India,Beneficiary,235.92,98.61,0.54,0.85,232.64,1.39
2024-10,Indian Bank,Beneficiary,234.79,99.05,0.15,0.8,232.56,0.95
2024-10,India Post Payment Bank,Beneficiary,191.03,99.46,0.29,0.25,190,0.54
2024-10,Indusind Bank Ltd.,Beneficiary,175.04,99.21,0.15,0.64,173.66,0.79
2024-10,Indian Overseas Bank,Beneficiary,122.14,98.17,1.36,0.47,119.9,1.83
2024-10,Central Bank Of India,Beneficiary,116.32,98.07,0.51,1.42,114.08,1.93
2024-10,Fino Payments Bank Limited FIP,Beneficiary,102.43,96.33,0.11,3.56,98.67,3.67
2024-10,UCO Bank,Beneficiary,99.3,99.41,0.12,0.47,98.71,0.59
2024-10,Bank of Maharashtra,Beneficiary,81.9,99.18,0.57,0.25,81.23,0.82
2024-10,IDBI Bank Limited,Beneficiary,79.09,99.62,0.11,0.27,78.79,0.38
2024-10,RBL Bank Limited,Beneficiary,59.7,99.59,0.14,0.27,59.46,0.41
2024-10,Karnataka Bank,Beneficiary,58.52,98.87,0.51,0.62,57.86,1.13
2024-10,One Mobikwik Systems Pvt - Ltd,Beneficiary,51.06,99.96,0.02,0.03,51.04,0.05
2024-10,Bandhan Bank,Beneficiary,43.86,98.76,1.01,0.23,43.32,1.24
2024-10,IDFC First Bank Ltd,Beneficiary,43.61,98.88,0.03,1.09,43.12,1.12
2024-10,Jammu and Kashmir Bank,Beneficiary,41.43,98.42,1.41,0.17,40.78,1.58
2024-10,South Indian Bank,Beneficiary,40.76,99.32,0.05,0.63,40.48,0.68
2024-10,Karur Vysya Bank,Beneficiary,39.62,98.98,0.21,0.81,39.22,1.02
2024-10,AU small Finance Bank,Beneficiary,38.49,99.24,0.06,0.7,38.2,0.76
2024-10,Tri O Tech Solutions Private Limited,Beneficiary,33.06,95.65,0,4.35,31.62,4.35
2024-10,Tamilnad Mercantile Bank,Beneficiary,30.48,99.62,0.29,0.08,30.36,0.37
2024-10,City Union Bank,Beneficiary,26.07,98.95,0.12,0.92,25.8,1.04
2024-10,Ujjivan Small Finance Bank,Beneficiary,25.03,99.52,0.27,0.21,24.91,0.48
2024-10,Punjab and Sind Bank,Beneficiary,22.43,99.12,0.18,0.71,22.23,0.89
2024-10,Jio Payments Bank,Beneficiary,20.89,99.23,0.34,0.42,20.73,0.76
2024-10,Kerala Gramin Bank,Beneficiary,20.67,98.6,0.47,0.93,20.38,1.4
2024-10,CITI Bank,Beneficiary,18.98,99.39,0.05,0.55,18.86,0.6
2024-10,Baroda UP Gramin Bank,Beneficiary,15.99,98.78,0.96,0.26,15.79,1.22
2024-10,Andhra Pradesh Grameena Vikas Bank,Beneficiary,15.15,98.99,0.44,0.57,15,1.01
2024-10,Pragathi Krishna Gramin Bank,Beneficiary,14.38,97.87,1.08,1.05,14.07,2.13
2024-10,Equitas Bank,Beneficiary,14.34,98.67,0.15,1.18,14.15,1.33
2024-10,Maharashtra Gramin Bank,Beneficiary,13.65,98.11,1.74,0.16,13.39,1.9
2024-10,ESAF Small Finance Bank Ltd.,Beneficiary,13.14,99.06,0.11,0.83,13.02,0.94
2024-10,NSDL Payments Bank,Beneficiary,12.62,97.33,1.62,1.05,12.28,2.67
2024-10,Rajasthan Marudhara Gramin Bank,Beneficiary,12.62,96.18,3.34,0.48,12.14,3.82
2024-10,DBS Bank India Limited,Beneficiary,11.7,98.41,0.27,1.32,11.51,1.59
2024-10,Andhra Pragathi Grameena Bank,Beneficiary,10.42,92.29,6.88,0.83,9.62,7.71
2024-10,Sarva Haryana Gramin Bank,Beneficiary,9.23,99.32,0.34,0.34,9.17,0.68
2025-10,Yes Bank Ltd.,Beneficiary,8305.17,99.99,0,0,8304.34,0
2025-10,State Bank of India,Beneficiary,2174.27,99.23,0.62,0.16,2157.53,0.78
2025-10,Axis Bank Ltd.,Beneficiary,2122.95,99.86,0,0.14,2119.98,0.14
2025-10,HDFC Bank Ltd.,Beneficiary,1097.48,99.29,0.01,0.7,1089.69,0.71
2025-10,ICICI Bank Ltd.,Beneficiary,575.75,99.67,0.08,0.25,573.85,0.33
2025-10,Bank of Baroda,Beneficiary,565.43,99.79,0.02,0.19,564.24,0.21
2025-10,Union Bank of India,Beneficiary,499.28,99.89,0.02,0.09,498.73,0.11
2025-10,Airtel Payments Bank Limited,Beneficiary,496.22,97.87,0.02,2.11,485.65,2.13
2025-10,Canara Bank,Beneficiary,474.74,99.84,0.02,0.15,473.98,0.17
2025-10,Punjab National Bank,Beneficiary,466.74,99.57,0.1,0.33,464.73,0.43
2025-10,Kotak Mahindra Bank,Beneficiary,395.39,98.76,0.03,1.21,390.49,1.24
2025-10,Federal Bank Ltd.,Beneficiary,373.37,99.76,0.01,0.23,372.47,0.24
2025-10,India Post Payments Bank Limited,Beneficiary,317.04,97.5,0.78,1.72,309.11,2.5
2025-10,Indian Bank,Beneficiary,302.58,99.74,0.07,0.18,301.79,0.25
2025-10,Bank Of India,Beneficiary,278.78,98.74,0.29,0.97,275.27,1.26
2025-10,Indusind Bank Ltd.,Beneficiary,195,99.37,0.18,0.45,193.77,0.63
2025-10,Unity Small Finance Bank Limited,Beneficiary,175.73,99.94,0.06,0,175.62,0.06
2025-10,Indian Overseas Bank,Beneficiary,169.26,99.65,0.06,0.29,168.67,0.35
2025-10,Central Bank of India,Beneficiary,153.36,99.14,0.27,0.59,152.04,0.86
2025-10,UCO Bank,Beneficiary,126.71,99.01,0.62,0.37,125.46,0.99
2025-10,Bank of Maharashtra,Beneficiary,87.52,98.42,0.12,1.47,86.14,1.59
2025-10,Fino Payments Bank Ltd.,Beneficiary,86.13,96.58,1.87,1.55,83.18,3.42
2025-10,IDBI Bank Ltd.,Beneficiary,84.93,99.33,0.23,0.43,84.36,0.66
2025-10,Tri O Tech Solutions Private Limited,Beneficiary,66.48,98.32,0.07,1.61,65.36,1.68
2025-10,JIO Payments Bank Ltd,Beneficiary,63.87,98.27,0.13,1.6,62.77,1.73
2025-10,NSDL Payments Bank Limited,Beneficiary,63.53,98.18,0.14,1.68,62.37,1.82
2025-10,Karnataka Bank,Beneficiary,62.88,99.62,0.13,0.26,62.64,0.39
2025-10,The Jammu & Kashmir Bank Limited,Beneficiary,56.86,98.85,0.53,0.61,56.21,1.14
2025-10,BANDHAN BANK LIMITED,Beneficiary,55.87,99.47,0.25,0.28,55.57,0.53
2025-10,IDFC Bank Ltd.,Beneficiary,53.86,98.36,0.12,1.52,52.98,1.64
2025-10,One Mobikwik Systems Limited,Beneficiary,49.38,99.91,0.09,0,49.34,0.09
2025-10,The South Indian Bank Limited,Beneficiary,48.44,99.84,0.02,0.13,48.36,0.15
2025-10,Karur Vysya Bank,Beneficiary,45.31,99.49,0.19,0.32,45.08,0.51
2025-10,Tamilnad Mercantile Bank Limited,Beneficiary,37.92,98.67,0.35,0.98,37.42,1.33
2025-10,AU Small Finance Bank,Beneficiary,36.7,97.94,1.53,0.52,35.94,2.05
2025-10,RBL Bank Ltd.,Beneficiary,36.4,99.82,0.02,0.16,36.33,0.18
2025-10,City Union Bank,Beneficiary,31.5,99.5,0.2,0.3,31.34,0.5
2025-10,Uttar Pradesh Gramin Bank,Beneficiary,30.67,96.3,3.3,0.4,29.54,3.7
2025-10,Kerala Gramin Bank,Beneficiary,29.72,97.98,1.78,0.24,29.12,2.02
2025-10,Punjab and Sind Bank,Beneficiary,27.74,94.69,4.78,0.53,26.27,5.31
2025-10,Ujjivan Small Finance Bank Limited,Beneficiary,26.99,99.32,0.45,0.23,26.81,0.68
2025-10,Karnataka Gramin Bank,Beneficiary,21.83,94.02,2.54,3.43,20.52,5.97
2025-10,Rajasthan Gramin Bank,Beneficiary,20.76,97.77,0.25,1.99,20.3,2.24
2025-10,Telangana Grameena Bank,Beneficiary,19.64,97.74,1.76,0.5,19.2,2.26
2025-10,Citi Bank,Beneficiary,19.5,99.74,0.02,0.24,19.45,0.26
2025-10,Suryoday Small Finance Bank Limited,Beneficiary,16.74,98.07,0.36,1.57,16.42,1.93
2025-10,Slice Small Finance Bank,Beneficiary,16.42,96.69,0.43,2.88,15.88,3.31
2025-10,ESAF Small Finance Bank Ltd,Beneficiary,16.15,99.37,0.18,0.45,16.05,0.63
2025-10,Maharashtra Gramin Bank,Beneficiary,15.98,98.72,1.14,0.13,15.78,1.27
2025-10,Equitas Small Finance Bank,Beneficiary,15.34,97.83,0.24,1.93,15.01,2.17
2024-09,Yes Bank Ltd,Beneficiary,6069.82,99.99,0,0.01,6069.21,0.01
2024-09,State Bank Of India,Beneficiary,1544.1,99.39,0.49,0.12,1534.68,0.61
2024-09,Axis Bank Ltd.,Beneficiary,1469.29,99.93,0,0.06,1468.26,0.06
2024-09,HDFC BANK LTD,Beneficiary,734.28,99.05,0.01,0.94,727.3,0.95
2024-09,ICICI Bank,Beneficiary,585.98,99.29,0.23,0.47,581.82,0.7
2024-09,Bank of Baroda,Beneficiary,423.28,99.89,0.04,0.07,422.81,0.11
2024-09,Federal Bank,Beneficiary,398.62,99.78,0.02,0.21,397.74,0.23
2024-09,Union Bank of India,Beneficiary,376.52,98.88,1.01,0.1,372.3,1.11
2024-09,Canara Bank,Beneficiary,376.48,98.87,0.32,0.81,372.23,1.13
2024-09,Punjab National Bank,Beneficiary,342.49,99.65,0.07,0.27,341.29,0.34
2024-09,Kotak Mahindra Bank,Beneficiary,289.36,99.08,0.66,0.26,286.7,0.92
2024-09,Airtel Payments Bank,Beneficiary,272.92,99.58,0.12,0.29,271.77,0.41
2024-09,Indian Bank,Beneficiary,217.43,99.1,0.06,0.84,215.47,0.9
2024-09,Bank of India,Beneficiary,209.89,98.76,0.41,0.83,207.29,1.24
2024-09,India Post Payment Bank,Beneficiary,165.82,99.62,0.12,0.26,165.19,0.38
2024-09,Indusind Bank Ltd.,Beneficiary,150.6,99.67,0.04,0.3,150.1,0.34
2024-09,Central Bank Of India,Beneficiary,125.25,96.1,0.69,3.21,120.37,3.9
2024-09,Indian Overseas Bank,Beneficiary,108.08,98.3,1.53,0.17,106.24,1.7
2024-09,Fino Payments Bank Ltd.,Beneficiary,92.64,96.41,0.21,3.38,89.31,3.59
2024-09,UCO Bank,Beneficiary,91.36,98.27,1.29,0.44,89.78,1.73
2024-09,IDBI Bank Limited,Beneficiary,70.98,99.33,0.39,0.29,70.5,0.68
2024-09,Bank of Maharashtra,Beneficiary,70.68,99.46,0.3,0.24,70.3,0.54
2024-09,RBL Bank Limited,Beneficiary,65.45,99.29,0.38,0.32,64.99,0.7
2024-09,Karnataka Bank,Beneficiary,53.43,99.46,0.22,0.32,53.14,0.54
2024-09,One Mobikwik Systems Pvt - Ltd,Beneficiary,47.98,99.8,0.16,0.04,47.88,0.2
2024-09,Bandhan Bank,Beneficiary,39.33,98.09,1.61,0.29,38.58,1.9
2024-09,IDFC First Bank Ltd,Beneficiary,39.31,98.84,0.05,1.11,38.85,1.16
2024-09,South Indian Bank,Beneficiary,38.79,99.06,0.02,0.92,38.43,0.94
2024-09,Karur Vysya Bank,Beneficiary,38.19,97.81,0.73,1.46,37.35,2.19
2024-09,Jammu and Kashmir Bank,Beneficiary,38.05,99.35,0.48,0.17,37.8,0.65
2024-09,AU small Finance Bank,Beneficiary,35.26,99.05,0.17,0.78,34.93,0.95
2024-09,Tri O Tech Solutions Private Limited,Beneficiary,28.83,96.18,0,3.81,27.73,3.81
2024-09,Tamilnad Mercantile Bank,Beneficiary,28.12,124.22,0.29,0.08,34.93,0.37
2024-09,City Union Bank,Beneficiary,24.24,97.59,0.5,1.9,23.66,2.4
2024-09,Ujjivan Small Finance Bank,Beneficiary,23.05,98.95,0.23,0.82,22.81,1.05
2024-09,Punjab and Sind Bank,Beneficiary,21.6,99.16,0.45,0.38,21.42,0.83
2024-09,Kerala Gramin Bank,Beneficiary,18.64,97.84,1.23,0.93,18.24,2.16
2024-09,CITI Bank,Beneficiary,17.54,99.27,0.07,0.66,17.41,0.73
2024-09,Jio Payments Bank,Beneficiary,17.18,99.25,0.38,0.37,17.05,0.75
2024-09,Pragathi Krishna Gramin Bank,Beneficiary,13.73,96.95,1.81,1.24,13.31,3.05
2024-09,Andhra Pradesh Grameena Vikas Bank,Beneficiary,13.71,98.92,0.68,0.4,13.56,1.08
2024-09,Equitas Bank,Beneficiary,13.44,98.64,0.07,1.29,13.26,1.36
2024-09,Baroda UP Gramin Bank,Beneficiary,13.13,99.48,0.21,0.32,13.06,0.53
2024-09,ESAF Small Finance Bank Ltd.,Beneficiary,12.08,98.74,0.11,1.15,11.93,1.26
2024-09,Maharashtra Gramin Bank,Beneficiary,12.02,97.96,1.84,0.2,11.77,2.04
2024-09,Rajasthan Marudhara Gramin Bank,Beneficiary,11.31,97.58,1.97,0.46,11.04,2.43
2024-09,DBS Bank India Limited,Beneficiary,11.13,98.39,0.26,1.36,10.95,1.62
2024-09,Andhra Pragathi Grameena Bank,Beneficiary,9.63,94.93,4.84,0.22,9.14,5.06
2024-09,Sarva Haryana Gramin Bank,Beneficiary,8.51,96.46,3.19,0.35,8.21,3.54
2024-09,Sarva UP Gramin Bank,Beneficiary,8.11,96.43,3.07,0.51,7.82,3.58
2025-09,Yes Bank Ltd.,Beneficiary,7907.07,99.99,0.01,0,7906.28,0.01
2025-09,State Bank of India,Beneficiary,2074.86,99.3,0.57,0.14,2060.34,0.71
2025-09,Axis Bank Ltd.,Beneficiary,2009.94,99.85,0.02,0.13,2006.93,0.15
2025-09,HDFC Bank Ltd.,Beneficiary,997.25,99.03,0.06,0.91,987.58,0.97
2025-09,ICICI Bank Ltd.,Beneficiary,548,99.63,0.14,0.22,545.97,0.36
2025-09,Bank of Baroda,Beneficiary,528.86,99.68,0.17,0.15,527.17,0.32
2025-09,Airtel Payments Bank Limited,Beneficiary,486.04,98.06,0.07,1.87,476.61,1.94
2025-09,Union Bank of India,Beneficiary,474.03,99.83,0.08,0.09,473.22,0.17
2025-09,Canara Bank,Beneficiary,451.48,99.59,0.29,0.12,449.63,0.41
2025-09,Punjab National Bank,Beneficiary,442.62,99.65,0.06,0.29,441.07,0.35
2025-09,Kotak Mahindra Bank,Beneficiary,370.12,98.72,0.1,1.18,365.38,1.28
2025-09,Federal Bank Ltd.,Beneficiary,352.84,99.76,0.02,0.21,351.99,0.23
2025-09,Indian Bank,Beneficiary,292.45,98.69,1.12,0.18,288.62,1.3
2025-09,India Post Payments Bank Limited,Beneficiary,290.25,96.6,1.91,1.49,280.38,3.4
2025-09,Bank Of India,Beneficiary,261.46,98.83,0.28,0.89,258.4,1.17
2025-09,Indusind Bank Ltd.,Beneficiary,191.3,99.54,0.12,0.34,190.42,0.46
2025-09,Indian Overseas Bank,Beneficiary,158.61,99.48,0.26,0.26,157.79,0.52
2025-09,Unity Small Finance Bank Limited,Beneficiary,156.81,99.98,0.02,0,156.78,0.02
2025-09,Central Bank of India,Beneficiary,142.32,99.12,0.25,0.63,141.07,0.88
2025-09,UCO Bank,Beneficiary,120.52,98.87,0.78,0.35,119.16,1.13
2025-09,IDBI Bank Ltd.,Beneficiary,82.61,98.66,0.63,0.72,81.5,1.35
2025-09,Bank of Maharashtra,Beneficiary,82.49,99.17,0.33,0.5,81.81,0.83
2025-09,Fino Payments Bank Ltd.,Beneficiary,79.47,96.9,1.41,1.69,77.01,3.1
2025-09,Tri O Tech Solutions Private Limited,Beneficiary,62.77,98.36,0.29,1.34,61.74,1.63
2025-09,Karnataka Bank,Beneficiary,61,99.68,0.09,0.23,60.8,0.32
2025-09,BANDHAN BANK LIMITED,Beneficiary,53.86,99.36,0.27,0.38,53.52,0.65
2025-09,JIO Payments Bank Ltd,Beneficiary,52.57,98.6,0.08,1.313,51.83,1.393
2025-09,The Jammu & Kashmir Bank Limited,Beneficiary,51.83,99.33,0.23,0.44,51.48,0.67
2025-09,IDFC Bank Ltd.,Beneficiary,51.54,98.48,0.1,1.42,50.76,1.52
2025-09,One Mobikwik Systems Limited,Beneficiary,51.5,99.92,0.07,0,51.46,0.07
2025-09,NSDL Payments Bank Limited,Beneficiary,51,98.13,0.46,1.41,50.05,1.87
2025-09,The South Indian Bank Limited,Beneficiary,46.73,99.49,0.36,0.15,46.49,0.51
2025-09,RBL Bank Ltd.,Beneficiary,45.05,99.72,0.15,0.13,44.92,0.28
2025-09,Karur Vysya Bank,Beneficiary,44.58,99.58,0.19,0.23,44.39,0.42
2025-09,Tamilnad Mercantile Bank Limited,Beneficiary,36.49,99.5,0.28,0.22,36.31,0.5
2025-09,AU Small Finance Bank,Beneficiary,34.57,98.83,0.65,0.52,34.17,1.17
2025-09,City Union Bank,Beneficiary,30.82,99.31,0.31,0.38,30.61,0.69
2025-09,Kerala Gramin Bank,Beneficiary,28.48,95.21,4.44,0.36,27.12,4.8
2025-09,Uttar Pradesh Gramin Bank,Beneficiary,26.7,91.39,8.31,0.29,24.4,8.6
2025-09,Punjab and Sind Bank,Beneficiary,26.45,97.99,1.28,0.74,25.92,2.02
2025-09,Ujjivan Small Finance Bank Limited,Beneficiary,26.1,99.5,0.3,0.2,25.97,0.5
2025-09,Suryoday Small Finance Bank Limited,Beneficiary,25.22,97.57,1.51,0.92,24.61,2.43
2025-09,Karnataka Gramin Bank,Beneficiary,25.11,77.86,20.89,1.25,19.55,22.14
2025-09,Citi Bank,Beneficiary,19.87,99.72,0.04,0.24,19.81,0.28
2025-09,Telangana Grameena Bank,Beneficiary,18.56,97.73,1.87,0.4,18.14,2.27
2025-09,Rajasthan Gramin Bank,Beneficiary,18.11,97.1,0.86,2.05,17.58,2.91
2025-09,ESAF Small Finance Bank Ltd,Beneficiary,15.56,99.42,0.1,0.48,15.47,0.58
2025-09,Maharashtra Gramin Bank,Beneficiary,14.82,83.16,16.76,0.08,12.32,16.84
2025-09,Andhra Pragathi Grameena Bank,Beneficiary,14.27,96.17,2.75,1.08,13.72,3.83
2025-09,Equitas Small Finance Bank,Beneficiary,14.11,97.99,0.21,1.8,13.83,2.01
