month_year,bank_name,role_type,total_volume_mn,approved_volume_mn,approved_pct,technical_decline_pct,business_decline_pct,total_decline_pct
2024-04,State Bank Of India,Remitter,3581.27,3369.98,94.1,89,5.01,94.01
2024-04,HDFC BANK LTD,Remitter,1157.04,1108.68,95.82,9,4.08,13.08
2024-04,Bank of Baroda,Remitter,898.17,811.86,90.39,1.59,8.02,9.61
2024-04,Union Bank of India,Remitter,837.24,779.72,93.13,1.59,5.28,6.87
2024-04,Punjab National Bank,Remitter,741.9,689.67,92.96,1.11,5.93,7.04
2024-04,Kotak Mahindra Bank,Remitter,725.32,665.63,91.77,1.78,6.45,8.23
2024-04,Canara Bank,Remitter,642.1,599.66,93.39,66,5.95,71.95
2024-04,Axis Bank Ltd.,Remitter,609.02,583.08,95.74,3,4.23,7.23
2024-04,ICICI Bank,Remitter,599.22,577.47,96.37,8,3.55,11.55
2024-04,Bank of India,Remitter,439.7,411.87,93.67,1.31,5.02,6.33
2024-04,Indian Bank,Remitter,407.28,382.72,93.97,15,5.88,20.88
2024-04,Airtel Payments Bank,Remitter,395.64,358.53,90.62,72,8.66,80.66
2024-04,India Post Payment Bank,Remitter,270.23,223.97,82.88,1.16,15.95,17.11
2024-04,Federal Bank,Remitter,206.55,195.6,94.7,4,5.26,9.26
2024-04,Central Bank Of India,Remitter,200.6,171.27,85.38,3.83,10.79,14.62
2024-04,Indian Overseas Bank,Remitter,187.73,175.04,93.24,1.74,5.02,6.76
2024-04,UCO Bank,Remitter,171.92,161.09,93.7,16,6.14,22.14
2024-04,Bank of Maharashtra,Remitter,151.41,141.02,93.14,1.39,5.47,6.86
2024-04,IDBI Bank Limited,Remitter,151.25,142.54,94.24,51,5.24,56.24
2024-04,INDUSIND BANK,Remitter,150.57,138.6,92.05,89,7.07,96.07
2024-04,Fino Payments Bank Limited,Remitter,134.12,121.9,90.89,51,8.59,59.59
2024-04,Yes Bank Ltd,Remitter,106.01,98.52,92.93,53,6.53,59.53
2024-04,Karnataka Bank,Remitter,105.44,97.65,92.61,1.05,6.33,7.38
2024-04,IDFC FIRST Bank,Remitter,83.34,77.41,92.89,13,6.98,19.98
2024-04,Karur Vysya Bank,Remitter,65.73,61.77,93.97,22,5.82,27.82
2024-04,Jammu and Kashmir Bank,Remitter,58.65,55.17,94.07,1.16,4.77,5.93
2024-04,Bandhan Bank,Remitter,55.96,51.74,92.46,1.81,5.73,7.54
2024-04,South Indian Bank,Remitter,52.51,50.09,95.4,12,4.47,16.47
2024-04,Tri O Tech Solutions Private Limited,Remitter,46.64,46.64,100,0,0,0
2024-04,AU small Finance Bank,Remitter,45.86,42.54,92.76,1.05,6.19,7.24
2024-04,Ujjivan Small Finance Bank,Remitter,42.92,40.41,94.15,24,5.62,29.62
2024-04,City Union Bank,Remitter,39.67,36.81,92.8,29,6.91,35.91
2024-04,Tamilnad Mercantile Bank,Remitter,36.11,33.16,91.84,59,7.57,66.57
2024-04,Punjab and Sind Bank,Remitter,34.51,28.62,82.94,9.01,8.05,17.06
2024-04,Equitas Bank,Remitter,32.32,29.98,92.77,7,7.15,14.15
2024-04,Andhra Pradesh Grameena Vikas Bank,Remitter,29.08,24.76,85.16,1.78,13.06,14.84
2024-04,Kerala Gramin Bank,Remitter,27.5,25.4,92.37,1.42,6.21,7.63
2024-04,Pragathi Krishna Gramin Bank,Remitter,26.83,23.67,88.21,3.72,8.07,11.79
2024-04,DBS Bank India Limited,Remitter,26.42,24.93,94.37,17,5.46,22.46
2024-04,Maharashtra Gramin Bank,Remitter,25.64,21.99,85.76,2.54,11.7,14.24
2024-04,Rajasthan Marudhara Gramin Bank,Remitter,24.19,21.04,86.99,99,12.02,111.02
2024-04,Standard Chartered,Remitter,24.01,23.17,96.49,66,2.85,68.85
2024-04,Saraswat Bank,Remitter,23.34,22.15,94.9,62,4.48,66.48
2024-04,Baroda UP Gramin Bank,Remitter,22.48,16.95,75.41,15.41,9.17,24.58
2024-04,Fincare Small Finance Bank Ltd,Remitter,21.68,18.42,84.95,59,14.46,73.46
2024-04,ESAF Small Finance Bank Ltd.,Remitter,21.48,20.34,94.68,40,4.92,44.92
2024-04,Citi Bank,Remitter,19.73,19.05,96.53,36,3.11,39.11
2024-04,Sarva Haryana Gramin Bank,Remitter,18.34,16.83,91.76,74,7.5,81.5
2024-04,Andhra Pragathi Grameena Bank,Remitter,18.19,14.46,79.51,5.92,14.58,20.5
2024-04,RBL Bank Limited,Remitter,15.1,13.44,89.02,72,10.26,82.26
2025-04,State Bank of India,Remitter,4850.52,4454.23,91.83,0.75,7.42,8.17
2025-04,HDFC Bank Ltd.,Remitter,1471.2,1386.75,94.26,0,5.74,5.74
2025-04,Bank of Baroda,Remitter,1243.19,1115.64,89.74,0.01,10.25,10.26
2025-04,Union Bank of India,Remitter,1139.95,1041.23,91.34,0.47,8.18,8.65
2025-04,Punjab National Bank,Remitter,1033.6,939.54,90.9,0.36,8.74,9.1
2025-04,Kotak Mahindra Bank,Remitter,917.25,829.38,90.42,0,9.58,9.58
2025-04,Canara Bank,Remitter,876.59,805.41,91.88,0.14,7.97,8.11
2025-04,Axis Bank Ltd.,Remitter,837.82,784.95,93.69,0.01,6.3,6.31
2025-04,ICICI Bank Ltd.,Remitter,697.48,664.63,95.29,0.03,4.68,4.71
2025-04,Indian Bank,Remitter,581.43,532.01,91.5,0,8.5,8.5
2025-04,Bank Of India,Remitter,578.05,527.7,91.29,0.92,7.79,8.71
2025-04,Airtel Payments Bank Limited,Remitter,567.67,471.9,83.13,0.46,16.41,16.87
2025-04,India Post Payments Bank Limited,Remitter,554.68,477.41,86.07,0.21,13.73,13.94
2025-04,Indian Overseas Bank,Remitter,288.12,265.21,92.05,0.22,7.73,7.95
2025-04,Central Bank of India,Remitter,260.39,223.47,85.82,0.64,13.54,14.18
2025-04,UCO Bank,Remitter,252.89,225.75,89.27,0.33,10.4,10.73
2025-04,Federal Bank Ltd.,Remitter,245.91,225.01,91.5,0,8.49,8.49
2025-04,Fino Payments Bank Ltd.,Remitter,209.14,180.99,86.54,0.1,13.35,13.45
2025-04,Bank of Maharashtra,Remitter,205.33,189.21,92.15,0.05,7.8,7.85
2025-04,Indusind Bank Ltd.,Remitter,199.26,175.69,88.17,0.1,11.74,11.84
2025-04,IDBI Bank Ltd.,Remitter,195.97,181.7,92.72,0.15,7.12,7.27
2025-04,Yes Bank Ltd.,Remitter,168.8,150.59,89.21,0.03,10.76,10.79
2025-04,Karnataka Bank,Remitter,137.3,122.9,89.51,1.27,9.22,10.49
2025-04,IDFC Bank Ltd.,Remitter,111.75,102.41,91.64,0.01,8.35,8.36
2025-04,Tri O Tech Solutions Private Limited,Remitter,99.59,99.59,100,0,0,0
2025-04,The Jammu & Kashmir Bank Limited,Remitter,94.27,87.08,92.37,1.05,6.58,7.63
2025-04,Karur Vysya Bank,Remitter,87.89,81.18,92.36,0.2,7.44,7.64
2025-04,Bandhan Bank limited,Remitter,82.44,77.29,93.75,0.64,5.62,6.26
2025-04,AU Small Finance Bank,Remitter,73.95,64.62,87.39,0.27,12.34,12.61
2025-04,The South Indian Bank Limited,Remitter,66.92,62.96,94.08,0.01,5.91,5.92
2025-04,Punjab and Sind Bank,Remitter,54.5,49.14,90.17,0.47,9.36,9.83
2025-04,City Union Bank,Remitter,52.19,47.26,90.55,0.27,9.18,9.45
2025-04,Ujjivan Small Finance Bank Limited,Remitter,51.6,47.45,91.96,0.94,7.09,8.03
2025-04,Tamilnad Mercantile Bank Limited,Remitter,50.57,46.32,91.59,0.14,8.27,8.41
2025-04,JIO Payments Bank Ltd,Remitter,49.43,39.2,79.3,0.58,20.13,20.71
2025-04,Baroda U.P. Bank,Remitter,43.04,39.51,91.8,1.4,6.8,8.2
2025-04,Kerala Gramin Bank,Remitter,41.93,38.21,91.12,1.2,7.68,8.88
2025-04,RBL Bank Ltd.,Remitter,36.09,33.48,92.76,0.45,6.8,7.25
2025-04,Telangana Grameena Bank,Remitter,36.07,30.98,85.88,1.21,12.91,14.12
2025-04,Maharashtra Gramin Bank,Remitter,35.66,30.11,84.44,2.73,12.84,15.57
2025-04,Karnataka Gramin Bank,Remitter,34.52,29.71,86.08,2.8,11.12,13.92
2025-04,Rajasthan Marudhara Gramin Bank,Remitter,33.47,27.67,82.68,0.31,17.01,17.32
2025-04,NSDL Payments Bank Limited,Remitter,33.14,25.85,78.01,1.32,20.66,21.98
2025-04,DBS Bank India Limited,Remitter,31.44,28.87,91.81,0.01,8.18,8.19
2025-04,ESAF Small Finance Bank Ltd,Remitter,30.46,28.87,94.78,0.05,5.17,5.22
2025-04,Equitas Small Finance Bank,Remitter,30.39,27.39,90.12,0.44,9.44,9.88
2025-04,Saraswat Co-operative Bank,Remitter,28.81,27.12,94.13,0,5.86,5.86
2025-04,Andhra Pragathi Grameena Bank,Remitter,28.12,23.08,82.07,5.22,12.71,17.93
2025-04,Standard Chartered Bank,Remitter,27.01,25.53,94.52,0.97,4.5,5.47
2025-04,Sarva Haryana Gramin Bank,Remitter,23.95,22.33,93.23,1.73,5.04,6.77
2026-04,State Bank Of India,Remitter,6183.11,5661.87,91.57,17,8.25,25.25
2026-04,Hdfc Bank Ltd.,Remitter,1669.79,1564.26,93.68,5,6.28,11.28
2026-04,Bank Of Baroda,Remitter,1638.53,1447.15,88.32,6,11.62,17.62
2026-04,Union Bank Of India,Remitter,1447.9,1314.55,90.79,0,9.21,9.21
2026-04,Punjab National Bank,Remitter,1315.38,1165.03,88.57,32,11.11,43.11
2026-04,Canara Bank,Remitter,1152.59,1051.39,91.22,26,8.52,34.52
2026-04,Kotak Mahindra Bank,Remitter,1123.84,1007.86,89.68,1,10.31,11.31
2026-04,Axis Bank Ltd.,Remitter,1017.31,952.61,93.64,1,6.36,7.36
2026-04,India Post Payments Bank Limited,Remitter,869.56,710.26,81.68,76,17.57,93.57
2026-04,Indian Bank,Remitter,783.67,702.56,89.65,8,10.27,18.27
2026-04,Icici Bank Ltd.,Remitter,775.63,741.58,95.61,0,4.39,4.39
2026-04,Airtel Payments Bank Limited,Remitter,772.45,574.55,74.38,34,25.28,59.28
2026-04,Bank Of India,Remitter,712.52,650.74,91.33,4,8.63,12.63
2026-04,Indian Overseas Bank,Remitter,412.91,376.33,91.14,10,8.76,18.76
2026-04,Central Bank Of India,Remitter,408.62,356.07,87.14,1.39,11.47,12.86
2026-04,Uco Bank,Remitter,329.07,284.91,86.58,15,13.27,28.27
2026-04,Federal Bank Ltd.,Remitter,288.29,262.14,90.93,5,9.02,14.02
2026-04,Fino Payments Bank Ltd.,Remitter,268.5,208.46,77.64,22,22.14,44.14
2026-04,Bank Of Maharashtra,Remitter,259.61,235.62,90.76,15,9.09,24.09
2026-04,Indusind Bank Ltd.,Remitter,248.08,213.32,85.99,11,13.9,24.9
2026-04,Idbi Bank Ltd.,Remitter,226.76,208.03,91.74,11,8.15,19.15
2026-04,Tri O Tech Solutions Private Limited,Remitter,180.33,180.33,100,0,0,0
2026-04,Yes Bank Ltd.,Remitter,169.52,154.4,91.08,17,8.75,25.75
2026-04,Karnataka Bank,Remitter,161.94,146.62,90.54,7,9.39,16.39
2026-04,Idfc Bank Ltd.,Remitter,143.99,132.3,91.88,4,8.08,12.08
2026-04,The Jammu & Kashmir Bank Limited,Remitter,116.59,107.36,92.08,4,7.88,11.88
2026-04,Karur Vysya Bank,Remitter,104.46,96.4,92.28,20,7.53,27.53
2026-04,Jio Payments Bank Ltd,Remitter,102.39,82.58,80.65,45,18.91,63.91
2026-04,Bandhan Bank Limited,Remitter,100.26,95.15,94.9,42,4.67,46.67
2026-04,Au Small Finance Bank,Remitter,89.99,77.92,86.59,62,12.79,74.79
2026-04,Baroda U.P. Bank,Remitter,85.89,78.31,91.18,3.33,5.48,8.81
2026-04,The South Indian Bank Limited,Remitter,81.23,76.02,93.59,14,6.27,20.27
2026-04,Nsdl Payments Bank Limited,Remitter,80.35,58.7,73.05,3.67,23.28,26.95
2026-04,Slice Small Finance Bank Limited,Remitter,76.91,72.47,94.23,10,5.67,15.67
2026-04,Punjab And Sind Bank,Remitter,69.04,60.15,87.12,29,12.59,41.59
2026-04,Rajasthan Marudhara Gramin Bank,Remitter,65.75,52.34,79.61,6.03,14.36,20.39
2026-04,Tamilnad Mercantile Bank Limited,Remitter,64.04,58.56,91.45,30,8.25,38.25
2026-04,Ujjivan Small Finance Bank Limited,Remitter,63.65,55.04,86.48,75,12.78,87.78
2026-04,Karnataka Gramin Bank,Remitter,61.4,52.79,85.98,2.58,11.44,14.02
2026-04,City Union Bank,Remitter,60.88,55.63,91.38,27,8.35,35.35
2026-04,Kerala Gramin Bank,Remitter,57.67,53.49,92.76,41,6.84,47.84
2026-04,Telangana Grameena Bank,Remitter,53.21,45.55,85.61,3.09,11.3,14.39
2026-04,Chaitanya Godavari Grameena Bank,Remitter,48.58,41.92,86.3,1.03,12.67,13.7
2026-04,Maharashtra Gramin Bank,Remitter,44.54,37.08,83.24,1.17,15.59,16.76
2026-04,Esaf Small Finance Bank Ltd,Remitter,36.72,34.74,94.62,1.69,3.69,5.38
2026-04,Saraswat Co-Operative Bank,Remitter,34.24,32.01,93.48,63,5.89,68.89
2026-04,Dbs Bank India Limited,Remitter,31.89,29.05,91.08,20,8.72,28.72
2026-04,Rbl Bank Ltd.,Remitter,30.92,27.95,90.41,61,8.98,69.98
2026-04,Equitas Small Finance Bank,Remitter,29.77,26.47,88.92,6,11.02,17.02
2026-04,One Mobikwik Systems Limited,Remitter,29.23,29.23,100,0,0,0
2024-08,State Bank Of India,Remitter,4052.31,3825.38,94.4,21,5.39,26.39
2024-08,HDFC Bank Ltd.,Remitter,1270.59,1210.62,95.28,6,4.66,10.66
2024-08,Bank of Baroda,Remitter,985.86,911.43,92.45,60,6.95,66.95
2024-08,Union Bank Of India,Remitter,941.93,880.8,93.51,65,5.83,70.83
2024-08,Punjab national Bank,Remitter,835,768.12,91.99,9,7.92,16.92
2024-08,Kotak Mahindra Bank,Remitter,772.93,714.42,92.43,9,7.48,16.48
2024-08,Axis bank Ltd.,Remitter,730.47,697.38,95.47,0,4.53,4.53
2024-08,Canara Bank,Remitter,722.42,672.65,93.11,78,6.11,84.11
2024-08,ICICI Bank Ltd.,Remitter,648.75,623.77,96.15,9,3.76,12.76
2024-08,Bank Of India,Remitter,478.26,448.89,93.86,53,5.61,58.61
2024-08,Indian Bank,Remitter,462.16,434.52,94.02,6,5.92,11.92
2024-08,Airtel Payments Bank Ltd,Remitter,437.93,394.18,90.01,15,9.84,24.84
2024-08,India Post Payments Bank Ltd,Remitter,349.66,308.64,88.27,74,10.99,84.99
2024-08,Federal bank Ltd.,Remitter,221.37,208.57,94.22,3,5.75,8.75
2024-08,Central Bank of India,Remitter,218.28,192.87,88.36,59,11.05,70.05
2024-08,Indian Overseas Bank,Remitter,217.93,201.45,92.44,1.64,5.92,7.56
2024-08,UCO Bank,Remitter,200.84,185.36,92.29,12,7.59,19.59
2024-08,IDBI Bank,Remitter,166.58,156.87,94.17,26,5.57,31.57
2024-08,Indusind Bank Ltd.,Remitter,165.7,151.6,91.49,17,8.34,25.34
2024-08,Bank of Maharashtra,Remitter,163.62,152.71,93.33,25,6.41,31.41
2024-08,Fino Payments Bank Limited,Remitter,151.38,140.45,92.78,39,6.83,45.83
2024-08,Yes Bank Ltd.,Remitter,126.41,118.71,93.91,23,5.87,28.87
2024-08,Karnataka Bank,Remitter,117.67,109.17,92.78,21,7.01,28.01
2024-08,IDFC First Bank Ltd,Remitter,89.97,84.25,93.64,23,6.13,29.13
2024-08,Karur Vysya Bank,Remitter,74.18,68.61,92.49,1.3,6.22,7.52
2024-08,AU small Finance Bank,Remitter,69.4,63.33,91.26,2,8.72,10.72
2024-08,The Jammu & Kashmir Bank Limited,Remitter,69.35,64.45,92.93,2.06,5.02,7.08
2024-08,Bandhan Bank limited,Remitter,66.15,61.68,93.24,1.03,5.73,6.76
2024-08,The South Indian Bank Limited,Remitter,60.3,57.33,95.07,5,4.88,9.88
2024-08,Tri O Tech Solutions Private Limited,Remitter,57.12,57.12,100,0,0,0
2024-08,Ujjivan Small Finance Bank Limited,Remitter,45.73,43.1,94.25,42,5.32,47.32
2024-08,City Union Bank,Remitter,44.59,41.37,92.78,49,6.73,55.73
2024-08,Punjab and Sind Bank,Remitter,42.38,39.04,92.12,49,7.39,56.39
2024-08,Tamilnad Mercantile Bank Limited,Remitter,41.5,38.07,91.74,46,7.81,53.81
2024-08,Kerala Gramin Bank,Remitter,34.73,31.52,90.77,2.87,6.37,9.24
2024-08,Equitas Small Finance Bank Ltd,Remitter,32.89,30.29,92.09,66,7.25,73.25
2024-08,Karnataka Gramin Bank (Erstwhile Pragathi Krishna Gramin Bank),Remitter,30.19,25.6,84.79,7.83,7.38,15.21
2024-08,Andhra Pradesh Grameena Vikas Bank - IMPS,Remitter,28.61,24.68,86.25,91,12.84,103.84
2024-08,DBS Bank India Limited,Remitter,28.32,26.56,93.8,3,6.18,9.18
2024-08,Standard Chartered Bank,Remitter,26.22,25.46,97.09,3,2.89,5.89
2024-08,ESAF Small Finance Bank Ltd.,Remitter,25.47,24.22,95.08,21,4.72,25.72
2024-08,Saraswat Co-operative Bank,Remitter,25.08,23.85,95.11,13,4.76,17.76
2024-08,Maharashtra Gramin Bank,Remitter,24.99,21.58,86.37,1.35,12.27,13.62
2024-08,Baroda U.P. Bank (Erstwhile Baroda Uttar Pradesh Gramin Bank),Remitter,24.96,22.1,88.53,2.68,8.79,11.47
2024-08,Rajasthan Marudhara Gramin Bank,Remitter,23.83,20.7,86.87,2.58,10.55,13.13
2024-08,Sarva Haryana Gramin Bank,Remitter,20.33,17.83,87.7,5.7,6.6,12.3
2024-08,Jio Payments Bank limited,Remitter,20.1,16.49,82.02,2.94,15.04,17.98
2024-08,RBL Bank Ltd.,Remitter,18.51,16.8,90.75,40,8.85,48.85
2024-08,NSDL Payments Bank Limited,Remitter,18.11,15.34,84.73,3.47,11.81,15.28
2024-08,Andhra Pragathi Grameena Bank,Remitter,17.78,15.19,85.45,1.61,12.94,14.55
2025-08,State Bank of India,Remitter,5368.74,5028.36,93.66,42,5.92,47.92
2025-08,HDFC Bank Ltd.,Remitter,1581.09,1507.89,95.37,1,4.63,5.63
2025-08,Bank of Baroda,Remitter,1369.53,1252.3,91.44,5,8.5,13.5
2025-08,Union Bank of India,Remitter,1233.2,1137.38,92.23,75,7.02,82.02
2025-08,Punjab National Bank,Remitter,1131.31,1031.75,91.2,19,8.61,27.61
2025-08,Kotak Mahindra Bank,Remitter,978.17,903.73,92.39,13,7.47,20.47
2025-08,Canara Bank,Remitter,970.63,900.07,92.73,36,6.92,42.92
2025-08,Axis Bank Ltd.,Remitter,902.87,857.37,94.96,2,5.03,7.03
2025-08,ICICI Bank Ltd.,Remitter,752.78,720.11,95.66,52,3.82,55.82
2025-08,India Post Payments Bank Limited,Remitter,674.59,593.1,87.92,93,11.15,104.15
2025-08,Indian Bank,Remitter,653.87,608.43,93.05,14,6.81,20.81
2025-08,Airtel Payments Bank Limited,Remitter,637.23,546.93,85.83,12,14.05,26.05
2025-08,Bank Of India,Remitter,605.1,538.3,88.96,4.32,6.72,11.04
2025-08,Indian Overseas Bank,Remitter,330.15,306.71,92.9,64,6.47,70.47
2025-08,Central Bank of India,Remitter,307.77,280.44,91.12,1.08,7.81,8.89
2025-08,UCO Bank,Remitter,283.93,260.36,91.7,37,7.93,44.93
2025-08,Federal Bank Ltd.,Remitter,266.43,248.07,93.11,59,6.3,65.3
2025-08,Fino Payments Bank Ltd.,Remitter,237.47,204.63,86.17,1.42,12.42,13.84
2025-08,Bank of Maharashtra,Remitter,218.97,204.89,93.57,6,6.37,12.37
2025-08,Indusind Bank Ltd.,Remitter,216.95,195.58,90.15,26,9.59,35.59
2025-08,IDBI Bank Ltd.,Remitter,206.69,191.77,92.78,83,6.38,89.38
2025-08,Yes Bank Ltd.,Remitter,177.66,162.54,91.49,15,8.37,23.37
2025-08,Karnataka Bank,Remitter,142,131.8,92.82,7,7.11,14.11
2025-08,Tri O Tech Solutions Private Limited,Remitter,134.92,134.92,100,0,0,0
2025-08,IDFC Bank Ltd.,Remitter,120.47,112.81,93.64,8,6.28,14.28
2025-08,The Jammu & Kashmir Bank Limited,Remitter,99.01,92.09,93.01,1.17,5.82,6.99
2025-08,Karur Vysya Bank,Remitter,95.13,88.38,92.9,59,6.51,65.51
2025-08,Bandhan Bank limited,Remitter,92.44,87.34,94.48,15,5.37,20.37
2025-08,AU Small Finance Bank,Remitter,79.26,69.86,88.14,2.33,9.53,11.86
2025-08,The South Indian Bank Limited,Remitter,76.06,72.28,95.03,24,4.73,28.73
2025-08,JIO Payments Bank Ltd,Remitter,61.01,51.34,84.15,3.55,12.3,15.85
2025-08,Punjab and Sind Bank,Remitter,59.04,53.51,90.64,86,8.5,94.5
2025-08,City Union Bank,Remitter,57.26,53.02,92.59,11,7.3,18.3
2025-08,Tamilnad Mercantile Bank Limited,Remitter,55.86,51.48,92.16,1.28,6.56,7.84
2025-08,Ujjivan Small Finance Bank Limited,Remitter,54.77,49.54,90.46,1.28,8.26,9.54
2025-08,Baroda U.P. Bank,Remitter,53.78,47.15,87.67,7.63,4.69,12.32
2025-08,NSDL Payments Bank Limited,Remitter,51.33,43.67,85.08,1.3,13.62,14.92
2025-08,Kerala Gramin Bank,Remitter,50.92,46.22,90.77,2.69,6.54,9.23
2025-08,Telangana Grameena Bank,Remitter,40.42,35.58,88.02,2.47,9.51,11.98
2025-08,Maharashtra Gramin Bank,Remitter,38.08,31.9,83.77,2.44,13.79,16.23
2025-08,ESAF Small Finance Bank Ltd,Remitter,34.96,33.53,95.92,8,4.01,12.01
2025-08,Karnataka Gramin Bank,Remitter,34.89,31.02,88.91,1.26,9.83,11.09
2025-08,Rajasthan Marudhara Gramin Bank,Remitter,32.73,28.01,85.57,2.69,11.74,14.43
2025-08,RBL Bank Ltd.,Remitter,32.15,29.81,92.71,56,6.73,62.73
2025-08,Andhra Pragathi Grameena Bank,Remitter,32.07,26.65,83.11,3.77,13.12,16.89
2025-08,DBS Bank India Limited,Remitter,31.37,28.89,92.08,1.48,6.44,7.92
2025-08,Saraswat Co-operative Bank,Remitter,30.02,28.24,94.06,1.37,4.57,5.94
2025-08,Equitas Small Finance Bank,Remitter,29.43,26.79,91.02,33,8.64,41.64
2025-08,Axis Bank Credit Card,Remitter,28.41,27,95.02,8,4.91,12.91
2025-08,Sarva Haryana Gramin Bank,Remitter,26.5,24.39,92.03,3.51,4.46,7.97
2024-12,State Bank of India,Remitter,4540.13,4219.6,92.94,48,6.58,54.58
2024-12,HDFC Bank Ltd.,Remitter,1403.46,1317.71,93.89,9,6.02,15.02
2024-12,Bank of Baroda,Remitter,1125.93,1032.59,91.71,10,8.19,18.19
2024-12,Union Bank of India,Remitter,1070.69,984.07,91.91,13,7.96,20.96
2024-12,Punjab National Bank,Remitter,954.15,856.92,89.81,91,9.28,100.28
2024-12,Kotak Mahindra Bank,Remitter,872.07,787.04,90.25,5,9.7,14.7
2024-12,Canara Bank,Remitter,818.65,750.7,91.7,68,7.62,75.62
2024-12,Axis Bank Ltd.,Remitter,810.01,759.79,93.8,3,6.17,9.17
2024-12,ICICI Bank Ltd.,Remitter,700.67,666.83,95.17,11,4.72,15.72
2024-12,Bank Of India,Remitter,540.44,503.04,93.08,11,6.82,17.82
2024-12,Indian Bank,Remitter,524.93,485.61,92.51,13,7.36,20.36
2024-12,Airtel Payments Bank Limited,Remitter,521.02,454.07,87.15,18,12.67,30.67
2024-12,India Post Payments Bank Ltd.,Remitter,459.83,379.91,82.62,4.22,13.15,17.37
2024-12,Indian Overseas Bank,Remitter,257.21,237.56,92.36,65,6.99,71.99
2024-12,Federal Bank Ltd.,Remitter,245.26,225.32,91.87,6,8.07,14.07
2024-12,Central Bank of India,Remitter,244.52,210.09,85.92,43,13.64,56.64
2024-12,UCO Bank,Remitter,225.35,206.49,91.63,12,8.24,20.24
2024-12,Bank of Maharashtra,Remitter,188.42,173.44,92.05,48,7.48,55.48
2024-12,IDBI Bank Ltd.,Remitter,186.2,173.09,92.96,26,6.78,32.78
2024-12,Indusind Bank Ltd.,Remitter,185.78,164.03,88.29,18,11.53,29.53
2024-12,Fino Payments Bank Ltd.,Remitter,175.75,163.06,92.78,8,7.14,15.14
2024-12,Yes Bank Ltd.,Remitter,167.84,140.4,83.65,37,15.97,52.97
2024-12,Karnataka Bank,Remitter,132.76,122.5,92.27,8,7.65,15.65
2024-12,IDFC Bank Ltd.,Remitter,100.59,91.43,90.89,3,9.08,12.08
2024-12,Karur Vysya Bank,Remitter,83.14,76.62,92.16,39,7.44,46.44
2024-12,The Jammu & Kashmir Bank Limited,Remitter,81.64,73.75,90.33,3.89,5.78,9.67
2024-12,Bandhan Bank limited,Remitter,76.61,70.76,92.36,2.34,5.3,7.64
2024-12,Tri O Tech Solutions Private Limited,Remitter,75.47,75.47,100,0,0,0
2024-12,AU Small Finance Bank,Remitter,74.62,64.12,85.93,32,13.75,45.75
2024-12,The South Indian Bank Limited,Remitter,66.9,63.19,94.45,9,5.46,14.46
2024-12,Punjab and Sind Bank,Remitter,49.27,44.76,90.85,23,8.92,31.92
2024-12,City Union Bank,Remitter,48.89,45.12,92.29,13,7.58,20.58
2024-12,Ujjivan Small Finance Bank Limited,Remitter,48.39,45.65,94.34,72,4.94,76.94
2024-12,Tamilnad Mercantile Bank Limited,Remitter,46.51,42.83,92.08,27,7.65,34.65
2024-12,Kerala Gramin Bank,Remitter,41.21,36.38,88.28,4.95,6.77,11.72
2024-12,JIO Payments Bank Ltd,Remitter,33.99,29.68,87.33,83,11.83,94.83
2024-12,Baroda U.P. Bank,Remitter,33.15,30.44,91.84,1.29,6.86,8.15
2024-12,Equitas Small Finance Bank,Remitter,32.91,30,91.17,6,8.77,14.77
2024-12,Karnataka Gramin Bank,Remitter,32.82,28.48,86.77,4.36,8.87,13.23
2024-12,DBS Bank India Limited,Remitter,30.61,28.32,92.52,10,7.38,17.38
2024-12,Andhra Pradesh Grameena Vikas Bank,Remitter,29.81,25.1,84.21,1.64,14.15,15.79
2024-12,ESAF Small Finance Bank Ltd,Remitter,29.55,28.19,95.4,3,4.57,7.57
2024-12,Maharashtra Gramin Bank,Remitter,29.54,25.08,84.9,3.03,12.07,15.1
2024-12,Rajasthan Marudhara Gramin Bank,Remitter,29.43,25.28,85.89,1.79,12.33,14.12
2024-12,RBL Bank Ltd.,Remitter,28.58,26.45,92.56,22,7.22,29.22
2024-12,NSDL Payments Bank Limited,Remitter,28.19,23.99,85.11,1.4,13.49,14.89
2024-12,Saraswat Co-operative Bank,Remitter,28.07,26.27,93.6,37,6.03,43.03
2024-12,Standard Chartered Bank,Remitter,27.55,26.11,94.79,1.3,3.92,5.22
2024-12,Andhra Pragathi Grameena Bank,Remitter,26.11,19.68,75.39,11.16,13.44,24.6
2024-12,Sarva Haryana Gramin Bank,Remitter,21.42,19.16,89.43,4.46,6.11,10.57
2025-12,State Bank of India,Remitter,5833.74,5360.62,91.89,57,7.54,64.54
2025-12,HDFC Bank Ltd.,Remitter,1654.3,1560,94.3,3,5.67,8.67
2025-12,Bank of Baroda,Remitter,1514.5,1356.54,89.57,11,10.32,21.32
2025-12,Union Bank of India,Remitter,1346.98,1222.38,90.75,58,8.66,66.66
2025-12,Punjab National Bank,Remitter,1206.23,1077.04,89.29,56,10.15,66.15
2025-12,Axis Bank Ltd.,Remitter,1107.12,1050.32,94.87,1,5.12,6.12
2025-12,Canara Bank,Remitter,1076.87,979.41,90.95,80,8.24,88.24
2025-12,Kotak Mahindra Bank,Remitter,1075.99,976.89,90.79,1,9.19,10.19
2025-12,ICICI Bank Ltd.,Remitter,777.48,744.36,95.74,5,4.2,9.2
2025-12,India Post Payments Bank Limited,Remitter,770.88,650.55,84.39,63,14.98,77.98
2025-12,Indian Bank,Remitter,728.78,663.77,91.08,22,8.69,30.69
2025-12,Airtel Payments Bank Limited,Remitter,713.93,577.07,80.83,24,18.93,42.93
2025-12,Bank Of India,Remitter,675.44,624.71,92.49,22,7.29,29.29
2025-12,Indian Overseas Bank,Remitter,373.86,341.48,91.34,1.01,7.65,8.66
2025-12,Central Bank of India,Remitter,361.51,324.42,89.74,81,9.46,90.46
2025-12,UCO Bank,Remitter,311.19,278.17,89.39,15,10.46,25.46
2025-12,Federal Bank Ltd.,Remitter,287.32,265.11,92.27,11,7.62,18.62
2025-12,Fino Payments Bank Ltd.,Remitter,257.61,210.6,81.75,51,17.75,68.75
2025-12,Bank of Maharashtra,Remitter,241.41,223.3,92.5,27,7.23,34.23
2025-12,Indusind Bank Ltd.,Remitter,232.46,203.63,87.6,25,12.15,37.15
2025-12,IDBI Bank Ltd.,Remitter,216.21,200.79,92.87,40,6.73,46.73
2025-12,Yes Bank Ltd.,Remitter,182.31,164.97,90.49,12,9.39,21.39
2025-12,Karnataka Bank,Remitter,158.04,144.78,91.61,15,8.24,23.24
2025-12,Tri O Tech Solutions Private Limited,Remitter,157.89,157.89,100,0,0,0
2025-12,IDFC Bank Ltd.,Remitter,126.76,116.99,92.29,3,7.68,10.68
2025-12,The Jammu & Kashmir Bank Limited,Remitter,107.49,99.47,92.54,50,6.96,56.96
2025-12,Karur Vysya Bank,Remitter,102.37,94.7,92.51,12,7.37,19.37
2025-12,BANDHAN BANK LIMITED,Remitter,97.47,93.01,95.42,0,4.58,4.58
2025-12,JIO Payments Bank Ltd,Remitter,85.37,69.14,80.99,2.75,16.26,19.01
2025-12,AU Small Finance Bank,Remitter,85.25,75.17,88.18,16,11.66,27.66
2025-12,The South Indian Bank Limited,Remitter,81.38,76.81,94.38,4,5.58,9.58
2025-12,Uttar Pradesh Gramin Bank,Remitter,71.45,65.32,91.42,4.06,4.52,8.58
2025-12,NSDL Payments Bank Limited,Remitter,67.06,53.08,79.15,2.19,18.67,20.86
2025-12,Punjab and Sind Bank,Remitter,62.97,55.19,87.64,1.41,10.95,12.36
2025-12,Tamilnad Mercantile Bank Limited,Remitter,62.47,57.31,91.74,83,7.44,90.44
2025-12,City Union Bank,Remitter,61.25,56.24,91.82,7,8.11,15.11
2025-12,Ujjivan Small Finance Bank Limited,Remitter,59.73,52.77,88.34,16,11.5,27.5
2025-12,Kerala Gramin Bank,Remitter,55.2,50.93,92.26,31,7.43,38.43
2025-12,Rajasthan Gramin Bank,Remitter,54.91,46.15,84.05,3.29,12.66,15.95
2025-12,Karnataka Gramin Bank,Remitter,53.94,47.93,88.85,27,10.88,37.88
2025-12,Slice Small Finance Bank Limited,Remitter,48.39,46.14,95.36,12,4.51,16.51
2025-12,Telangana Grameena Bank,Remitter,47.72,42.29,88.63,71,10.65,81.65
2025-12,Andhra Pradesh Grameena Bank,Remitter,39.67,36.26,91.41,93,7.66,100.66
2025-12,Maharashtra Gramin Bank,Remitter,39.27,33.2,84.54,1.52,13.94,15.46
2025-12,ESAF Small Finance Bank Ltd,Remitter,36.95,35.42,95.86,30,3.85,33.85
2025-12,Saraswat Co-operative Bank,Remitter,33.09,31.16,94.17,56,5.28,61.28
2025-12,DBS Bank India Limited,Remitter,32.42,29.8,91.93,5,8.02,13.02
2025-12,RBL Bank Ltd.,Remitter,31.79,29.43,92.57,7,7.36,14.36
2025-12,Equitas Small Finance Bank,Remitter,29.61,26.72,90.25,1,9.74,10.74
2025-12,Sarva Haryana Gramin Bank,Remitter,27.78,25.33,91.17,1.87,6.97,8.84
2024-02,State Bank Of India,Remitter,3135.27,2973.18,94.83,94,4.23,98.23
2024-02,HDFC BANK LTD,Remitter,1049.59,1004.56,95.71,69,3.6,72.6
2024-02,Bank of Baroda,Remitter,786.15,734.74,93.46,1.03,5.51,6.54
2024-02,Union Bank of India,Remitter,754.01,707.26,93.8,1.68,4.52,6.2
2024-02,Punjab National Bank,Remitter,628.99,596.6,94.85,25,4.9,29.9
2024-02,ICICI Bank,Remitter,539.76,520.27,96.39,29,3.32,32.32
2024-02,Axis Bank Ltd.,Remitter,558.18,537.47,96.29,5,3.66,8.66
2024-02,Kotak Mahindra Bank,Remitter,609.79,567.71,93.1,1.42,5.48,6.9
2024-02,Canara Bank,Remitter,578.21,544.21,94.12,45,5.42,50.42
2024-02,Paytm Payments Bank,Remitter,294.2,277.7,94.39,1,5.6,6.6
2024-02,Bank of India,Remitter,389.19,367.98,94.55,90,4.55,94.55
2024-02,Indian Bank,Remitter,354.82,337.43,95.1,27,4.63,31.63
2024-02,Airtel Payments Bank,Remitter,344.18,313.58,91.11,24,8.65,32.65
2024-02,India Post Payment Bank,Remitter,271.05,225.51,83.2,3.81,13,16.81
2024-02,Federal Bank,Remitter,187.9,179.07,95.3,26,4.44,30.44
2024-02,Central Bank Of India,Remitter,179.35,148.18,82.62,7.8,9.59,17.39
2024-02,Indian Overseas Bank,Remitter,168.4,157.44,93.49,1.84,4.67,6.51
2024-02,UCO Bank,Remitter,148.69,140.53,94.51,11,5.38,16.38
2024-02,IDBI Bank Limited,Remitter,138.33,123.18,89.05,6.56,4.39,10.95
2024-02,Bank of Maharashtra,Remitter,135.58,124.63,91.92,3.26,4.82,8.08
2024-02,INDUSIND BANK,Remitter,129.68,121.08,93.37,71,5.92,76.92
2024-02,Fino Payments Bank Limited,Remitter,116.25,105.39,90.66,49,8.85,57.85
2024-02,Yes Bank Ltd,Remitter,93.4,88.45,94.7,24,5.06,29.06
2024-02,Karnataka Bank,Remitter,95.34,89.07,93.42,82,5.76,87.76
2024-02,Karur Vysya Bank,Remitter,60.33,56.74,94.05,50,5.44,55.44
2024-02,Bandhan Bank,Remitter,49.32,44.29,89.8,4.04,6.16,10.2
2024-02,South Indian Bank,Remitter,48.87,46.94,96.05,2,3.93,5.93
2024-02,IDFC FIRST Bank,Remitter,74.34,69.82,93.92,11,5.96,16.96
2024-02,Jammu and Kashmir Bank,Remitter,46.57,43.56,93.54,1.3,5.16,6.46
2024-02,City Union Bank,Remitter,36.62,34.19,93.36,43,6.21,49.21
2024-02,Ujjivan Small Finance Bank,Remitter,37.9,35.52,93.71,63,5.66,68.66
2024-02,AU small Finance Bank,Remitter,38.8,36.89,95.09,37,4.54,41.54
2024-02,Tamilnad Mercantile Bank,Remitter,32.68,30.4,93.01,54,6.45,60.45
2024-02,Equitas Bank,Remitter,28.88,26.88,93.09,4,6.87,10.87
2024-02,Standard Chartered,Remitter,26.59,25.52,95.99,1.78,2.23,4.01
2024-02,Punjab and Sind Bank,Remitter,31.49,28.61,90.85,3.16,6,9.16
2024-02,DBS Bank India Limited,Remitter,24.28,23.15,95.35,27,4.37,31.37
2024-02,Andhra Pradesh Grameena Vikas Bank,Remitter,26.19,21.96,83.85,96,15.19,111.19
2024-02,Pragathi Krishna Gramin Bank,Remitter,23.1,20.49,88.69,3.64,7.67,11.31
2024-02,CITI Bank,Remitter,18.92,18.01,95.17,37,4.45,41.45
2024-02,Maharashtra Gramin Bank,Remitter,22.28,19.32,86.73,1.75,11.53,13.28
2024-02,Kerala Gramin Bank,Remitter,25.18,22.91,90.99,2.88,6.13,9.01
2024-02,Saraswat Bank,Remitter,21.03,20.18,95.96,25,3.78,28.78
2024-02,Tri O Tech Solutions Private Limited,Remitter,37.89,37.89,100,0,0,0
2024-02,Rajasthan Marudhara Gramin Bank,Remitter,20.23,17.92,88.6,66,10.75,76.75
2024-02,ESAF Small Finance Bank Ltd.,Remitter,20.59,18.76,91.09,3.99,4.91,8.9
2024-02,Baroda UP Gramin Bank,Remitter,17.1,13.58,79.41,8.19,12.4,20.59
2024-02,Sarva Haryana Gramin Bank,Remitter,14.14,13.15,93.02,3,6.95,9.95
2024-02,RBL Bank,Remitter,15.27,12.46,81.63,10.06,8.31,18.37
2024-02,Andhra Pragathi Grameena Bank,Remitter,14.92,12.99,87.07,96,11.97,107.97
2025-02,State Bank of India,Remitter,4400.89,4054.54,92.13,0.34,7.53,7.87
2025-02,HDFC Bank Ltd.,Remitter,1335.84,1252.22,93.74,0.06,6.2,6.26
2025-02,Bank of Baroda,Remitter,1107.47,1005.36,90.78,0.06,9.16,9.22
2025-02,Union Bank of India,Remitter,1035.24,949.52,91.72,0.22,8.05,8.27
2025-02,Punjab National Bank,Remitter,925.01,830.1,89.74,0.14,10.12,10.26
2025-02,Kotak Mahindra Bank,Remitter,838.1,750.77,89.58,0.19,10.23,10.42
2025-02,Canara Bank,Remitter,799.21,726.16,90.86,0.44,8.7,9.14
2025-02,Axis Bank Ltd.,Remitter,774.8,722.19,93.21,0.02,6.78,6.8
2025-02,ICICI Bank Ltd.,Remitter,646.14,612.93,94.86,0.06,5.08,5.14
2025-02,Bank Of India,Remitter,524.43,482.48,92,0.83,7.17,8
2025-02,Indian Bank,Remitter,517.21,475.16,91.87,0.05,8.08,8.13
2025-02,Airtel Payments Bank Limited,Remitter,494.58,394.43,79.75,2.41,17.84,20.25
2025-02,India Post Payments Bank Ltd.,Remitter,488.27,414.2,84.83,1.13,14.04,15.17
2025-02,Indian Overseas Bank,Remitter,257.53,236.62,91.88,0.19,7.93,8.12
2025-02,Central Bank of India,Remitter,234.96,202.04,85.99,0.52,13.49,14.01
2025-02,Federal Bank Ltd.,Remitter,234.23,214.41,91.54,0.14,8.32,8.46
2025-02,UCO Bank,Remitter,222.51,201.15,90.4,0.38,9.22,9.6
2025-02,Bank of Maharashtra,Remitter,183.07,168.5,92.04,0.5,7.47,7.97
2025-02,Fino Payments Bank Ltd.,Remitter,182.03,163.61,89.88,0.22,9.89,10.11
2025-02,Indusind Bank Ltd.,Remitter,180.68,158.11,87.51,0.37,12.12,12.49
2025-02,IDBI Bank Ltd.,Remitter,177.38,163.76,92.32,0.34,7.34,7.68
2025-02,Yes Bank Ltd.,Remitter,150.13,130.6,86.99,0.23,12.77,13
2025-02,Karnataka Bank,Remitter,127.01,115.43,90.88,0.47,8.65,9.12
2025-02,IDFC Bank Ltd.,Remitter,99.48,90.26,90.73,0.02,9.24,9.26
2025-02,Karur Vysya Bank,Remitter,80.65,74.03,91.79,0.34,7.87,8.21
2025-02,The Jammu & Kashmir Bank Limited,Remitter,80.46,73.47,91.31,2.36,6.33,8.69
2025-02,Tri O Tech Solutions Private Limited,Remitter,76.79,76.79,100,0,0,0
2025-02,Bandhan Bank limited,Remitter,74.75,69.47,92.93,2.05,5.02,7.07
2025-02,AU Small Finance Bank,Remitter,67.04,58.18,86.79,0.43,12.78,13.21
2025-02,The South Indian Bank Limited,Remitter,63.83,59.73,93.57,0.6,5.83,6.43
2025-02,Punjab and Sind Bank,Remitter,48.34,43.38,89.73,0.59,9.68,10.27
2025-02,City Union Bank,Remitter,48.24,44.15,91.53,0.13,8.33,8.46
2025-02,Ujjivan Small Finance Bank Limited,Remitter,46.36,43.84,94.56,0.1,5.35,5.45
2025-02,Tamilnad Mercantile Bank Limited,Remitter,45.82,41.87,91.37,0.5,8.13,8.63
2025-02,Kerala Gramin Bank,Remitter,39.96,36.8,92.08,0.63,7.29,7.92
2025-02,JIO Payments Bank Ltd,Remitter,39.6,34.23,86.44,0.62,12.94,13.56
2025-02,Baroda U.P. Bank,Remitter,35.45,32.66,92.12,1.84,6.03,7.87
2025-02,Telangana Grameena Bank,Remitter,31.21,26.17,83.85,3.81,12.35,16.16
2025-02,Karnataka Gramin Bank,Remitter,31.05,27.49,88.53,1.32,10.15,11.47
2025-02,NSDL Payments Bank Limited,Remitter,30.8,21.06,68.39,15.71,15.91,31.62
2025-02,Rajasthan Marudhara Gramin Bank,Remitter,30.74,24.63,80.12,5.59,14.29,19.88
2025-02,Maharashtra Gramin Bank,Remitter,30.5,26.23,86.01,2.01,11.99,14
2025-02,ESAF Small Finance Bank Ltd,Remitter,28.79,27.14,94.28,1.57,4.15,5.72
2025-02,DBS Bank India Limited,Remitter,28.75,26.51,92.2,0.05,7.75,7.8
2025-02,RBL Bank Ltd.,Remitter,28.55,26.11,91.46,0.79,7.75,8.54
2025-02,Equitas Small Finance Bank,Remitter,28.49,25.57,89.74,0.54,9.72,10.26
2025-02,Saraswat Co-operative Bank,Remitter,26.38,24.6,93.24,0.61,6.16,6.77
2025-02,Standard Chartered Bank,Remitter,25.11,24.02,95.66,0.05,4.29,4.34
2025-02,Andhra Pragathi Grameena Bank,Remitter,23.7,19.89,83.93,3.53,12.53,16.06
2025-02,Sarva Haryana Gramin Bank,Remitter,20.73,19.19,92.58,2.9,4.52,7.42
2026-02,State Bank of India,Remitter,5518.02,5089.82,92.24,4,7.73,11.73
2026-02,HDFC Bank Ltd.,Remitter,1525.33,1434.88,94.07,9,5.84,14.84
2026-02,Bank of Baroda,Remitter,1460.03,1304.83,89.37,1,10.62,11.62
2026-02,Union Bank of India,Remitter,1285.21,1172.24,91.21,1,8.79,9.79
2026-02,Punjab National Bank,Remitter,1150.14,1017.76,88.49,61,10.9,71.9
2026-02,Canara Bank,Remitter,1029.34,943.18,91.63,15,8.22,23.22
2026-02,Kotak Mahindra Bank,Remitter,1020.92,921.28,90.24,0,9.76,9.76
2026-02,Axis Bank Ltd.,Remitter,934.11,878.9,94.09,0,5.91,5.91
2026-02,INDIA POST PAYMENTS BANK LIMITED,Remitter,769.03,630.99,82.05,59,17.36,76.36
2026-02,Indian Bank,Remitter,703.41,638.13,90.72,1,9.27,10.27
2026-02,ICICI Bank Ltd.,Remitter,691.15,660.05,95.5,0,4.5,4.5
2026-02,Airtel Payments Bank Limited,Remitter,680.62,529.39,77.78,25,21.97,46.97
2026-02,Bank Of India,Remitter,644.12,590.92,91.74,57,7.69,64.69
2026-02,Indian Overseas Bank,Remitter,369.12,338.52,91.71,9,8.19,17.19
2026-02,Central Bank of India,Remitter,357.01,317.6,88.96,80,10.24,90.24
2026-02,UCO Bank,Remitter,298.32,262.37,87.95,21,11.84,32.84
2026-02,Federal Bank Ltd.,Remitter,266.98,244.93,91.74,7,8.19,15.19
2026-02,Fino Payments Bank Ltd.,Remitter,236.38,186.08,78.72,6,21.22,27.22
2026-02,Bank of Maharashtra,Remitter,229.72,211.99,92.28,1,7.71,8.71
2026-02,Indusind Bank Ltd.,Remitter,222.25,192.85,86.77,30,12.92,42.92
2026-02,IDBI Bank Ltd.,Remitter,203.74,189.13,92.83,0,7.17,7.17
2026-02,Yes Bank Ltd.,Remitter,154.27,140.06,90.79,6,9.15,15.15
2026-02,Tri O Tech Solutions Private Limited,Remitter,147.62,147.62,100,0,0,0
2026-02,Karnataka Bank,Remitter,145.72,132.31,90.8,34,8.86,42.86
2026-02,IDFC Bank Ltd.,Remitter,143.48,133.18,92.82,42,6.77,48.77
2026-02,The Jammu & Kashmir Bank Limited,Remitter,99.71,91.82,92.09,14,7.77,21.77
2026-02,Karur Vysya Bank,Remitter,96.54,88.98,92.17,14,7.69,21.69
2026-02,BANDHAN BANK LIMITED,Remitter,92.43,87.75,94.94,25,4.8,29.8
2026-02,JIO PAYMENTS BANK LTD,Remitter,89.08,73.17,82.14,28,17.58,45.58
2026-02,AU small Finance Bank,Remitter,81.88,72.05,88,0,12,12
2026-02,The South Indian Bank Limited,Remitter,75.83,71.36,94.11,6,5.84,11.84
2026-02,Baroda U.P. Bank,Remitter,75.3,66.57,88.41,7.26,4.33,11.59
2026-02,NSDL Payments Bank Limited,Remitter,68.12,50.95,74.79,4.88,20.33,25.21
2026-02,Punjab and Sind Bank,Remitter,61.26,54.01,88.17,26,11.57,37.57
2026-02,Slice Small Finance Bank Limited,Remitter,60.71,57.69,95.03,0,4.97,4.97
2026-02,Tamilnad Mercantile Bank Limited,Remitter,59.48,54.33,91.34,70,7.97,77.97
2026-02,UJJIVAN SMALL FINANCE BANK LIMITED,Remitter,57.23,50.35,87.98,7,11.95,18.95
2026-02,City Union Bank,Remitter,57.07,52.2,91.46,20,8.34,28.34
2026-02,Rajasthan Marudhara Gramin Bank,Remitter,56.22,47.67,84.8,1.86,13.35,15.21
2026-02,Karnataka Gramin Bank,Remitter,53.13,46.24,87.04,1.45,11.51,12.96
2026-02,KERALA GRAMIN BANK,Remitter,52.11,48.22,92.54,30,7.17,37.17
2026-02,TELANGANA GRAMEENA BANK,Remitter,45.12,39.25,86.99,1.33,11.67,13
2026-02,CHAITANYA GODAVARI GRAMEENA BANK,Remitter,41.7,36.17,86.75,1.61,11.64,13.25
2026-02,Maharashtra Gramin Bank,Remitter,38.34,31.83,83.03,1.43,15.54,16.97
2026-02,ESAF SMALL FINANCE BANK LTD,Remitter,34.11,32.79,96.13,26,3.61,29.61
2026-02,RBL Bank Ltd.,Remitter,31.46,29.11,92.52,41,7.07,48.07
2026-02,Saraswat Co-operative Bank,Remitter,30.91,29.09,94.12,37,5.51,42.51
2026-02,DBS Bank India Limited,Remitter,29.9,27.26,91.17,22,8.61,30.61
2026-02,EQUITAS SMALL FINANCE BANK,Remitter,27.51,24.65,89.61,2,10.37,12.37
2026-02,SARVA HARYANA GRAMIN BANK,Remitter,26.06,23.42,89.86,2.66,7.47,10.13
2024-01,State Bank Of India,Remitter,3128.97,2991.92,95.62,19,4.19,23.19
2024-01,HDFC BANK LTD,Remitter,1040.25,1003.74,96.49,0,3.51,3.51
2024-01,Bank of Baroda,Remitter,781.72,744.82,95.28,4,4.68,8.68
2024-01,Union Bank of India,Remitter,753.66,712.28,94.51,1.15,4.34,5.49
2024-01,Punjab National Bank,Remitter,618.95,586.64,94.78,27,4.95,31.95
2024-01,Kotak Mahindra Bank,Remitter,600.83,562.62,93.64,1.17,5.19,6.36
2024-01,Canara Bank,Remitter,572.16,538.86,94.18,44,5.38,49.38
2024-01,Axis Bank Ltd.,Remitter,559.49,537.73,96.11,30,3.58,33.58
2024-01,ICICI Bank,Remitter,547.55,528.88,96.59,8,3.32,11.32
2024-01,Paytm Payments Bank,Remitter,410.06,394.89,96.3,1,3.7,4.7
2024-01,Bank of India,Remitter,389.29,371.11,95.33,8,4.59,12.59
2024-01,Indian Bank,Remitter,348.89,331.97,95.15,37,4.47,41.47
2024-01,Airtel Payments Bank,Remitter,337.05,303.18,89.95,1.07,8.98,10.05
2024-01,India Post Payment Bank,Remitter,265.13,219.16,82.66,5.14,12.2,17.34
2024-01,Federal Bank,Remitter,185.9,177.59,95.53,19,4.28,23.28
2024-01,Central Bank Of India,Remitter,178.41,152.43,85.44,5.18,9.38,14.56
2024-01,Indian Overseas Bank,Remitter,165.09,155.65,94.28,1.31,4.41,5.72
2024-01,UCO Bank,Remitter,152.41,134.68,88.37,4.16,7.47,11.63
2024-01,IDBI Bank Limited,Remitter,141.57,131.28,92.73,2.98,4.28,7.26
2024-01,Bank of Maharashtra,Remitter,136.29,128.69,94.42,97,4.61,101.61
2024-01,INDUSIND BANK,Remitter,125.63,116.91,93.06,97,5.97,102.97
2024-01,Fino Payments Bank Limited FIP,Remitter,115.14,103.23,89.66,93,9.41,102.41
2024-01,Karnataka Bank,Remitter,97.36,89.5,91.93,59,7.49,66.49
2024-01,Yes Bank Ltd,Remitter,93.47,88.72,94.92,10,4.98,14.98
2024-01,IDFC FIRST Bank,Remitter,73.92,69.63,94.2,3,5.77,8.77
2024-01,Karur Vysya Bank,Remitter,59.56,56.06,94.12,34,5.54,39.54
2024-01,Bandhan Bank,Remitter,49.22,43.07,87.51,6.32,6.16,12.48
2024-01,South Indian Bank,Remitter,48.9,47.12,96.35,11,3.55,14.55
2024-01,Jammu and Kashmir Bank,Remitter,44.46,40.7,91.55,1.24,7.21,8.45
2024-01,Ujjivan Small Finance Bank,Remitter,38.33,35.55,92.75,1.59,5.66,7.25
2024-01,AU small Finance Bank,Remitter,37.48,35.68,95.19,29,4.51,33.51
2024-01,Tri O Tech Solutions Private Limited,Remitter,36.62,36.62,100,0,0,0
2024-01,City Union Bank,Remitter,35.87,33.52,93.46,32,6.23,38.23
2024-01,Tamilnad Mercantile Bank,Remitter,32.19,29.86,92.76,26,6.99,32.99
2024-01,Punjab and Sind Bank,Remitter,30.87,28.75,93.14,76,6.1,82.1
2024-01,Equitas Bank,Remitter,28.56,26.57,93.04,0,6.96,6.96
2024-01,Standard Chartered,Remitter,26.21,25.47,97.18,50,2.33,52.33
2024-01,Andhra Pradesh Grameena Vikas Bank,Remitter,25.95,22.5,86.69,1.51,11.8,13.31
2024-01,DBS Bank India Limited,Remitter,24.57,23.53,95.78,11,4.11,15.11
2024-01,Pragathi Krishna Gramin Bank,Remitter,24.49,20.02,81.75,10.41,7.84,18.25
2024-01,Kerala Gramin Bank,Remitter,23.61,21.27,90.1,3.96,5.94,9.9
2024-01,Maharashtra Gramin Bank,Remitter,22.84,19.36,84.76,4.26,10.98,15.24
2024-01,Saraswat Bank,Remitter,21.62,20.45,94.6,87,4.52,91.52
2024-01,ESAF Small Finance Bank Ltd.,Remitter,20.91,18.52,88.57,6.37,5.06,11.43
2024-01,Rajasthan Marudhara Gramin Bank,Remitter,20.02,17.62,88.02,63,11.36,74.36
2024-01,Baroda UP Gramin Bank,Remitter,19.44,10.52,54.14,36.31,9.55,45.86
2024-01,Citibank,Remitter,19.38,18.73,96.67,26,3.07,29.07
2024-01,Fincare Small Finance Bank Ltd,Remitter,17.51,15.18,86.69,92,12.38,104.38
2024-01,RBL Bank,Remitter,15.89,13.15,82.78,11.68,5.54,17.22
2024-01,Sarva Haryana Gramin Bank,Remitter,14.96,13.86,92.64,47,6.89,53.89
2025-01,State Bank of India,Remitter,4664.49,4254.95,91.22,0.84,7.93,8.77
2025-01,HDFC Bank Ltd.,Remitter,1419.33,1329.06,93.64,0.08,6.28,6.36
2025-01,Bank of Baroda,Remitter,1159.99,1058.14,91.22,0.28,8.5,8.78
2025-01,Union Bank of India,Remitter,1086.26,991.21,91.25,0.68,8.07,8.75
2025-01,Punjab National Bank,Remitter,976.62,874.66,89.56,0.13,10.31,10.44
2025-01,Kotak Mahindra Bank,Remitter,889.41,798.07,89.73,0.06,10.22,10.28
2025-01,Canara Bank,Remitter,835.68,767.4,91.83,0.37,7.8,8.17
2025-01,Axis Bank Ltd.,Remitter,821.68,768.02,93.47,0.02,6.51,6.53
2025-01,ICICI Bank Ltd.,Remitter,692.71,657.94,94.98,0.06,4.96,5.02
2025-01,Bank Of India,Remitter,556.22,514.95,92.58,0.37,7.05,7.42
2025-01,Airtel Payments Bank Limited,Remitter,553.22,474.88,85.84,0.45,13.72,14.17
2025-01,Indian Bank,Remitter,539.83,496.1,91.9,0.06,8.04,8.1
2025-01,India Post Payments Bank Ltd.,Remitter,496.43,415.46,83.69,1.51,14.8,16.31
2025-01,Indian Overseas Bank,Remitter,264.2,243.43,92.14,0.31,7.55,7.86
2025-01,Federal Bank Ltd.,Remitter,250.01,228.23,91.29,0.24,8.47,8.71
2025-01,Central Bank of India,Remitter,246.28,211.04,85.69,0.85,13.46,14.31
2025-01,UCO Bank,Remitter,231.83,210.62,90.85,0.16,8.99,9.15
2025-01,Bank of Maharashtra,Remitter,194.89,179.88,92.3,0.09,7.61,7.7
2025-01,Indusind Bank Ltd.,Remitter,191.69,167.96,87.62,0.19,12.19,12.38
2025-01,IDBI Bank Ltd.,Remitter,188.22,173.65,92.26,0.25,7.49,7.74
2025-01,Fino Payments Bank Ltd.,Remitter,185.4,170.2,91.8,0.14,8.05,8.19
2025-01,Yes Bank Ltd.,Remitter,168.5,141.91,84.22,0.19,15.59,15.78
2025-01,Karnataka Bank,Remitter,136.62,123.23,90.2,0.14,9.67,9.81
2025-01,IDFC Bank Ltd.,Remitter,104.47,94.71,90.66,0.03,9.31,9.34
2025-01,Karur Vysya Bank,Remitter,84.1,77.39,92.02,0.34,7.64,7.98
2025-01,The Jammu & Kashmir Bank Limited,Remitter,82.35,76.98,93.48,0.21,6.31,6.52
2025-01,Tri O Tech Solutions Private Limited,Remitter,78.71,78.71,100,0,0,0
2025-01,Bandhan Bank limited,Remitter,78.53,72.81,92.71,2.01,5.28,7.29
2025-01,AU Small Finance Bank,Remitter,69.84,60.48,86.6,1.15,12.25,13.4
2025-01,The South Indian Bank Limited,Remitter,67.76,63.76,94.1,0.26,5.64,5.9
2025-01,Punjab and Sind Bank,Remitter,50.26,45.4,90.33,0.28,9.39,9.67
2025-01,City Union Bank,Remitter,49.76,45.64,91.73,0.16,8.11,8.27
2025-01,Ujjivan Small Finance Bank Limited,Remitter,49.3,46.68,94.68,0.38,4.95,5.33
2025-01,Tamilnad Mercantile Bank Limited,Remitter,47.41,43.38,91.51,0.18,8.31,8.49
2025-01,Kerala Gramin Bank,Remitter,41.85,38.33,91.6,1.01,7.39,8.4
2025-01,JIO Payments Bank Ltd,Remitter,38.84,33.41,86.01,1.63,12.36,13.99
2025-01,Baroda U.P. Bank,Remitter,35.83,32.44,90.54,3.23,6.23,9.46
2025-01,Karnataka Gramin Bank,Remitter,33.43,28.8,86.15,4.46,9.39,13.85
2025-01,Rajasthan Marudhara Gramin Bank,Remitter,31.82,25.99,81.68,5.43,12.9,18.33
2025-01,Maharashtra Gramin Bank,Remitter,31.62,27.26,86.2,1.69,12.11,13.8
2025-01,Equitas Small Finance Bank,Remitter,31.07,28.08,90.38,0.1,9.51,9.61
2025-01,DBS Bank India Limited,Remitter,30.85,28.39,92.01,0.07,7.92,7.99
2025-01,ESAF Small Finance Bank Ltd,Remitter,30.15,28.71,95.22,0.31,4.46,4.77
2025-01,RBL Bank Ltd.,Remitter,29.51,27.12,91.9,0.37,7.73,8.1
2025-01,NSDL Payments Bank Limited,Remitter,29.28,21.94,74.94,5,20.06,25.06
2025-01,Saraswat Co-operative Bank,Remitter,28.32,26.41,93.24,0.34,6.42,6.76
2025-01,Standard Chartered Bank,Remitter,26.87,25.59,95.22,0.56,4.22,4.78
2025-01,Telangana Grameena Bank,Remitter,26.64,21.06,79.06,5.13,15.81,20.94
2025-01,Andhra Pragathi Grameena Bank,Remitter,25.58,19.45,76.03,12.07,11.9,23.97
2025-01,Sarva Haryana Gramin Bank,Remitter,21.26,20.12,94.63,0.73,4.63,5.36
2026-01,State Bank of India,Remitter,5855.79,5391.43,92.07,32,7.61,39.61
2026-01,HDFC Bank Ltd.,Remitter,1651.17,1553.42,94.08,5,5.87,10.87
2026-01,Bank of Baroda,Remitter,1542.14,1379.6,89.46,1,10.53,11.53
2026-01,Union Bank of India,Remitter,1353.05,1231.68,91.03,24,8.72,32.72
2026-01,Punjab National Bank,Remitter,1222.89,1083.24,88.58,54,10.88,64.88
2026-01,Canara Bank,Remitter,1093.77,993.47,90.83,55,8.63,63.63
2026-01,Kotak Mahindra Bank,Remitter,1091.42,985.22,90.27,0,9.73,9.73
2026-01,Axis Bank Ltd.,Remitter,1016.49,957.74,94.22,0,5.78,5.78
2026-01,INDIA POST PAYMENTS BANK LIMITED,Remitter,832.71,683.49,82.08,64,17.28,81.28
2026-01,ICICI Bank Ltd.,Remitter,764.26,728.26,95.29,40,4.3,44.3
2026-01,Indian Bank,Remitter,738.42,670.19,90.76,19,9.05,28.05
2026-01,Airtel Payments Bank Limited,Remitter,738.09,582.65,78.94,18,20.89,38.89
2026-01,Bank Of India,Remitter,687.39,633.91,92.22,5,7.73,12.73
2026-01,Indian Overseas Bank,Remitter,383.18,350.95,91.59,21,8.2,29.2
2026-01,Central Bank of India,Remitter,373.55,334.92,89.66,28,10.06,38.06
2026-01,UCO Bank,Remitter,316.57,280.7,88.67,2,11.31,13.31
2026-01,Federal Bank Ltd.,Remitter,290.33,267.22,92.04,3,7.93,10.93
2026-01,Bank of Maharashtra,Remitter,246.23,227.74,92.49,1,7.5,8.5
2026-01,Indusind Bank Ltd.,Remitter,237.56,207.06,87.16,16,12.68,28.68
2026-01,Fino Payments Bank Ltd.,Remitter,229.08,179.42,78.32,77,20.92,97.92
2026-01,IDBI Bank Ltd.,Remitter,218.9,203.29,92.87,15,6.98,21.98
2026-01,Yes Bank Ltd.,Remitter,172.58,157.29,91.14,6,8.8,14.8
2026-01,Tri O Tech Solutions Private Limited,Remitter,159.92,159.92,100,0,0,0
2026-01,Karnataka Bank,Remitter,155.9,141.35,90.67,24,9.09,33.09
2026-01,IDFC Bank Ltd.,Remitter,131.03,120.8,92.19,2,7.78,9.78
2026-01,The Jammu & Kashmir Bank Limited,Remitter,105.46,97,91.98,31,7.71,38.71
2026-01,Karur Vysya Bank,Remitter,101.3,93.51,92.31,13,7.55,20.55
2026-01,BANDHAN BANK LIMITED,Remitter,99.04,94.31,95.22,29,4.49,33.49
2026-01,JIO PAYMENTS BANK LTD,Remitter,90.12,74.31,82.46,71,16.83,87.83
2026-01,AU small Finance Bank,Remitter,87.17,76.12,87.32,56,12.12,68.12
2026-01,The South Indian Bank Limited,Remitter,81.99,77.33,94.32,6,5.63,11.63
2026-01,NSDL Payments Bank Limited,Remitter,72.22,56.3,77.96,1.8,20.24,22.04
2026-01,Punjab and Sind Bank,Remitter,63.67,56.16,88.21,71,11.08,82.08
2026-01,Tamilnad Mercantile Bank Limited,Remitter,61.69,56.86,92.17,9,7.74,16.74
2026-01,UJJIVAN SMALL FINANCE BANK LIMITED,Remitter,60.33,53.53,88.73,16,11.11,27.11
2026-01,City Union Bank,Remitter,60.03,54.95,91.53,5,8.42,13.42
2026-01,Rajasthan Marudhara Gramin Bank,Remitter,57.4,48.72,84.87,1.99,13.13,15.12
2026-01,KERALA GRAMIN BANK,Remitter,57,52.69,92.43,30,7.27,37.27
2026-01,Slice Small Finance Bank Limited,Remitter,56.48,53.68,95.04,11,4.84,15.84
2026-01,Karnataka Gramin Bank,Remitter,55.87,48.82,87.39,1.02,11.59,12.61
2026-01,TELANGANA GRAMEENA BANK,Remitter,48.68,42.35,86.99,2.34,10.66,13
2026-01,CHAITANYA GODAVARI GRAMEENA BANK,Remitter,43.44,38.89,89.52,80,9.69,89.69
2026-01,Maharashtra Gramin Bank,Remitter,41.15,34.44,83.7,1.69,14.61,16.3
2026-01,ESAF SMALL FINANCE BANK LTD,Remitter,37.02,35.34,95.45,63,3.92,66.92
2026-01,Saraswat Co-operative Bank,Remitter,33.06,31.14,94.18,27,5.56,32.56
2026-01,DBS Bank India Limited,Remitter,31.99,29.26,91.47,8,8.45,16.45
2026-01,RBL Bank Ltd.,Remitter,31.06,28.46,91.64,56,7.8,63.8
2026-01,EQUITAS SMALL FINANCE BANK,Remitter,29.41,26.44,89.89,2,10.09,12.09
2026-01,SARVA HARYANA GRAMIN BANK,Remitter,27.49,25.02,91,1.1,7.91,9.01
2026-01,ONE MOBIKWIK SYSTEMS LIMITED,Remitter,24.65,24.64,99.95,0,5,5
2024-07,State Bank Of India,Remitter,3912.83,3699.58,94.55,14,5.31,19.31
2024-07,HDFC Bank Ltd.,Remitter,1214.73,1156.54,95.21,0,4.78,4.78
2024-07,Bank of Baroda,Remitter,954.81,881.77,92.35,59,7.06,66.06
2024-07,Union Bank Of India,Remitter,905.83,852.75,94.14,10,5.76,15.76
2024-07,Punjab national Bank,Remitter,837.23,750.41,89.63,10,10.27,20.27
2024-07,Kotak Mahindra Bank,Remitter,746.29,690.99,92.59,19,7.22,26.22
2024-07,Axis bank Ltd.,Remitter,697.05,666.03,95.55,0,4.45,4.45
2024-07,Canara Bank,Remitter,688.87,643.47,93.41,36,6.23,42.23
2024-07,ICICI Bank Ltd.,Remitter,629.64,605.4,96.15,2,3.83,5.83
2024-07,Bank Of India,Remitter,462.31,433.6,93.79,81,5.4,86.4
2024-07,Indian Bank,Remitter,449.31,422.8,94.1,2,5.88,7.88
2024-07,Airtel Payments Bank Ltd,Remitter,430.92,384.42,89.21,14,10.65,24.65
2024-07,India Post Payments Bank Ltd,Remitter,336.13,284.84,84.74,2.38,12.89,15.27
2024-07,Federal bank Ltd.,Remitter,214.6,202.26,94.25,4,5.71,9.71
2024-07,Central Bank of India,Remitter,211.52,186.84,88.33,32,11.36,43.36
2024-07,Indian Overseas Bank,Remitter,210.05,197.62,94.08,24,5.68,29.68
2024-07,UCO Bank,Remitter,194.92,179.35,92.01,68,7.3,75.3
2024-07,IDBI Bank,Remitter,161.72,151.6,93.74,54,5.72,59.72
2024-07,Indusind Bank Ltd.,Remitter,161.53,148.75,92.09,9,7.83,16.83
2024-07,Bank of Maharashtra,Remitter,155.62,144.63,92.94,1.15,5.91,7.06
2024-07,Fino Payments Bank Limited,Remitter,145.95,135.14,92.59,18,7.23,25.23
2024-07,Yes Bank Ltd.,Remitter,123.36,116.08,94.1,5,5.85,10.85
2024-07,Karnataka Bank,Remitter,113.52,105.07,92.56,27,7.17,34.17
2024-07,IDFC First Bank Ltd,Remitter,87.5,81.61,93.27,11,6.62,17.62
2024-07,Karur Vysya Bank,Remitter,71.96,67.05,93.18,44,6.38,50.38
2024-07,The Jammu & Kashmir Bank Limited,Remitter,68.27,61.44,89.99,5.34,4.67,10.01
2024-07,Bandhan Bank limited,Remitter,63.78,59.49,93.27,1.1,5.64,6.74
2024-07,The South Indian Bank Limited,Remitter,56.93,54.04,94.92,2,5.06,7.06
2024-07,Tri O Tech Solutions Private Limited,Remitter,52.1,52,99.8,0,20,20
2024-07,AU Small Finance Bank,Remitter,48.46,45.44,93.76,2,6.23,8.23
2024-07,Ujjivan Small Finance Bank Limited,Remitter,45.78,43.04,94.02,28,5.7,33.7
2024-07,City Union Bank,Remitter,43.4,40.28,92.8,26,6.94,32.94
2024-07,Punjab and Sind Bank,Remitter,40.75,37.44,91.88,52,7.6,59.6
2024-07,Tamilnad Mercantile Bank Limited,Remitter,40.33,36.96,91.64,20,8.16,28.16
2024-07,Equitas Small Finance Bank Ltd,Remitter,33.37,30.61,91.72,77,7.51,84.51
2024-07,Kerala Gramin Bank,Remitter,31.93,29.46,92.26,1.85,5.89,7.74
2024-07,Karnataka Gramin Bank (Erstwhile Pragathi Krishna Gramin Bank),Remitter,28.68,25.71,89.64,3.13,7.23,10.36
2024-07,Andhra Pradesh Grameena Vikas Bank - IMPS,Remitter,27.69,23.58,85.15,3.38,11.47,14.85
2024-07,DBS Bank India Limited,Remitter,27.67,26.01,93.99,3,5.98,8.98
2024-07,Rajasthan Marudhara Gramin Bank,Remitter,25.58,20.37,79.63,10.47,9.9,20.37
2024-07,Maharashtra Gramin Bank,Remitter,25.52,20.03,78.5,11.07,10.43,21.5
2024-07,Standard Chartered Bank,Remitter,25.11,24.37,97.04,1,2.95,3.95
2024-07,ESAF Small Finance Bank Ltd.,Remitter,24.06,22.82,94.84,22,4.94,26.94
2024-07,Saraswat Co-operative Bank,Remitter,23.62,22.33,94.54,33,5.13,38.13
2024-07,Baroda U.P. Bank (Erstwhile Baroda Uttar Pradesh Gramin Bank),Remitter,23.44,19.83,84.61,6.25,9.14,15.39
2024-07,AU Small Finance Bank (Erstwhile Fincare),Remitter,20.27,17.27,85.18,45,14.37,59.37
2024-07,Sarva Haryana Gramin Bank,Remitter,20.25,18.35,90.64,96,8.39,104.39
2024-07,Jio Payments Bank limited,Remitter,18.37,15.56,84.71,1.75,13.55,15.3
2024-07,Andhra Pragathi Grameena Bank,Remitter,17.96,14.33,79.8,7.99,12.21,20.2
2024-07,RBL Bank Ltd.,Remitter,17.66,15.95,90.29,84,8.87,92.87
2025-07,State Bank of India,Remitter,5214.74,4861.18,93.22,0.61,6.17,6.78
2025-07,HDFC Bank Ltd.,Remitter,1543.98,1469.25,95.16,0.08,4.76,4.84
2025-07,Bank of Baroda,Remitter,1328.01,1204.51,90.7,0.22,9.08,9.3
2025-07,Union Bank of India,Remitter,1200.25,1113.95,92.81,0.2,6.98,7.18
2025-07,Punjab National Bank,Remitter,1106.8,1011.73,91.41,0.19,8.39,8.58
2025-07,Kotak Mahindra Bank,Remitter,960.38,886.33,92.29,0.02,7.69,7.71
2025-07,Canara Bank,Remitter,942.67,873.38,92.65,0.24,7.11,7.35
2025-07,Axis Bank Ltd.,Remitter,875.5,828.57,94.64,0.04,5.33,5.37
2025-07,ICICI Bank Ltd.,Remitter,735.99,707.14,96.08,0.02,3.89,3.91
2025-07,India Post Payments Bank Limited,Remitter,637.61,565.69,88.72,0.12,11.16,11.28
2025-07,Indian Bank,Remitter,631.57,584.45,92.54,0.25,7.21,7.46
2025-07,Airtel Payments Bank Limited,Remitter,615.75,528.56,85.84,0.11,14.06,14.17
2025-07,Bank Of India,Remitter,606.19,552.97,91.22,2.44,6.34,8.78
2025-07,Indian Overseas Bank,Remitter,322.83,294.78,91.31,0.76,7.92,8.68
2025-07,Central Bank of India,Remitter,292.2,266.37,91.16,0.81,8.03,8.84
2025-07,UCO Bank,Remitter,273.67,250.16,91.41,0.18,8.42,8.6
2025-07,Federal Bank Ltd.,Remitter,257.37,239.82,93.18,0.11,6.71,6.82
2025-07,Fino Payments Bank Ltd.,Remitter,223,193.63,86.83,0.64,12.53,13.17
2025-07,Bank of Maharashtra,Remitter,213.67,199.29,93.27,0.13,6.6,6.73
2025-07,Indusind Bank Ltd.,Remitter,211.2,190,89.96,0.1,9.93,10.03
2025-07,IDBI Bank Ltd.,Remitter,204.29,190.91,93.45,0.22,6.33,6.55
2025-07,Yes Bank Ltd.,Remitter,203.24,187.43,92.22,0.11,7.68,7.79
2025-07,Karnataka Bank,Remitter,140.62,129.62,92.18,0.41,7.41,7.82
2025-07,Tri O Tech Solutions Private Limited,Remitter,124.55,124.55,100,0,0,0
2025-07,IDFC Bank Ltd.,Remitter,118.94,110.92,93.26,0.18,6.55,6.73
2025-07,The Jammu & Kashmir Bank Limited,Remitter,106.4,94.31,88.64,5.79,5.56,11.35
2025-07,Karur Vysya Bank,Remitter,95.01,87.93,92.55,0.81,6.64,7.45
2025-07,Bandhan Bank limited,Remitter,90.18,84.7,93.92,0.67,5.41,6.08
2025-07,AU Small Finance Bank,Remitter,77.71,69.33,89.21,0.68,10.11,10.79
2025-07,The South Indian Bank Limited,Remitter,72.87,68.99,94.68,0.24,5.08,5.32
2025-07,JIO Payments Bank Ltd,Remitter,58.03,49.95,86.07,1.39,12.54,13.93
2025-07,Punjab and Sind Bank,Remitter,57.19,52.02,90.96,0.87,8.17,9.04
2025-07,City Union Bank,Remitter,56.65,52.29,92.3,0.14,7.56,7.7
2025-07,Tamilnad Mercantile Bank Limited,Remitter,55.91,51.12,91.44,1.27,7.29,8.56
2025-07,Ujjivan Small Finance Bank Limited,Remitter,54.99,49.45,89.92,1.16,8.92,10.08
2025-07,Baroda U.P. Bank,Remitter,48.24,44.72,92.71,1.68,5.61,7.29
2025-07,Kerala Gramin Bank,Remitter,46.93,42.86,91.33,1.64,7.04,8.68
2025-07,NSDL Payments Bank Limited,Remitter,45.7,38.79,84.88,0.89,14.23,15.12
2025-07,Telangana Grameena Bank,Remitter,40.36,35.56,88.11,1.54,10.35,11.89
2025-07,Maharashtra Gramin Bank,Remitter,37.37,31.63,84.63,1.56,13.82,15.38
2025-07,Rajasthan Marudhara Gramin Bank,Remitter,36.15,30.83,85.28,2.38,12.34,14.72
2025-07,Karnataka Gramin Bank,Remitter,34.96,31.15,89.09,0.88,10.03,10.91
2025-07,ESAF Small Finance Bank Ltd,Remitter,33.38,31.94,95.7,0.04,4.26,4.3
2025-07,Andhra Pragathi Grameena Bank,Remitter,31.91,26.25,82.27,3.78,13.96,17.74
2025-07,DBS Bank India Limited,Remitter,31.81,29.61,93.09,0.15,6.76,6.91
2025-07,RBL Bank Ltd.,Remitter,31.22,28.86,92.43,0.48,7.09,7.57
2025-07,Equitas Small Finance Bank,Remitter,30.07,27.41,91.14,0.01,8.86,8.87
2025-07,Saraswat Co-operative Bank,Remitter,29.63,28.07,94.75,0.15,5.11,5.26
2025-07,Sarva Haryana Gramin Bank,Remitter,26.28,24.78,94.29,1.01,4.7,5.71
2025-07,Standard Chartered Bank,Remitter,23.69,22.62,95.49,0.3,4.22,4.52
2024-06,State Bank of India,Remitter,3738,3544.37,94.82,22,4.95,26.95
2024-06,HDFC Bank Ltd,Remitter,1191.85,1137.38,95.43,23,4.34,27.34
2024-06,Bank of Baroda,Remitter,912.47,851.15,93.28,33,6.39,39.39
2024-06,Union Bank of India,Remitter,869.16,816.84,93.98,28,5.74,33.74
2024-06,Punjab National Bank,Remitter,783.7,732.99,93.53,40,6.07,46.07
2024-06,Kotak Mahindra Bank Ltd,Remitter,727.46,670.72,92.2,86,6.93,92.93
2024-06,Canara Bank,Remitter,657.78,610.75,92.85,72,6.43,78.43
2024-06,Axis Bank Ltd.,Remitter,651.8,623.06,95.59,2,4.4,6.4
2024-06,ICICI Bank Ltd,Remitter,620.66,597.01,96.19,5,3.76,8.76
2024-06,Bank Of India,Remitter,444.39,418.53,94.18,32,5.51,37.51
2024-06,Indian Bank,Remitter,423.92,398.74,94.06,19,5.76,24.76
2024-06,Airtel Payments Bank Ltd,Remitter,414.12,368.03,88.87,1.01,10.12,11.13
2024-06,India Post Payments Bank Ltd,Remitter,319.04,274.21,85.95,2,12.05,14.05
2024-06,Federal Bank,Remitter,205.99,194.33,94.34,6,5.61,11.61
2024-06,Central Bank of India,Remitter,202.35,176.02,86.99,1.74,11.27,13.01
2024-06,Indian Overseas Bank,Remitter,197.11,183.27,92.98,1.48,5.54,7.02
2024-06,UCO Bank,Remitter,184.42,172.21,93.38,27,6.35,33.35
2024-06,IDBI Bank,Remitter,155.97,146.99,94.24,51,5.25,56.25
2024-06,Indusind Bank Ltd.,Remitter,155.09,142.47,91.86,46,7.68,53.68
2024-06,Bank of Maharashtra,Remitter,150.89,140.64,93.21,1.01,5.77,6.78
2024-06,Fino Payments Bank Ltd.,Remitter,140.81,130.24,92.49,36,7.16,43.16
2024-06,Yes bank Ltd.,Remitter,118.94,111.85,94.04,17,5.79,22.79
2024-06,Karnataka Bank Ltd,Remitter,108.5,101.04,93.12,46,6.42,52.42
2024-06,IDFC Bank Ltd.,Remitter,85.74,79.79,93.06,6,6.88,12.88
2024-06,Karur Vysya Bank,Remitter,67.93,63.44,93.39,47,6.14,53.14
2024-06,The Jammu And Kashmir Bank Ltd,Remitter,65.45,61.19,93.49,1.66,4.86,6.52
2024-06,Bandhan Bank Ltd.,Remitter,59.26,55.11,92.99,90,6.11,96.11
2024-06,South Indian Bank,Remitter,54.24,51.52,94.99,6,4.95,10.95
2024-06,Tri O Tech Solutions Private Limited,Remitter,50.77,50.77,100,0,0,0
2024-06,AU Small Finance Bank,Remitter,46.74,43.92,93.96,2,6.01,8.01
2024-06,Ujjivan Small Finance Bank Limited,Remitter,44.18,41.6,94.17,23,5.6,28.6
2024-06,City Union Bank Limited,Remitter,40.87,38.03,93.05,26,6.69,32.69
2024-06,Punjab & Sind Bank,Remitter,38.32,35.36,92.27,27,7.46,34.46
2024-06,Tamilnad Mercantile Bank Ltd.,Remitter,38.2,34.91,91.39,1.17,7.44,8.61
2024-06,Equitas Small Finance Bank Ltd,Remitter,32.46,29.86,92,71,7.29,78.29
2024-06,HDFC Bank Credit Card HCB,Remitter,31.15,29.65,95.19,15,4.66,19.66
2024-06,Andhra Pradesh Grameena Vikas Bank,Remitter,29.53,25.25,85.51,2.28,12.21,14.49
2024-06,Kerala Gramin Bank,Remitter,29.43,27.58,93.72,74,5.54,79.54
2024-06,Pragathi Krishna Gramin Bank,Remitter,26.98,24.62,91.24,1.83,6.93,8.76
2024-06,DBS Bank India Limited,Remitter,26.61,25.07,94.23,5,5.72,10.72
2024-06,Rajasthan Marudhara Gramin Bank,Remitter,25.44,21.93,86.22,2.22,11.56,13.78
2024-06,Maharashtra Gramin Bank,Remitter,25.16,21.88,86.97,1.61,11.42,13.03
2024-06,Standard Chartered Bank,Remitter,24.97,24.2,96.93,17,2.9,19.9
2024-06,Baroda Uttar Pradesh Gramin Bank,Remitter,24.09,17.97,74.58,15.42,10,25.42
2024-06,Saraswat Co-operative Bank Ltd.,Remitter,23.45,22.24,94.86,43,4.71,47.71
2024-06,ESAF Small Finance Bank Ltd.,Remitter,22.93,21.79,95.04,20,4.76,24.76
2024-06,Fincare Small Finance Bank Limited,Remitter,20.56,17.5,85.12,51,14.38,65.38
2024-06,Sarva Haryana Gramin Bank,Remitter,19.34,17.38,89.85,2.32,7.83,10.15
2024-06,Andhra Pragathi Grameena Bank,Remitter,18.35,14.82,80.76,6.28,12.96,19.24
2024-06,Jio Payments Bank limited,Remitter,16.8,14.25,84.8,3.59,11.61,15.2
2025-06,State Bank of India,Remitter,4917.29,4604.55,93.64,0.54,5.82,6.36
2025-06,HDFC Bank Ltd.,Remitter,1472.04,1402.85,95.3,0.08,4.62,4.7
2025-06,Bank of Baroda,Remitter,1239.11,1128.71,91.09,0.03,8.88,8.91
2025-06,Union Bank of India,Remitter,1144.76,1064.05,92.95,0.11,6.94,7.05
2025-06,Punjab National Bank,Remitter,1053,972.76,92.38,0.02,7.59,7.61
2025-06,Kotak Mahindra Bank,Remitter,906.5,838.33,92.48,0.04,7.49,7.53
2025-06,Canara Bank,Remitter,889.37,825.78,92.85,0.32,6.83,7.15
2025-06,Axis Bank Ltd.,Remitter,834.65,788.91,94.52,0.36,5.12,5.48
2025-06,ICICI Bank Ltd.,Remitter,696.88,670.68,96.24,0.03,3.74,3.77
2025-06,Indian Bank,Remitter,586.64,546.92,93.23,0.08,6.69,6.77
2025-06,India Post Payments Bank Limited,Remitter,580.38,516.25,88.95,0.41,10.65,11.06
2025-06,Bank Of India,Remitter,570.58,529.9,92.87,1.3,5.83,7.13
2025-06,Airtel Payments Bank Limited,Remitter,569.33,495.77,87.08,0.4,12.52,12.92
2025-06,Indian Overseas Bank,Remitter,298.47,276.86,92.76,0.45,6.78,7.23
2025-06,Central Bank of India,Remitter,265.57,243.37,91.64,0.42,7.94,8.36
2025-06,UCO Bank,Remitter,254.42,233.58,91.81,0.41,7.78,8.19
2025-06,Federal Bank Ltd.,Remitter,242.1,226.07,93.38,0.02,6.6,6.62
2025-06,Fino Payments Bank Ltd.,Remitter,209.27,182.86,87.38,0.88,11.74,12.62
2025-06,Bank of Maharashtra,Remitter,200.61,187.75,93.59,0.03,6.38,6.41
2025-06,Indusind Bank Ltd.,Remitter,196.57,176.8,89.94,0.64,9.41,10.05
2025-06,IDBI Bank Ltd.,Remitter,193.91,181.6,93.65,0.27,6.08,6.35
2025-06,Yes Bank Ltd.,Remitter,180.35,166.91,92.55,0.08,7.37,7.45
2025-06,Karnataka Bank,Remitter,138.5,127.99,92.41,0.25,7.34,7.59
2025-06,Tri O Tech Solutions Private Limited,Remitter,112.44,112.44,100,0,0,0
2025-06,IDFC Bank Ltd.,Remitter,112.34,105.08,93.54,0.14,6.32,6.46
2025-06,The Jammu & Kashmir Bank Limited,Remitter,97.27,90.79,93.34,0.73,5.92,6.65
2025-06,Karur Vysya Bank,Remitter,89.99,83.8,93.12,0.29,6.59,6.88
2025-06,Bandhan Bank limited,Remitter,84.89,79.99,94.23,0.49,5.28,5.77
2025-06,AU Small Finance Bank,Remitter,72.91,65.87,90.35,0.04,9.61,9.65
2025-06,The South Indian Bank Limited,Remitter,68.49,64.84,94.67,0.19,5.13,5.32
2025-06,Punjab and Sind Bank,Remitter,55.07,50.21,91.18,1.06,7.76,8.82
2025-06,City Union Bank,Remitter,52.89,48.76,92.2,0.2,7.59,7.79
2025-06,Ujjivan Small Finance Bank Limited,Remitter,52.39,47.91,91.45,0.3,8.25,8.55
2025-06,Tamilnad Mercantile Bank Limited,Remitter,52.32,48.68,93.04,0.15,6.81,6.96
2025-06,JIO Payments Bank Ltd,Remitter,52.13,44.78,85.91,1.01,13.08,14.09
2025-06,Baroda U.P. Bank,Remitter,44.19,41.19,93.21,1.23,5.56,6.79
2025-06,Kerala Gramin Bank,Remitter,43.3,39.68,91.63,1.58,6.78,8.36
2025-06,Telangana Grameena Bank,Remitter,41.11,35.79,87.07,2.79,10.14,12.93
2025-06,NSDL Payments Bank Limited,Remitter,38.69,32.91,85.05,0.74,14.21,14.95
2025-06,Karnataka Gramin Bank,Remitter,34.24,30.17,88.11,2.56,9.33,11.89
2025-06,Maharashtra Gramin Bank,Remitter,34.01,29.35,86.29,0.85,12.86,13.71
2025-06,Rajasthan Marudhara Gramin Bank,Remitter,33.3,28.88,86.73,1.47,11.81,13.28
2025-06,RBL Bank Ltd.,Remitter,32.16,30.2,93.89,0.23,5.88,6.11
2025-06,ESAF Small Finance Bank Ltd,Remitter,31.54,30.24,95.88,0.1,4.02,4.12
2025-06,DBS Bank India Limited,Remitter,30.55,28.5,93.29,0.19,6.52,6.71
2025-06,Andhra Pragathi Grameena Bank,Remitter,29.66,24.63,83.04,4.26,12.7,16.96
2025-06,Equitas Small Finance Bank,Remitter,28.87,26.37,91.34,0,8.66,8.66
2025-06,Saraswat Co-operative Bank,Remitter,28.21,26.69,94.61,0.08,5.3,5.38
2025-06,Sarva Haryana Gramin Bank,Remitter,24.99,23.64,94.6,0.84,4.55,5.39
2025-06,Standard Chartered Bank,Remitter,24.78,23.73,95.78,0.33,3.88,4.21
2026-06,State Bank of India,Remitter,6316.41,5752.35,91.07,24,8.68,32.68
2026-06,Bank of Baroda,Remitter,1693.24,1467.87,86.69,59,12.73,71.73
2026-06,HDFC Bank Ltd.,Remitter,1674.91,1561.52,93.23,1,6.76,7.76
2026-06,Union Bank of India,Remitter,1482.26,1334.48,90.03,12,9.86,21.86
2026-06,Punjab National Bank,Remitter,1386.96,1227.74,88.52,85,10.64,95.64
2026-06,Canara Bank,Remitter,1184.48,1074.56,90.72,15,9.12,24.12
2026-06,Kotak Mahindra Bank,Remitter,1134.44,1009.54,88.99,1,11,12
2026-06,Axis Bank Ltd.,Remitter,1027.17,957.73,93.24,1,6.75,7.75
2026-06,India Post Payments Bank Limited,Remitter,880.55,722.05,82,6,17.95,23.95
2026-06,Indian Bank,Remitter,783.26,693.34,88.52,23,11.25,34.25
2026-06,ICICI Bank Ltd.,Remitter,766.11,729.49,95.22,4,4.74,8.74
2026-06,Airtel Payments Bank Limited,Remitter,743.43,550.06,73.99,17,25.85,42.85
2026-06,Bank Of India,Remitter,736.01,667.78,90.73,31,8.96,39.96
2026-06,Indian Overseas Bank,Remitter,439.77,393.81,89.55,1.03,9.42,10.45
2026-06,Central Bank of India,Remitter,427.37,374.33,87.59,68,11.73,79.73
2026-06,UCO Bank,Remitter,341.95,299.45,87.57,9,12.34,21.34
2026-06,Federal Bank Ltd.,Remitter,291.75,262.34,89.92,3,10.04,13.04
2026-06,Fino Payments Bank Ltd.,Remitter,279.67,212.91,76.13,54,23.33,77.33
2026-06,Bank of Maharashtra,Remitter,258.36,234.33,90.7,33,8.96,41.96
2026-06,Indusind Bank Ltd.,Remitter,254.5,216.6,85.11,7,14.82,21.82
2026-06,IDBI Bank Ltd.,Remitter,229.43,209.47,91.3,15,8.55,23.55
2026-06,Tri O Tech Solutions Private Limited,Remitter,192.35,192.35,100,0,0,0
2026-06,Yes Bank Ltd.,Remitter,169.88,156.26,91.98,17,7.85,24.85
2026-06,IDFC Bank Ltd.,Remitter,164.31,152.04,92.53,5,7.42,12.42
2026-06,Karnataka Bank,Remitter,162.68,146.43,90.01,5,9.93,14.93
2026-06,The Jammu & Kashmir Bank Limited,Remitter,121.65,111.83,91.93,10,7.97,17.97
2026-06,Karur Vysya Bank,Remitter,108.75,100.46,92.38,16,7.46,23.46
2026-06,JIO PAYMENTS BANK LTD,Remitter,102.76,80.46,78.3,14,21.57,35.57
2026-06,BANDHAN BANK LIMITED,Remitter,100.63,94.84,94.25,17,5.58,22.58
2026-06,AU small Finance Bank,Remitter,94.61,81.49,86.13,23,13.65,36.65
2026-06,Baroda U.P. Bank,Remitter,93.81,84.36,89.93,3.65,6.43,10.08
2026-06,Slice Small Finance Bank Limited,Remitter,90.55,85.34,94.25,4,5.71,9.71
2026-06,The South Indian Bank Limited,Remitter,84.02,78.35,93.25,8,6.67,14.67
2026-06,NSDL Payments Bank Limited,Remitter,81.77,61.47,75.17,87,23.96,110.96
2026-06,Punjab and Sind Bank,Remitter,72.31,60.8,84.08,3.11,12.81,15.92
2026-06,Rajasthan Marudhara Gramin Bank,Remitter,69.82,58.15,83.28,1.52,15.2,16.72
2026-06,Tamilnad Mercantile Bank Limited,Remitter,67.91,61.38,90.39,1.12,8.49,9.61
2026-06,Slice Small Finance Bank Limited,Remitter,65.27,56.25,86.18,31,13.51,44.51
2026-06,City Union Bank,Remitter,63.42,57.95,91.38,20,8.42,28.42
2026-06,Karnataka Gramin Bank,Remitter,62.32,54.32,87.17,1.42,11.42,12.84
2026-06,KERALA GRAMIN BANK,Remitter,61.2,56.29,91.97,92,7.1,99.1
2026-06,TELANGANA GRAMEENA BANK,Remitter,57.9,46.24,79.86,6.07,14.07,20.14
2026-06,CHAITANYA GODAVARI GRAMEENA BANK,Remitter,51.04,45.25,88.65,14,11.22,25.22
2026-06,Maharashtra Gramin Bank,Remitter,44.47,36.42,81.9,3,15.1,18.1
2026-06,ESAF SMALL FINANCE BANK LTD,Remitter,37.65,35.6,94.55,2.03,3.42,5.45
2026-06,Saraswat Co-operative Bank,Remitter,34.51,31.95,92.58,1.08,6.34,7.42
2026-06,DBS Bank India Limited,Remitter,31.84,28.85,90.61,5,9.33,14.33
2026-06,SARVA HARYANA GRAMIN BANK,Remitter,30.99,27.5,88.74,1.64,9.62,11.26
2026-06,EQUITAS SMALL FINANCE BANK,Remitter,29.99,26.34,87.82,45,11.73,56.73
2026-06,One Mobikwik Systems Limited,Remitter,27.63,27.63,100,0,0,0
2024-03,State Bank Of India,Remitter,3557.54,3379.31,94.99,32,4.7,36.7
2024-03,HDFC BANK LTD,Remitter,1158.51,1113.68,96.13,1,3.86,4.86
2024-03,Bank of Baroda,Remitter,882.82,823.67,93.3,45,6.25,51.25
2024-03,Union Bank of India,Remitter,848.59,793.18,93.47,1.4,5.14,6.54
2024-03,Punjab National Bank,Remitter,728.08,686,94.22,23,5.54,28.54
2024-03,Kotak Mahindra Bank,Remitter,703.56,658.95,93.66,14,6.2,20.2
2024-03,Canara Bank,Remitter,642.81,602.44,93.72,37,5.91,42.91
2024-03,Axis Bank Ltd.,Remitter,630.13,605.37,96.07,1,3.93,4.93
2024-03,ICICI Bank,Remitter,603.62,581.89,96.4,9,3.52,12.52
2024-03,Bank of India,Remitter,434.19,410.87,94.63,34,5.03,39.03
2024-03,Indian Bank,Remitter,400.98,378.49,94.39,21,5.4,26.4
2024-03,Airtel Payments Bank,Remitter,387.91,353.97,91.25,12,8.63,20.63
2024-03,India Post Payment Bank,Remitter,312.23,250.31,80.17,5.98,13.85,19.83
2024-03,Federal Bank,Remitter,204.83,194.16,94.79,20,5.01,25.01
2024-03,Central Bank Of India,Remitter,200.37,172.28,85.98,3.33,10.69,14.02
2024-03,Indian Overseas Bank,Remitter,188.01,174.21,92.66,2.42,4.92,7.34
2024-03,UCO Bank,Remitter,171.87,160.17,93.19,91,5.9,96.9
2024-03,Bank of Maharashtra,Remitter,153.39,137.7,89.77,4.83,5.41,10.24
2024-03,IDBI Bank Limited,Remitter,151.7,141.49,93.27,1.47,5.26,6.73
2024-03,INDUSIND BANK,Remitter,142.64,132.31,92.76,47,6.76,53.76
2024-03,Fino Payments Bank Limited,Remitter,136.77,121.7,88.98,1.48,9.53,11.01
2024-03,Karnataka Bank,Remitter,106.23,98.61,92.83,1.1,6.07,7.17
2024-03,Yes Bank Ltd,Remitter,103.43,97.67,94.43,17,5.4,22.4
2024-03,Paytm Payments Bank,Remitter,98.18,88.1,89.73,3,10.25,13.25
2024-03,IDFC FIRST Bank,Remitter,83.3,77.46,92.99,28,6.72,34.72
2024-03,Karur Vysya Bank,Remitter,67.68,62.01,91.62,2.51,5.87,8.38
2024-03,Bandhan Bank,Remitter,54.03,50.32,93.13,97,5.9,102.9
2024-03,South Indian Bank,Remitter,53.06,50.76,95.66,4,4.3,8.3
2024-03,Jammu and Kashmir Bank,Remitter,52.39,49.35,94.19,80,5.01,85.01
2024-03,AU small Finance Bank,Remitter,45.2,42.38,93.76,1.23,5.01,6.24
2024-03,Tri O Tech Solutions Private Limited,Remitter,43.69,43.69,100,0,0,0
2024-03,Ujjivan Small Finance Bank,Remitter,42.64,40.15,94.16,22,5.62,27.62
2024-03,City Union Bank,Remitter,40.7,37.49,92.12,31,7.57,38.57
2024-03,Punjab and Sind Bank,Remitter,36.91,32.84,88.97,4.18,6.85,11.03
2024-03,Tamilnad Mercantile Bank,Remitter,36.68,33.53,91.4,1.75,6.86,8.61
2024-03,Equitas Bank,Remitter,32.26,29.83,92.46,28,7.26,35.26
2024-03,Andhra Pradesh Grameena Vikas Bank,Remitter,28.83,24.27,84.18,3.15,12.67,15.82
2024-03,Kerala Gramin Bank,Remitter,27.13,25.19,92.84,96,6.2,102.2
2024-03,DBS Bank India Limited,Remitter,26.67,25.26,94.7,26,5.04,31.04
2024-03,Pragathi Krishna Gramin Bank,Remitter,26.2,23.53,89.82,2.1,8.08,10.18
2024-03,Maharashtra Gramin Bank,Remitter,25.45,22.29,87.57,83,11.61,94.61
2024-03,Standard Chartered,Remitter,25.13,24.41,97.12,19,2.69,21.69
2024-03,Rajasthan Marudhara Gramin Bank,Remitter,24.86,20.72,83.35,4.78,11.87,16.65
2024-03,Saraswat Bank,Remitter,23.28,22.29,95.74,32,3.94,35.94
2024-03,Baroda UP Gramin Bank,Remitter,22.31,16.56,74.22,15.22,10.56,25.78
2024-03,ESAF Small Finance Bank Ltd.,Remitter,21.76,20.42,93.86,1.06,5.08,6.14
2024-03,Fincare Small Finance Bank Ltd,Remitter,21.32,18.14,85.1,47,14.43,61.43
2024-03,Citibank,Remitter,20.78,20.08,96.61,32,3.06,35.06
2024-03,Sarva Haryana Gramin Bank,Remitter,17.71,16.38,92.5,50,7,57
2024-03,Andhra Pragathi Grameena Bank,Remitter,17.33,14.65,84.52,2.1,13.38,15.48
2025-03,State Bank of India,Remitter,4956.07,4560.08,92.01,0.9,7.09,7.99
2025-03,HDFC Bank Ltd.,Remitter,1513.14,1422.05,93.98,0.02,6,6.02
2025-03,Bank of Baroda,Remitter,1270.6,1136.81,89.47,0.03,10.5,10.53
2025-03,Union Bank of India,Remitter,1173.28,1074.49,91.58,0.06,8.36,8.42
2025-03,Punjab National Bank,Remitter,1043.06,941.05,90.22,0.33,9.45,9.78
2025-03,Kotak Mahindra Bank,Remitter,938.6,842.68,89.78,0.02,10.19,10.21
2025-03,Canara Bank,Remitter,901.11,827.49,91.83,0.13,8.04,8.17
2025-03,Axis Bank Ltd.,Remitter,883.53,826.28,93.52,0.03,6.45,6.48
2025-03,ICICI Bank Ltd.,Remitter,730.29,694.87,95.15,0.13,4.72,4.85
2025-03,Bank Of India,Remitter,595.31,549.71,92.34,0.58,7.08,7.66
2025-03,Indian Bank,Remitter,589.5,539.75,91.56,0.23,8.21,8.44
2025-03,India Post Payments Bank Limited,Remitter,570.54,491.41,86.13,0.33,13.54,13.87
2025-03,Airtel Payments Bank Limited,Remitter,569.69,480.31,84.31,0.31,15.38,15.69
2025-03,Indian Overseas Bank,Remitter,292.32,268.73,91.93,0.4,7.67,8.07
2025-03,Central Bank of India,Remitter,266.98,230,86.15,0.3,13.55,13.85
2025-03,Federal Bank Ltd.,Remitter,256.34,234.53,91.49,0.05,8.46,8.51
2025-03,UCO Bank,Remitter,254.76,228.93,89.86,0.09,10.05,10.14
2025-03,Fino Payments Bank Ltd.,Remitter,214.85,188.25,87.62,0.21,12.18,12.39
2025-03,Bank of Maharashtra,Remitter,208.61,193.01,92.52,0.17,7.31,7.48
2025-03,Indusind Bank Ltd.,Remitter,203.78,179.22,87.95,0.03,12.02,12.05
2025-03,IDBI Bank Ltd.,Remitter,200.78,186.24,92.76,0.01,7.23,7.24
2025-03,Yes Bank Ltd.,Remitter,167.37,147.69,88.24,0.11,11.65,11.76
2025-03,Karnataka Bank,Remitter,144.19,130.69,90.64,0.61,8.75,9.36
2025-03,IDFC Bank Ltd.,Remitter,112.68,102.76,91.2,0,8.8,8.8
2025-03,Karur Vysya Bank,Remitter,90.86,83.56,91.97,0.27,7.76,8.03
2025-03,Tri O Tech Solutions Private Limited,Remitter,89.61,89.61,100,0,0,0
2025-03,The Jammu & Kashmir Bank Limited,Remitter,88.86,82.15,92.45,1.14,6.41,7.55
2025-03,Bandhan Bank limited,Remitter,82.99,76.65,92.36,2.48,5.16,7.64
2025-03,AU Small Finance Bank,Remitter,75.73,66.13,87.32,0,12.67,12.67
2025-03,The South Indian Bank Limited,Remitter,70.22,65.92,93.88,0.08,6.04,6.12
2025-03,Punjab and Sind Bank,Remitter,55.66,50.01,89.85,0.63,9.52,10.15
2025-03,City Union Bank,Remitter,54.12,49.11,90.75,0.12,9.13,9.25
2025-03,Ujjivan Small Finance Bank Limited,Remitter,53.09,49.43,93.11,0.6,6.29,6.89
2025-03,Tamilnad Mercantile Bank Limited,Remitter,51.92,47.42,91.34,0.52,8.14,8.66
2025-03,JIO Payments Bank Ltd,Remitter,48.73,38.36,78.72,7.23,14.05,21.28
2025-03,Kerala Gramin Bank,Remitter,43.54,39.77,91.33,1.32,7.35,8.67
2025-03,Baroda U.P. Bank,Remitter,43.22,39.01,90.27,2.51,7.22,9.73
2025-03,Telangana Grameena Bank,Remitter,37.03,30.98,83.67,3.42,12.91,16.33
2025-03,Karnataka Gramin Bank,Remitter,36,31.89,88.58,1.16,10.27,11.43
2025-03,Maharashtra Gramin Bank,Remitter,35.59,30.66,86.14,1.5,12.37,13.87
2025-03,RBL Bank Ltd.,Remitter,34.99,32.36,92.49,0.53,6.98,7.51
2025-03,NSDL Payments Bank Limited,Remitter,34.89,24.14,69.2,11.58,19.22,30.8
2025-03,Rajasthan Marudhara Gramin Bank,Remitter,34.54,27.9,80.78,1.71,17.51,19.22
2025-03,DBS Bank India Limited,Remitter,32.09,29.51,91.95,0.01,8.04,8.05
2025-03,ESAF Small Finance Bank Ltd,Remitter,31.85,29.14,91.5,4.26,4.25,8.51
2025-03,Equitas Small Finance Bank,Remitter,31.5,28.41,90.2,0.37,9.43,9.8
2025-03,Saraswat Co-operative Bank,Remitter,29.58,27.65,93.49,0.5,6.01,6.51
2025-03,Andhra Pragathi Grameena Bank,Remitter,28.26,23.72,83.93,3.91,12.16,16.07
2025-03,Standard Chartered Bank,Remitter,27.87,26.71,95.83,0.03,4.14,4.17
2025-03,Sarva Haryana Gramin Bank,Remitter,23.93,22.41,93.63,1.77,4.59,6.36
2026-03,State Bank Of India,Remitter,6262.1,5759.25,91.97,16,7.87,23.87
2026-03,Hdfc Bank Ltd.,Remitter,1703.53,1596.72,93.73,0,6.27,6.27
2026-03,Bank Of Baroda,Remitter,1649.23,1462.37,88.67,10,11.23,21.23
2026-03,Union Bank Of India,Remitter,1451.37,1315.23,90.62,20,9.17,29.17
2026-03,Punjab National Bank,Remitter,1301.5,1151.96,88.51,13,11.35,24.35
2026-03,Canara Bank,Remitter,1160.95,1060.3,91.33,19,8.49,27.49
2026-03,Kotak Mahindra Bank,Remitter,1134.21,1017.5,89.71,14,10.15,24.15
2026-03,Axis Bank Ltd.,Remitter,1029.58,964.2,93.65,0,6.35,6.35
2026-03,India Post Payments Bank Limited,Remitter,884.14,733.84,83,19,16.81,35.81
2026-03,Indian Bank,Remitter,794.12,715.26,90.07,12,9.8,21.8
2026-03,Airtel Payments Bank Limited,Remitter,787.26,601.23,76.37,23,23.4,46.4
2026-03,Icici Bank Ltd.,Remitter,768.31,731.97,95.27,16,4.57,20.57
2026-03,Bank Of India,Remitter,725.98,662.67,91.28,46,8.26,54.26
2026-03,Indian Overseas Bank,Remitter,417.72,382.34,91.53,2,8.45,10.45
2026-03,Central Bank Of India,Remitter,409.5,362.41,88.5,89,10.61,99.61
2026-03,Uco Bank,Remitter,335.66,293.23,87.36,8,12.56,20.56
2026-03,Federal Bank Ltd.,Remitter,293.37,267.05,91.03,9,8.88,17.88
2026-03,Fino Payments Bank Ltd.,Remitter,275.22,214.31,77.87,6,22.07,28.07
2026-03,Bank Of Maharashtra,Remitter,260.31,238.37,91.57,28,8.15,36.15
2026-03,Indusind Bank Ltd.,Remitter,249.91,215.52,86.24,17,13.59,30.59
2026-03,Idbi Bank Ltd.,Remitter,228.49,209.78,91.81,54,7.65,61.65
2026-03,Yes Bank Ltd.,Remitter,167.38,151.34,90.42,17,9.41,26.41
2026-03,Tri O Tech Solutions Private Limited,Remitter,166.67,166.67,100,0,0,0
2026-03,Idfc Bank Ltd.,Remitter,163.66,152.07,92.92,3,7.05,10.05
2026-03,Karnataka Bank,Remitter,163.57,148.19,90.6,21,9.2,30.2
2026-03,Karur Vysya Bank,Remitter,108.15,98.85,91.4,29,8.32,37.32
2026-03,The Jammu & Kashmir Bank Limited,Remitter,108.13,98.99,91.55,25,8.2,33.2
2026-03,Bandhan Bank Limited,Remitter,102.11,96.77,94.77,74,4.5,78.5
2026-03,Jio Payments Bank Ltd,Remitter,101.97,82.39,80.8,30,18.89,48.89
2026-03,Au Small Finance Bank,Remitter,92.46,80.57,87.14,10,12.76,22.76
2026-03,Baroda U.P. Bank,Remitter,90.1,76.4,84.79,10.17,5.05,15.22
2026-03,The South Indian Bank Limited,Remitter,84.24,78.77,93.51,21,6.28,27.28
2026-03,Nsdl Payments Bank Limited,Remitter,78.59,59.52,75.74,1.63,22.63,24.26
2026-03,Slice Small Finance Bank Limited,Remitter,70.17,65.93,93.96,27,5.77,32.77
2026-03,Punjab And Sind Bank,Remitter,69.58,60.86,87.47,28,12.25,40.25
2026-03,Slice Small Finance Bank Limited,Remitter,66.82,61.08,91.41,54,8.05,62.05
2026-03,Ujjivan Small Finance Bank Limited,Remitter,64.24,56.18,87.46,25,12.29,37.29
2026-03,Rajasthan Marudhara Gramin Bank,Remitter,64.16,54.43,84.83,68,14.49,82.49
2026-03,City Union Bank,Remitter,62.47,56.59,90.59,38,9.03,47.03
2026-03,Karnataka Gramin Bank,Remitter,61.01,53.69,88.01,1.14,10.86,12
2026-03,Kerala Gramin Bank,Remitter,58.84,54.86,93.23,23,6.54,29.54
2026-03,Telangana Grameena Bank,Remitter,52.64,45.41,86.27,1.84,11.89,13.73
2026-03,Chaitanya Godavari Grameena Bank,Remitter,49.65,41.73,84.05,1.2,14.76,15.96
2026-03,Maharashtra Gramin Bank,Remitter,44.51,36.19,81.31,3.46,15.23,18.69
2026-03,Esaf Small Finance Bank Ltd,Remitter,38.08,36.47,95.77,69,3.54,72.54
2026-03,Rbl Bank Ltd.,Remitter,35.74,33.02,92.39,33,7.27,40.27
2026-03,Saraswat Co-Operative Bank,Remitter,34.68,32.48,93.65,52,5.83,57.83
2026-03,Dbs Bank India Limited,Remitter,33.05,30.02,90.82,10,9.08,19.08
2026-03,Equitas Small Finance Bank,Remitter,30.52,27.11,88.84,9,11.07,20.07
2026-03,Sarva Haryana Gramin Bank,Remitter,29.02,26.45,91.15,20,8.65,28.65
2024-05,State Bank Of India,Remitter,3758.35,3562.92,94.8,20,5.01,25.01
2024-05,HDFC Bank Ltd,Remitter,1211.41,1159.93,95.75,6,4.19,10.19
2024-05,Bank of Baroda,Remitter,930.35,860.48,92.49,95,6.56,101.56
2024-05,Union Bank of India,Remitter,876.18,826.94,94.38,24,5.38,29.38
2024-05,Punjab National Bank,Remitter,785.36,735.41,93.64,31,6.05,37.05
2024-05,Kotak Mahindra Bank,Remitter,746.83,693.28,92.83,39,6.78,45.78
2024-05,Canara Bank,Remitter,670.33,622.54,92.87,98,6.15,104.15
2024-05,ICICI Bank,Remitter,627.63,604.6,96.33,5,3.62,8.62
2024-05,Axis Bank Ltd.,Remitter,627.47,599.86,95.6,2,4.39,6.39
2024-05,Bank of India,Remitter,454.54,423.45,93.16,1.68,5.16,6.84
2024-05,Indian Bank,Remitter,427.45,402.27,94.11,24,5.65,29.65
2024-05,Airtel Payments Bank,Remitter,413.75,377.63,91.27,52,8.2,60.2
2024-05,India Post Payment Bank,Remitter,317.28,275.53,86.84,70,12.47,82.47
2024-05,Federal Bank,Remitter,212.71,200.14,94.09,47,5.44,52.44
2024-05,Central Bank Of India,Remitter,206.31,180.03,87.26,1.57,11.16,12.73
2024-05,Indian Overseas Bank,Remitter,197.96,186.72,94.32,44,5.24,49.24
2024-05,UCO Bank,Remitter,184.22,172.65,93.72,11,6.16,17.16
2024-05,IDBI Bank Limited,Remitter,159.28,150.36,94.4,14,5.46,19.46
2024-05,Bank of Maharashtra,Remitter,152.68,141.15,92.45,2.06,5.48,7.54
2024-05,Indusind Bank,Remitter,150.37,138.82,92.32,31,7.38,38.38
2024-05,Fino Payments Bank Limited,Remitter,140.12,129.74,92.59,22,7.19,29.19
2024-05,Yes Bank Ltd,Remitter,121.13,113.92,94.05,5,5.9,10.9
2024-05,Karnataka Bank,Remitter,110.31,102.85,93.24,29,6.47,35.47
2024-05,IDFC First Bank,Remitter,87.12,80.93,92.89,4,7.06,11.06
2024-05,Karur Vysya Bank,Remitter,68.36,64.24,93.97,18,5.85,23.85
2024-05,Jammu and Kashmir Bank,Remitter,66.17,62.14,93.91,1.6,4.48,6.08
2024-05,Bandhan Bank,Remitter,59.24,54.32,91.7,1.6,6.7,8.3
2024-05,South Indian Bank,Remitter,54.78,52.31,95.49,10,4.41,14.41
2024-05,Tri O Tech Solutions Private Limited,Remitter,50.1,50.1,100,0,0,0
2024-05,AU small Finance Bank,Remitter,47.67,44.53,93.42,83,5.75,88.75
2024-05,Ujjivan Small Finance Bank,Remitter,45.1,42.28,93.75,61,5.64,66.64
2024-05,City Union Bank,Remitter,41.63,38.67,92.9,37,6.73,43.73
2024-05,Punjab and Sind Bank,Remitter,38.16,35.4,92.76,36,6.89,42.89
2024-05,Tamilnad Mercantile Bank,Remitter,38.01,35.11,92.38,44,7.19,51.19
2024-05,Equitas Small Finance Bank,Remitter,33.53,31.03,92.55,27,7.18,34.18
2024-05,Andhra Pradesh Grameena Vikas Bank,Remitter,29.8,25.61,85.93,2.02,12.05,14.07
2024-05,Kerala Gramin Bank,Remitter,29.05,27.01,92.97,1.37,5.66,7.03
2024-05,Pragathi Krishna Gramin Bank,Remitter,27.76,24.88,89.64,3,7.36,10.36
2024-05,DBS Bank India Limited,Remitter,27.4,25.83,94.26,16,5.59,21.59
2024-05,Maharashtra Gramin Bank,Remitter,26.27,22.6,86.04,2.39,11.57,13.96
2024-05,Rajasthan Marudhara Gramin Bank,Remitter,25.55,22.11,86.55,2.16,11.29,13.45
2024-05,Standard Chartered,Remitter,25.23,24.46,96.94,18,2.87,20.87
2024-05,Saraswat Bank,Remitter,23.75,22.6,95.17,64,4.19,68.19
2024-05,Baroda UP Gramin Bank,Remitter,23.63,18.47,78.17,12.2,9.63,21.83
2024-05,ESAF Small Finance Bank Ltd.,Remitter,22.91,21.82,95.23,23,4.54,27.54
2024-05,Fincare Small Finance Bank Ltd,Remitter,21.54,18.44,85.62,46,13.92,59.92
2024-05,Sarva Haryana Gramin Bank,Remitter,20.85,17.95,86.11,1.83,12.06,13.89
2024-05,Citi Bank,Remitter,20.03,19.33,96.49,37,3.14,40.14
2024-05,Andhra Pragathi Grameena Bank,Remitter,18.23,15.24,83.62,3.38,13,16.38
2024-05,RBL Bank Limited,Remitter,16.38,14.61,89.18,92,9.91,101.91
2025-05,State Bank of India,Remitter,4972.91,4668.07,93.87,0.25,5.88,6.13
2025-05,HDFC Bank Ltd.,Remitter,1512.37,1437.05,95.02,0.12,4.86,4.98
2025-05,Bank of Baroda,Remitter,1262.84,1152.59,91.27,0.09,8.64,8.73
2025-05,Union Bank of India,Remitter,1168.19,1088.75,93.2,0.09,6.72,6.81
2025-05,Punjab National Bank,Remitter,1068.01,988.98,92.6,0.2,7.2,7.4
2025-05,Kotak Mahindra Bank,Remitter,927.5,857.01,92.4,0.09,7.51,7.6
2025-05,Canara Bank,Remitter,903.21,840.8,93.09,0.07,6.84,6.91
2025-05,Axis Bank Ltd.,Remitter,852.6,808.69,94.85,0,5.15,5.15
2025-05,ICICI Bank Ltd.,Remitter,713.35,685.89,96.15,0.01,3.84,3.85
2025-05,Indian Bank,Remitter,593.72,551.86,92.95,0.31,6.74,7.05
2025-05,Bank Of India,Remitter,587.21,543.52,92.56,0.99,6.44,7.43
2025-05,India Post Payments Bank Limited,Remitter,576.1,513.19,89.08,0.21,10.71,10.92
2025-05,Airtel Payments Bank Limited,Remitter,573.79,497.25,86.66,0.42,12.92,13.34
2025-05,Indian Overseas Bank,Remitter,298.9,277.83,92.95,0.3,6.75,7.05
2025-05,Central Bank of India,Remitter,265.24,235.75,88.88,0.52,10.6,11.12
2025-05,UCO Bank,Remitter,259.36,237.7,91.65,0.15,8.2,8.35
2025-05,Federal Bank Ltd.,Remitter,251.18,233.65,93.02,0.11,6.87,6.98
2025-05,Fino Payments Bank Ltd.,Remitter,213.85,189.11,88.43,0.23,11.33,11.56
2025-05,Bank of Maharashtra,Remitter,204.66,191.3,93.47,0.18,6.36,6.54
2025-05,Indusind Bank Ltd.,Remitter,203.19,183.58,90.35,0.16,9.48,9.64
2025-05,IDBI Bank Ltd.,Remitter,199.11,186.03,93.43,0.47,6.1,6.57
2025-05,Yes Bank Ltd.,Remitter,175.35,161.39,92.04,0.09,7.87,7.96
2025-05,Karnataka Bank,Remitter,140.77,129.97,92.33,0.21,7.45,7.66
2025-05,IDFC Bank Ltd.,Remitter,113.06,105.64,93.44,0.05,6.51,6.56
2025-05,Tri O Tech Solutions Private Limited,Remitter,110.06,110.06,100,0,0,0
2025-05,The Jammu & Kashmir Bank Limited,Remitter,96.68,89.3,92.37,1.18,6.45,7.63
2025-05,Karur Vysya Bank,Remitter,90.61,84.48,93.23,0.14,6.62,6.76
2025-05,Bandhan Bank limited,Remitter,86.69,81.9,94.47,0.24,5.29,5.53
2025-05,AU Small Finance Bank,Remitter,73.85,66.67,90.28,0.29,9.43,9.72
2025-05,The South Indian Bank Limited,Remitter,69.84,66.19,94.78,0.11,5.11,5.22
2025-05,Punjab and Sind Bank,Remitter,56.71,52.08,91.83,0.53,7.64,8.17
2025-05,City Union Bank,Remitter,53.56,49.33,92.11,0.17,7.72,7.89
2025-05,Ujjivan Small Finance Bank Limited,Remitter,52.91,49.31,93.19,0.19,6.62,6.81
2025-05,Tamilnad Mercantile Bank Limited,Remitter,52.51,48.72,92.78,0.17,7.05,7.22
2025-05,JIO Payments Bank Ltd,Remitter,52.13,43.73,83.89,0.74,15.36,16.1
2025-05,Baroda U.P. Bank,Remitter,45.69,41.8,91.48,2.04,6.48,8.52
2025-05,Kerala Gramin Bank,Remitter,44.18,40.56,91.81,1.02,7.17,8.19
2025-05,Telangana Grameena Bank,Remitter,37.79,33.59,88.89,0.7,10.41,11.11
2025-05,RBL Bank Ltd.,Remitter,35.46,33.25,93.76,0.67,5.57,6.24
2025-05,Maharashtra Gramin Bank,Remitter,35.09,30.22,86.13,1.52,12.35,13.87
2025-05,NSDL Payments Bank Limited,Remitter,35.02,29.44,84.06,0.45,15.48,15.93
2025-05,Karnataka Gramin Bank,Remitter,34.59,30.92,89.38,1.36,9.26,10.62
2025-05,Rajasthan Marudhara Gramin Bank,Remitter,32.88,28.57,86.88,0.62,12.5,13.12
2025-05,ESAF Small Finance Bank Ltd,Remitter,32.02,30.66,95.76,0.19,4.06,4.25
2025-05,DBS Bank India Limited,Remitter,31.69,29.59,93.36,0.12,6.53,6.65
2025-05,Equitas Small Finance Bank,Remitter,30.47,27.83,91.32,0.21,8.47,8.68
2025-05,Saraswat Co-operative Bank,Remitter,28.72,27.31,95.09,0.04,4.88,4.92
2025-05,Andhra Pragathi Grameena Bank,Remitter,28.62,24.28,84.84,2.85,12.31,15.16
2025-05,Standard Chartered Bank,Remitter,28.24,27.08,95.89,0.43,3.67,4.1
2025-05,Sarva Haryana Gramin Bank,Remitter,26.07,23.51,90.17,2.87,6.96,9.83
2026-05,State Bank Of India,Remitter,6439.49,5871.53,91.18,17,8.65,25.65
2026-05,Hdfc Bank Ltd.,Remitter,1735.66,1621.63,93.43,2,6.55,8.55
2026-05,Bank Of Baroda,Remitter,1713.53,1505.16,87.84,7,12.09,19.09
2026-05,Union Bank Of India,Remitter,1508.82,1365.03,90.47,1,9.52,10.52
2026-05,Punjab National Bank,Remitter,1397.83,1238.48,88.6,87,10.54,97.54
2026-05,Canara Bank,Remitter,1205.08,1096.02,90.95,9,8.95,17.95
2026-05,Kotak Mahindra Bank,Remitter,1164.23,1039.66,89.3,1,10.7,11.7
2026-05,Axis Bank Ltd.,Remitter,1056.95,987.51,93.43,1,6.56,7.56
2026-05,India Post Payments Bank Limited,Remitter,895.96,730.03,81.48,42,18.1,60.1
2026-05,Indian Bank,Remitter,804.65,693.29,86.16,52,13.32,65.32
2026-05,Icici Bank Ltd.,Remitter,795.41,758.82,95.4,2,4.58,6.58
2026-05,Airtel Payments Bank Limited,Remitter,771.76,571.03,73.99,28,25.73,53.73
2026-05,Bank Of India,Remitter,749.48,683.15,91.15,5,8.8,13.8
2026-05,Indian Overseas Bank,Remitter,437.45,396.9,90.73,2,9.25,11.25
2026-05,Central Bank Of India,Remitter,429.9,372.04,86.54,1.54,11.91,13.45
2026-05,Uco Bank,Remitter,343.09,300.72,87.65,6,12.29,18.29
2026-05,Federal Bank Ltd.,Remitter,300.98,272.63,90.58,4,9.38,13.38
2026-05,Fino Payments Bank Ltd.,Remitter,286.37,218.82,76.41,50,23.09,73.09
2026-05,Bank Of Maharashtra,Remitter,263.89,239.66,90.82,31,8.87,39.87
2026-05,Indusind Bank Ltd.,Remitter,258.24,220.46,85.37,8,14.55,22.55
2026-05,Idbi Bank Ltd.,Remitter,234.77,213.27,90.84,77,8.39,85.39
2026-05,Tri O Tech Solutions Private Limited,Remitter,194.3,194.3,100,0,0,0
2026-05,Yes Bank Ltd.,Remitter,175.62,161.78,92.12,13,7.75,20.75
2026-05,Karnataka Bank,Remitter,167.31,150.66,90.05,21,9.74,30.74
2026-05,Idfc Bank Ltd.,Remitter,167.07,154.46,92.45,3,7.53,10.53
2026-05,The Jammu & Kashmir Bank Limited,Remitter,126.89,117.31,92.45,5,7.5,12.5
2026-05,Karur Vysya Bank,Remitter,109.01,100.75,92.42,18,7.4,25.4
2026-05,Jio Payments Bank Ltd,Remitter,106.77,86.25,80.78,14,19.07,33.07
2026-05,Bandhan Bank Limited,Remitter,101.98,95.62,93.76,93,5.3,98.3
2026-05,Au Small Finance Bank,Remitter,95.59,82.34,86.14,20,13.66,33.66
2026-05,Baroda U.P. Bank,Remitter,92.52,82.73,89.42,4.91,5.67,10.58
2026-05,Slice Small Finance Bank Limited,Remitter,85.94,80.78,94,7,5.93,12.93
2026-05,The South Indian Bank Limited,Remitter,85.44,79.6,93.16,39,6.45,45.45
2026-05,Nsdl Payments Bank Limited,Remitter,84.08,62.09,73.85,39,25.77,64.77
2026-05,Punjab And Sind Bank,Remitter,73.48,63.93,87.01,37,12.63,49.63
2026-05,Rajasthan Marudhara Gramin Bank,Remitter,67.91,57.06,84.03,71,15.26,86.26
2026-05,Tamilnad Mercantile Bank Limited,Remitter,67.33,61.16,90.84,72,8.44,80.44
2026-05,Ujjivan Small Finance Bank Limited,Remitter,66.55,57.25,86.03,23,13.73,36.73
2026-05,City Union Bank,Remitter,63.65,58.24,91.5,5,8.45,13.45
2026-05,Karnataka Gramin Bank,Remitter,63.58,55.19,86.81,1.69,11.5,13.19
2026-05,Kerala Gramin Bank,Remitter,61.29,56.83,92.72,30,6.98,36.98
2026-05,Telangana Grameena Bank,Remitter,54.81,47.53,86.71,1.57,11.72,13.29
2026-05,Chaitanya Godavari Grameena Bank,Remitter,50.14,44.3,88.36,64,11,75
2026-05,Maharashtra Gramin Bank,Remitter,46.28,38.59,83.38,1.08,15.54,16.62
2026-05,Esaf Small Finance Bank Ltd,Remitter,38.36,36.48,95.1,1.5,3.4,4.9
2026-05,Saraswat Co-Operative Bank,Remitter,35.29,32.63,92.46,100,6.54,106.54
2026-05,Sarva Haryana Gramin Bank,Remitter,32.85,27.82,84.69,1.08,14.23,15.31
2026-05,Dbs Bank India Limited,Remitter,32.61,29.58,90.71,8,9.21,17.21
2026-05,Equitas Small Finance Bank,Remitter,30.79,27.16,88.2,32,11.48,43.48
2026-05,One Mobikwik Systems Limited,Remitter,29.58,29.58,100,0,0,0
2024-11,State Bank of India,Remitter,4182.13,3893.98,93.11,57,6.32,63.32
2024-11,HDFC Bank Ltd.,Remitter,1305.92,1228.48,94.07,9,5.83,14.83
2024-11,Bank of Baroda,Remitter,1035.67,953.85,92.1,4,7.85,11.85
2024-11,Union Bank Of India,Remitter,990.08,915.63,92.48,23,7.29,30.29
2024-11,Punjab national Bank,Remitter,881.89,802.96,91.05,10,8.85,18.85
2024-11,Kotak Mahindra Bank,Remitter,804.07,727.6,90.49,23,9.28,32.28
2024-11,Axis Bank Ltd.,Remitter,764.59,720.24,94.2,1,5.78,6.78
2024-11,Canara Bank,Remitter,760.29,701.9,92.32,43,7.25,50.25
2024-11,ICICI Bank Ltd.,Remitter,651.55,620.67,95.26,18,4.56,22.56
2024-11,Bank Of India,Remitter,497.26,456.48,91.8,1.65,6.55,8.2
2024-11,Indian Bank,Remitter,484.6,449.61,92.78,17,7.05,24.05
2024-11,Airtel Payments Bank Ltd.,Remitter,471.39,411.43,87.28,93,11.79,104.79
2024-11,India Post Payments Bank Ltd.,Remitter,410.33,354.69,86.44,1.58,11.98,13.56
2024-11,Indian Overseas Bank,Remitter,232.93,216.88,93.11,22,6.67,28.67
2024-11,Federal Bank Ltd.,Remitter,230.2,211.32,91.8,19,8.01,27.01
2024-11,Central Bank of India,Remitter,223.46,193.49,86.59,1.07,12.34,13.41
2024-11,UCO Bank,Remitter,206.37,189.61,91.88,10,8.02,18.02
2024-11,Indusind Bank Ltd.,Remitter,172.82,153.79,88.99,29,10.73,39.73
2024-11,IDBI Bank Ltd.,Remitter,171.56,159.64,93.05,16,6.79,22.79
2024-11,Bank of Maharashtra,Remitter,167.64,155.13,92.54,15,7.31,22.31
2024-11,Fino Payments Bank Ltd.,Remitter,161.47,149.88,92.82,12,7.06,19.06
2024-11,YES Bank Ltd.,Remitter,155.3,129.27,83.24,40,16.36,56.36
2024-11,Karnataka Bank,Remitter,122.37,112.18,91.67,1.01,7.33,8.34
2024-11,IDFC Bank Ltd.,Remitter,93.14,85.12,91.39,20,8.41,28.41
2024-11,The Jammu & Kashmir Bank Limited,Remitter,76.44,69.02,90.29,4.29,5.42,9.71
2024-11,Karur Vysya Bank,Remitter,76.29,70.72,92.7,19,7.11,26.11
2024-11,Bandhan Bank limited,Remitter,70.96,66.25,93.36,1.55,5.09,6.64
2024-11,AU Small Finance Bank,Remitter,70.55,62.49,88.57,20,11.23,31.23
2024-11,Tri O Tech Solutions Private Limited,Remitter,67.2,67.2,100,0,0,0
2024-11,The South Indian Bank Limited,Remitter,62.85,59.49,94.65,7,5.28,12.28
2024-11,Punjab and Sind Bank,Remitter,45.44,41.58,91.51,10,8.4,18.4
2024-11,Ujjivan Small Finance Bank Limited,Remitter,45.21,42.79,94.64,38,4.99,42.99
2024-11,City Union Bank,Remitter,44.74,41.41,92.56,16,7.28,23.28
2024-11,Tamilnad Mercantile Bank Limited,Remitter,42.47,39,91.84,46,7.7,53.7
2024-11,Kerala Gramin Bank,Remitter,39.89,35,87.74,5.89,6.37,12.26
2024-11,Equitas Small Finance Bank,Remitter,31.78,29.23,91.99,3,7.98,10.98
2024-11,Andhra Pradesh Grameena Vikas Bank,Remitter,31.66,26.2,82.74,5.67,11.59,17.26
2024-11,Karnataka Gramin Bank,Remitter,30.31,26.69,88.07,3.41,8.52,11.93
2024-11,Baroda U.P. Bank,Remitter,29.74,27.26,91.65,1.69,6.65,8.34
2024-11,JIO Payments Bank Ltd,Remitter,28.8,25.28,87.77,1.24,10.99,12.23
2024-11,DBS Bank India Limited,Remitter,28.24,25.99,92.03,44,7.53,51.53
2024-11,ESAF Small Finance Bank Ltd,Remitter,27.19,25.97,95.5,11,4.39,15.39
2024-11,Rajasthan Marudhara Gramin Bank,Remitter,26.47,22.75,85.94,2.26,11.8,14.06
2024-11,Standard Chartered Bank,Remitter,25.87,24.72,95.57,64,3.79,67.79
2024-11,Maharashtra Gramin Bank,Remitter,25.8,22.28,86.35,1.09,12.55,13.64
2024-11,Saraswat Co-operative Bank,Remitter,25.49,23.93,93.87,14,5.99,19.99
2024-11,NSDL Payments Bank Limited,Remitter,24.28,20.9,86.08,1.31,12.61,13.92
2024-11,RBL Bank Ltd.,Remitter,23.47,21.52,91.69,35,7.95,42.95
2024-11,Andhra Pragathi Grameena Bank,Remitter,21.61,18.01,83.33,5.89,10.78,16.67
2024-11,Sarva Haryana Gramin Bank,Remitter,20.09,18.77,93.42,44,6.14,50.14
2025-11,State Bank of India,Remitter,5514.06,5116.5,92.79,29,6.92,35.92
2025-11,HDFC Bank Ltd.,Remitter,1587.84,1506.54,94.88,2,5.1,7.1
2025-11,Bank of Baroda,Remitter,1420.1,1284.91,90.48,11,9.41,20.41
2025-11,Union Bank of India,Remitter,1274.78,1172.67,91.99,14,7.88,21.88
2025-11,Punjab National Bank,Remitter,1130.68,1021,90.3,28,9.43,37.43
2025-11,Canara Bank,Remitter,1012.47,927.73,91.63,67,7.7,74.7
2025-11,Kotak Mahindra Bank,Remitter,1010.55,923.74,91.41,38,8.21,46.21
2025-11,Axis Bank Ltd.,Remitter,989.22,939.56,94.98,0,5.02,5.02
2025-11,ICICI Bank Ltd.,Remitter,743.57,713.31,95.93,9,3.98,12.98
2025-11,India Post Payments Bank Limited,Remitter,722.11,614.44,85.09,70,14.21,84.21
2025-11,Indian Bank,Remitter,688.17,626.85,91.09,28,8.63,36.63
2025-11,Airtel Payments Bank Limited,Remitter,655.9,536,81.72,23,18.05,41.05
2025-11,Bank Of India,Remitter,637.79,589.45,92.42,66,6.92,72.92
2025-11,Indian Overseas Bank,Remitter,353.99,322.7,91.16,2.05,6.79,8.84
2025-11,Central Bank of India,Remitter,334.49,302.38,90.4,93,8.67,101.67
2025-11,UCO Bank,Remitter,293.38,263.46,89.8,9,10.11,19.11
2025-11,Federal Bank Ltd.,Remitter,270.16,250.87,92.86,3,7.11,10.11
2025-11,Fino Payments Bank Ltd.,Remitter,242.83,197.45,81.31,1.34,17.35,18.69
2025-11,Bank of Maharashtra,Remitter,228.31,212.94,93.27,8,6.65,14.65
2025-11,Indusind Bank Ltd.,Remitter,218.34,192.03,87.95,74,11.3,85.3
2025-11,IDBI Bank Ltd.,Remitter,205.9,193.05,93.76,14,6.1,20.1
2025-11,Yes Bank Ltd.,Remitter,175.69,159.86,90.99,17,8.83,25.83
2025-11,Tri O Tech Solutions Private Limited,Remitter,148.71,148.71,100,0,0,0
2025-11,Karnataka Bank,Remitter,147.88,136.35,92.2,13,7.66,20.66
2025-11,IDFC Bank Ltd.,Remitter,121.41,112.75,92.87,5,7.08,12.08
2025-11,The Jammu & Kashmir Bank Limited,Remitter,102.21,94.49,92.45,1.23,6.32,7.55
2025-11,Karur Vysya Bank,Remitter,95.46,88.69,92.91,12,6.97,18.97
2025-11,BANDHAN BANK LIMITED,Remitter,92.91,87.65,94.34,1.12,4.54,5.66
2025-11,AU Small Finance Bank,Remitter,79.93,70.43,88.12,95,10.93,105.93
2025-11,The South Indian Bank Limited,Remitter,77.11,72.69,94.27,24,5.49,29.49
2025-11,JIO Payments Bank Ltd,Remitter,75.81,62.9,82.97,1.97,15.06,17.03
2025-11,Uttar Pradesh Gramin Bank,Remitter,65.09,59.69,91.7,3.5,4.8,8.3
2025-11,Punjab and Sind Bank,Remitter,59.84,53.93,90.13,83,9.04,92.04
2025-11,NSDL Payments Bank Limited,Remitter,58.75,48.1,81.88,69,17.43,86.43
2025-11,City Union Bank,Remitter,57.73,53.22,92.19,8,7.72,15.72
2025-11,Tamilnad Mercantile Bank Limited,Remitter,57.69,53.29,92.37,45,7.18,52.18
2025-11,Ujjivan Small Finance Bank Limited,Remitter,55.38,49.91,90.12,22,9.66,31.66
2025-11,Kerala Gramin Bank,Remitter,52.13,48.09,92.25,78,6.96,84.96
2025-11,Rajasthan Gramin Bank,Remitter,49.22,41.78,84.89,2.83,12.28,15.11
2025-11,Karnataka Gramin Bank,Remitter,48.12,41.87,87.01,2.29,10.7,12.99
2025-11,Telangana Grameena Bank,Remitter,44.51,39.28,88.25,1.57,10.18,11.75
2025-11,Slice Small Finance Bank Limited,Remitter,40.67,38.85,95.52,20,4.28,24.28
2025-11,Maharashtra Gramin Bank,Remitter,37.47,32.15,85.79,76,13.44,89.44
2025-11,ESAF Small Finance Bank Ltd,Remitter,34.85,33.21,95.3,64,4.07,68.07
2025-11,Andhra Pradesh Grameena Bank,Remitter,31.72,28.38,89.48,1.56,8.96,10.52
2025-11,Saraswat Co-operative Bank,Remitter,31.18,29.44,94.43,44,5.13,49.13
2025-11,DBS Bank India Limited,Remitter,30.93,28.58,92.4,13,7.47,20.47
2025-11,RBL Bank Ltd.,Remitter,28.73,26.34,91.68,38,7.94,45.94
2025-11,Equitas Small Finance Bank,Remitter,28.07,25.46,90.71,20,9.09,29.09
2025-11,Sarva Haryana Gramin Bank,Remitter,26.58,24.49,92.15,39,7.47,46.47
2024-10,State Bank Of India,Remitter,4478.41,4124.62,92.1,1.61,6.29,7.9
2024-10,HDFC BANK LTD.,Remitter,1409.32,1335.19,94.74,2,5.24,7.24
2024-10,Bank of Baroda,Remitter,1116.59,1033.29,92.54,6,7.41,13.41
2024-10,Union Bank of India,Remitter,1043.89,972.49,93.16,15,6.69,21.69
2024-10,Punjab National Bank,Remitter,955.82,869.03,90.92,18,8.9,26.9
2024-10,Kotak Mahindra Bank,Remitter,863.59,788.63,91.32,10,8.58,18.58
2024-10,Axis Bank Ltd.,Remitter,827.97,785.08,94.82,6,5.13,11.13
2024-10,Canara Bank,Remitter,795.21,735.97,92.55,29,7.16,36.16
2024-10,ICICI Bank Ltd.,Remitter,709.27,679.2,95.76,4,4.2,8.2
2024-10,Bank of India,Remitter,538.24,503.47,93.54,54,5.93,59.93
2024-10,Indian Bank,Remitter,513.28,479.45,93.41,18,6.42,24.42
2024-10,Airtel Payments Bank Limited,Remitter,500.76,447.98,89.46,19,10.35,29.35
2024-10,India Post Payments Bank Limited,Remitter,434.48,380.21,87.51,1.25,11.24,12.49
2024-10,Indian Overseas Bank,Remitter,244.05,223.75,91.68,2.19,6.13,8.32
2024-10,Central Bank Of India,Remitter,241.37,209.63,86.85,92,12.22,104.22
2024-10,Federal Bank Ltd.,Remitter,238.16,220.51,92.59,31,7.1,38.1
2024-10,UCO Bank,Remitter,220.3,203.03,92.16,16,7.68,23.68
2024-10,Bank of Maharashtra,Remitter,187.72,174.47,92.94,42,6.64,48.64
2024-10,IDBI Bank Ltd.,Remitter,186.35,174.55,93.67,18,6.15,24.15
2024-10,INDUSIND BANK Ltd.,Remitter,184.41,166.82,90.46,22,9.32,31.32
2024-10,Fino Payments Bank Ltd.,Remitter,173.06,160.53,92.76,7,7.17,14.17
2024-10,Yes Bank Ltd.,Remitter,165.55,141.79,85.65,21,14.14,35.14
2024-10,Karnataka Bank,Remitter,126.09,116.8,92.63,50,6.87,56.87
2024-10,IDFC Bank Ltd.,Remitter,99.72,92.15,92.41,44,7.14,51.14
2024-10,Karur Vysya Bank,Remitter,79.62,74.04,92.99,29,6.72,35.72
2024-10,The Jammu & Kashmir Bank Limited,Remitter,78.02,69.87,89.55,5.43,5.02,10.45
2024-10,AU small Finance Bank,Remitter,76.76,69.12,90.05,7,9.88,16.88
2024-10,Bandhan Bank Limited,Remitter,74.83,70.24,93.87,84,5.29,89.29
2024-10,Tri O Tech Solutions Private Limited,Remitter,69.79,69.79,100,0,0,0
2024-10,The South Indian Bank Limited,Remitter,64.32,60.85,94.61,14,5.25,19.25
2024-10,Ujjivan Small Finance Bank Limited,Remitter,48.67,46.07,94.65,37,4.98,41.98
2024-10,Punjab and Sind Bank,Remitter,47.91,44.06,91.97,20,7.83,27.83
2024-10,City Union Bank,Remitter,47.69,44.37,93.04,14,6.83,20.83
2024-10,Tamilnad Mercantile Bank Limited,Remitter,44.76,41.28,92.22,38,7.41,45.41
2024-10,Kerala Gramin Bank,Remitter,38.22,35.34,92.47,85,6.68,91.68
2024-10,Equitas Small Finance Bank,Remitter,34.5,31.92,92.52,3,7.45,10.45
2024-10,Andhra Pradesh Grameena Vikas Bank,Remitter,32.92,28.31,85.99,1.39,12.62,14.01
2024-10,Baroda UP Gramin Bank,Remitter,31.14,28.78,92.41,1.48,6.1,7.58
2024-10,Karnataka Gramin Bank,Remitter,30.87,27.66,89.6,2.13,8.27,10.4
2024-10,DBS Bank India Limited,Remitter,30.17,27.94,92.6,15,7.25,22.25
2024-10,Maharashtra Gramin Bank,Remitter,29.85,25.55,85.61,2.27,12.12,14.39
2024-10,Rajasthan Marudhara Gramin Bank,Remitter,29.28,24.64,84.14,4.91,10.95,15.86
2024-10,Saraswat Co-operative Bank,Remitter,28.5,26.81,94.07,21,5.72,26.72
2024-10,Jio Payments Bank Ltd,Remitter,28.23,25.01,88.59,1.23,10.18,11.41
2024-10,Standard Chartered Bank,Remitter,27.97,26.7,95.45,1.24,3.31,4.55
2024-10,ESAF Small Finance Bank Ltd,Remitter,27.91,26.61,95.35,10,4.55,14.55
2024-10,NSDL Payments Bank Limited,Remitter,24.07,20.37,84.64,3.81,11.55,15.36
2024-10,RBL Bank Ltd.,Remitter,23.06,21.3,92.36,31,7.33,38.33
2024-10,Andhra Pragathi Grameena Bank,Remitter,21.92,17.16,78.27,11.34,10.39,21.73
2024-10,Sarva Haryana Gramin Bank,Remitter,21.22,19.78,93.23,36,6.41,42.41
2025-10,State Bank of India,Remitter,5531.27,5138,92.89,55,6.56,61.56
2025-10,HDFC Bank Ltd.,Remitter,1638.91,1558.44,95.09,2,4.89,6.89
2025-10,Bank of Baroda,Remitter,1438.02,1311.62,91.21,4,8.75,12.75
2025-10,Union Bank of India,Remitter,1282.39,1186.6,92.53,4,7.43,11.43
2025-10,Punjab National Bank,Remitter,1156.34,1041.4,90.06,21,9.73,30.73
2025-10,Kotak Mahindra Bank,Remitter,1031.11,949.03,92.04,3,7.93,10.93
2025-10,Canara Bank,Remitter,1014.04,938.19,92.52,6,7.42,13.42
2025-10,Axis Bank Ltd.,Remitter,954.46,905.97,94.92,0,5.08,5.08
2025-10,ICICI Bank Ltd.,Remitter,769.72,738.47,95.94,1,4.05,5.05
2025-10,India Post Payments Bank Limited,Remitter,712.41,610.68,85.72,74,13.54,87.54
2025-10,Indian Bank,Remitter,687.32,635.22,92.42,11,7.47,18.47
2025-10,Airtel Payments Bank Limited,Remitter,671.92,558.84,83.17,6,16.77,22.77
2025-10,Bank Of India,Remitter,642.99,599.46,93.23,31,6.46,37.46
2025-10,Indian Overseas Bank,Remitter,350.56,326.44,93.12,7,6.82,13.82
2025-10,Central Bank of India,Remitter,333.63,303.3,90.91,51,8.58,59.58
2025-10,UCO Bank,Remitter,296.04,267.06,90.21,33,9.46,42.46
2025-10,Federal Bank Ltd.,Remitter,273.16,254.39,93.13,4,6.84,10.84
2025-10,Fino Payments Bank Ltd.,Remitter,248.52,206.92,83.26,1.86,14.88,16.74
2025-10,Bank of Maharashtra,Remitter,230.93,215.92,93.5,13,6.37,19.37
2025-10,Indusind Bank Ltd.,Remitter,225.19,200.26,88.93,31,10.76,41.76
2025-10,IDBI Bank Ltd.,Remitter,210.68,197.41,93.7,37,5.93,42.93
2025-10,Yes Bank Ltd.,Remitter,189.91,174.45,91.86,9,8.05,17.05
2025-10,Karnataka Bank,Remitter,147.34,135.95,92.27,20,7.53,27.53
2025-10,Tri O Tech Solutions Private Limited,Remitter,145.04,145.04,100,0,0,0
2025-10,IDFC Bank Ltd.,Remitter,121.18,112.62,92.94,12,6.95,18.95
2025-10,The Jammu & Kashmir Bank Limited,Remitter,103.76,96.11,92.63,1.32,6.05,7.37
2025-10,Karur Vysya Bank,Remitter,95.19,87.77,92.21,38,7.4,45.4
2025-10,BANDHAN BANK LIMITED,Remitter,94.16,89.43,94.98,34,4.68,38.68
2025-10,AU Small Finance Bank,Remitter,82.21,72.16,87.77,1.81,10.42,12.23
2025-10,The South Indian Bank Limited,Remitter,76.87,72.83,94.75,6,5.19,11.19
2025-10,JIO Payments Bank Ltd,Remitter,71.17,61.04,85.77,37,13.86,50.86
2025-10,Punjab and Sind Bank,Remitter,61.44,52.96,86.2,4.98,8.82,13.8
2025-10,Uttar Pradesh Gramin Bank,Remitter,61.35,54.94,89.55,4.61,5.84,10.45
2025-10,NSDL Payments Bank Limited,Remitter,58.08,47.95,82.56,33,17.11,50.11
2025-10,City Union Bank,Remitter,57.97,53.52,92.33,16,7.51,23.51
2025-10,Tamilnad Mercantile Bank Limited,Remitter,57.59,53.35,92.63,39,6.98,45.98
2025-10,Ujjivan Small Finance Bank Limited,Remitter,56.36,50.84,90.2,62,9.18,71.18
2025-10,Kerala Gramin Bank,Remitter,51.97,47.3,91.01,2.08,6.91,8.99
2025-10,Rajasthan Gramin Bank,Remitter,47.67,41.46,86.98,81,12.21,93.21
2025-10,Karnataka Gramin Bank,Remitter,44.83,37.63,83.94,3.82,12.24,16.06
2025-10,Telangana Grameena Bank,Remitter,42.49,37.36,87.93,2.07,10,12.07
2025-10,Maharashtra Gramin Bank,Remitter,37.14,31.65,85.22,1.49,13.29,14.78
2025-10,ESAF Small Finance Bank Ltd,Remitter,35.02,33.48,95.61,23,4.16,27.16
2025-10,Slice Small Finance Bank Limited,Remitter,34.08,32.64,95.78,33,3.89,36.89
2025-10,Saraswat Co-operative Bank,Remitter,32.19,30.48,94.7,59,4.7,63.7
2025-10,DBS Bank India Limited,Remitter,31.38,29.13,92.84,1,7.15,8.15
2025-10,RBL Bank Ltd.,Remitter,29.59,27.18,91.84,10,8.06,18.06
2025-10,Equitas Small Finance Bank,Remitter,29.1,26.5,91.05,28,8.67,36.67
2025-10,Sarva Haryana Gramin Bank,Remitter,27.74,25.8,92.99,100,6.01,106.01
2025-10,Standard Chartered Bank,Remitter,23,22.15,96.32,6,3.62,9.62
2024-09,State Bank Of India,Remitter,4067.05,3818.96,93.9,75,5.35,80.35
2024-09,HDFC BANK LTD,Remitter,1267.31,1208.51,95.36,2,4.62,6.62
2024-09,Bank of Baroda,Remitter,996.46,925.41,92.87,11,7.01,18.01
2024-09,Union Bank of India,Remitter,928.3,864.8,93.16,47,6.36,53.36
2024-09,Punjab National Bank,Remitter,851,784.62,92.2,11,7.69,18.69
2024-09,Kotak Mahindra Bank,Remitter,771.17,707.78,91.78,68,7.55,75.55
2024-09,Axis Bank Ltd.,Remitter,739.08,705.08,95.4,5,4.54,9.54
2024-09,Canara Bank,Remitter,724.35,675.31,93.23,44,6.32,50.32
2024-09,ICICI Bank Ltd.,Remitter,642.3,618.6,96.31,2,3.67,5.67
2024-09,Bank of India,Remitter,480.33,451.41,93.98,45,5.57,50.57
2024-09,Indian Bank,Remitter,466.01,438.19,94.03,11,5.87,16.87
2024-09,Airtel Payments Bank Ltd,Remitter,449.25,403.92,89.91,27,9.82,36.82
2024-09,India Post Payments Bank Ltd,Remitter,370.25,325.63,87.95,58,11.48,69.48
2024-09,Indian Overseas Bank,Remitter,221.41,202.86,91.62,2.71,5.67,8.38
2024-09,Federal Bank Ltd.,Remitter,220.03,207.16,94.15,4,5.81,9.81
2024-09,Central Bank Of India,Remitter,219.42,191.84,87.43,1.45,11.13,12.58
2024-09,UCO Bank,Remitter,202.25,185.73,91.83,70,7.48,77.48
2024-09,IDBI Bank,Remitter,167.82,156.84,93.46,55,5.98,60.98
2024-09,INDUSIND BANK Ltd.,Remitter,165.88,151.81,91.52,11,8.37,19.37
2024-09,Bank of Maharashtra,Remitter,165,153.99,93.33,30,6.37,36.37
2024-09,Fino Payments Bank Limited,Remitter,154.66,143.51,92.79,12,7.09,19.09
2024-09,Yes Bank Ltd.,Remitter,131.04,123.36,94.14,16,5.69,21.69
2024-09,Karnataka Bank,Remitter,117.35,109.55,93.35,18,6.47,24.47
2024-09,IDFC First Bank Ltd,Remitter,89.72,84.02,93.65,22,6.14,28.14
2024-09,Karur Vysya Bank,Remitter,73.53,67.79,92.19,1.25,6.56,7.81
2024-09,AU small Finance Bank,Remitter,69.23,63.06,91.09,17,8.74,25.74
2024-09,The Jammu & Kashmir Bank Limited,Remitter,69.03,64.09,92.85,1.9,5.24,7.14
2024-09,Bandhan Bank Limited,Remitter,68.05,63.2,92.88,1.67,5.45,7.12
2024-09,Tri O Tech Solutions Private Limited,Remitter,61,61,100,0,0,0
2024-09,The South Indian Bank Limited,Remitter,60.27,57.33,95.12,9,4.8,13.8
2024-09,Ujjivan Small Finance Bank Limited,Remitter,45.35,42.84,94.46,32,5.22,37.22
2024-09,City Union Bank,Remitter,44.3,41.15,92.88,58,6.54,64.54
2024-09,Punjab and Sind Bank,Remitter,43.54,40,91.88,65,7.47,72.47
2024-09,Tamilnad Mercantile Bank Limited,Remitter,41.41,38.36,92.63,36,7.01,43.01
2024-09,Kerala Gramin Bank,Remitter,35.02,32.05,91.51,2.15,6.35,8.5
2024-09,Equitas Small Finance Bank Ltd,Remitter,32.2,29.93,92.96,6,6.98,12.98
2024-09,Andhra Pradesh Grameena Vikas Bank,Remitter,29.88,25.87,86.57,1.23,12.21,13.44
2024-09,Pragathi Krishna Gramin Bank,Remitter,28.74,25.49,88.68,3.57,7.74,11.31
2024-09,DBS Bank India Limited,Remitter,27.93,26.17,93.71,2,6.27,8.27
2024-09,Baroda UP Gramin Bank,Remitter,26.48,24.4,92.16,28,7.56,35.56
2024-09,Maharashtra Gramin Bank,Remitter,25.95,22.48,86.61,1.23,12.16,13.39
2024-09,Rajasthan Marudhara Gramin Bank,Remitter,25.85,22.4,86.65,2.83,10.52,13.35
2024-09,ESAF Small Finance Bank Ltd.,Remitter,25.76,24.59,95.46,11,4.43,15.43
2024-09,Standard Chartered Bank,Remitter,25.65,24.75,96.49,56,2.95,58.95
2024-09,Saraswat Co-operative Bank,Remitter,24.88,23.41,94.11,66,5.24,71.24
2024-09,Jio Payments Bank Limited,Remitter,22.56,20.02,88.72,1.13,10.15,11.28
2024-09,NSDL Payments Bank Limited,Remitter,20.08,16.68,83.05,5.49,11.47,16.96
2024-09,Sarva Haryana Gramin Bank,Remitter,19.79,17.68,89.36,4.47,6.17,10.64
2024-09,Andhra Pragathi Grameena Bank,Remitter,18.96,15.86,83.63,4.68,11.69,16.37
2024-09,RBL Bank Limited,Remitter,18.87,17.26,91.45,44,8.1,52.1
2025-09,State Bank of India,Remitter,5275.12,4907.97,93.04,64,6.32,70.32
2025-09,HDFC Bank Ltd.,Remitter,1536.13,1460.25,95.06,1,4.94,5.94
2025-09,Bank of Baroda,Remitter,1356.34,1236.3,91.15,13,8.73,21.73
2025-09,Union Bank of India,Remitter,1215.12,1127.63,92.8,5,7.15,12.15
2025-09,Punjab National Bank,Remitter,1118.17,1005.57,89.93,14,9.93,23.93
2025-09,Kotak Mahindra Bank,Remitter,965.85,891.48,92.3,10,7.6,17.6
2025-09,Canara Bank,Remitter,962.6,890.6,92.52,28,7.19,35.19
2025-09,Axis Bank Ltd.,Remitter,902.48,856.9,94.95,1,5.04,6.04
2025-09,ICICI Bank Ltd.,Remitter,730.11,700.32,95.92,1,4.07,5.07
2025-09,India Post Payments Bank Limited,Remitter,657.46,561.34,85.38,1.44,13.18,14.62
2025-09,Indian Bank,Remitter,647.09,599.53,92.65,20,7.16,27.16
2025-09,Airtel Payments Bank Limited,Remitter,626.6,530.48,84.66,23,15.11,38.11
2025-09,Bank Of India,Remitter,603.94,564.99,93.55,19,6.26,25.26
2025-09,Indian Overseas Bank,Remitter,329.04,307.39,93.42,26,6.32,32.32
2025-09,Central Bank of India,Remitter,311.91,284.9,91.34,66,7.99,73.99
2025-09,UCO Bank,Remitter,281.68,255.62,90.75,79,8.47,87.47
2025-09,Federal Bank Ltd.,Remitter,259.32,242.39,93.47,5,6.48,11.48
2025-09,Fino Payments Bank Ltd.,Remitter,231.13,196.6,85.06,1.32,13.61,14.93
2025-09,Indusind Bank Ltd.,Remitter,213.9,191.65,89.6,30,10.1,40.1
2025-09,Bank of Maharashtra,Remitter,213.37,198.86,93.2,30,6.49,36.49
2025-09,IDBI Bank Ltd.,Remitter,201.57,187.74,93.14,51,6.35,57.35
2025-09,Yes Bank Ltd.,Remitter,163.15,147.96,90.69,14,9.17,23.17
2025-09,Karnataka Bank,Remitter,141.24,130.8,92.61,16,7.22,23.22
2025-09,Tri O Tech Solutions Private Limited,Remitter,139.13,139.13,100,0,0,0
2025-09,IDFC Bank Ltd.,Remitter,114.4,106.74,93.3,3,6.67,9.67
2025-09,The Jammu & Kashmir Bank Limited,Remitter,94.62,88.31,93.33,47,6.2,53.2
2025-09,Karur Vysya Bank,Remitter,92.71,85.97,92.73,40,6.88,46.88
2025-09,BANDHAN BANK LIMITED,Remitter,91.72,86.92,94.77,32,4.91,36.91
2025-09,AU Small Finance Bank,Remitter,77.16,69.04,89.48,66,9.86,75.86
2025-09,The South Indian Bank Limited,Remitter,73.96,70.07,94.74,30,4.96,34.96
2025-09,HDFC Bank Credit Card HCB,Remitter,63.77,61.1,95.82,3,4.15,7.15
2025-09,JIO Payments Bank Ltd,Remitter,63.71,54.98,86.3,70,13,83
2025-09,Punjab and Sind Bank,Remitter,59.04,53.2,90.1,1.51,8.39,9.9
2025-09,City Union Bank,Remitter,56.06,51.9,92.58,15,7.27,22.27
2025-09,Tamilnad Mercantile Bank Limited,Remitter,55.19,51.29,92.93,28,6.8,34.8
2025-09,Baroda U.P. Bank,Remitter,54.02,46,85.15,10.22,4.64,14.86
2025-09,Ujjivan Small Finance Bank Limited,Remitter,53.83,48.99,91.01,45,8.54,53.54
2025-09,NSDL Payments Bank Limited,Remitter,50.72,42.5,83.8,1.4,14.81,16.21
2025-09,Kerala Gramin Bank,Remitter,49.94,43.85,87.81,5.88,6.32,12.2
2025-09,SBI Cards and Payment Services Limited,Remitter,44.04,42.07,95.53,18,4.3,22.3
2025-09,Rajasthan Marudhara Gramin Bank,Remitter,42.78,36.91,86.27,1.76,11.97,13.73
2025-09,Telangana Grameena Bank,Remitter,39.87,35.19,88.26,2.44,9.3,11.74
2025-09,ESAF Small Finance Bank Ltd,Remitter,34.03,32.6,95.8,14,4.06,18.06
2025-09,ICICI Bank Credit Card,Remitter,32.88,31.54,95.93,5,4.02,9.02
2025-09,Andhra Pragathi Grameena Bank,Remitter,31.46,26.2,83.27,3.22,13.51,16.73
2025-09,Karnataka Gramin Bank,Remitter,31.17,25.88,83.04,5.85,11.11,16.96
2025-09,Maharashtra Gramin Bank,Remitter,30.47,25.35,83.19,3.12,13.69,16.81
2025-09,DBS Bank India Limited,Remitter,30.33,28.31,93.33,7,6.61,13.61
2025-09,RBL Bank Ltd.,Remitter,29.74,27.57,92.7,53,6.77,59.77
2025-09,Saraswat Co-operative Bank,Remitter,29.27,27.75,94.81,51,4.68,55.68
2024-04,Yes Bank Ltd,Beneficiary,5076.4,5074.88,99.97,0.01,0.02,0.03
2024-04,State Bank Of India,Beneficiary,1512.29,1497.32,99.01,0.89,0.11,1
2024-04,Axis Bank Ltd.,Beneficiary,1248.35,1247.35,99.92,0,0.08,0.08
2024-04,HDFC BANK LTD,Beneficiary,625.05,617.17,98.74,0.07,1.19,1.26
2024-04,ICICI Bank,Beneficiary,606.73,604.18,99.58,0.02,0.4,0.42
2024-04,Bank of Baroda,Beneficiary,376.04,370.44,98.51,0.49,1.01,1.5
2024-04,Federal Bank,Beneficiary,373.7,372.73,99.74,0.03,0.23,0.26
2024-04,Union Bank of India,Beneficiary,346.48,339.52,97.99,1.88,0.13,2.01
2024-04,Punjab National Bank,Beneficiary,311.53,307.23,98.62,0.99,0.39,1.38
2024-04,Canara Bank,Beneficiary,297.27,291.83,98.17,0.59,1.24,1.83
2024-04,Kotak Mahindra Bank,Beneficiary,283.22,277.05,97.82,1.05,1.13,2.18
2024-04,Airtel Payments Bank,Beneficiary,253.57,251.52,99.19,0.58,0.23,0.81
2024-04,Indian Bank,Beneficiary,220.9,218.62,98.97,0.11,0.91,1.02
2024-04,Bank of India,Beneficiary,197.52,195.07,98.76,0.84,0.4,1.24
2024-04,INDUSIND BANK,Beneficiary,124.15,122.34,98.54,0.64,0.83,1.47
2024-04,India Post Payment Bank,Beneficiary,111.72,109.53,98.04,0.65,1.3,1.95
2024-04,Central Bank Of India,Beneficiary,92.14,90.21,97.91,1.73,0.36,2.09
2024-04,Indian Overseas Bank,Beneficiary,87.08,85.55,98.24,1.31,0.45,1.76
2024-04,UCO Bank,Beneficiary,84.09,82.82,98.49,0.81,0.7,1.51
2024-04,Fino Payments Bank Limited,Beneficiary,65.46,62.94,96.15,0.66,3.18,3.84
2024-04,IDBI Bank Limited,Beneficiary,65.04,64.15,98.63,0.93,0.44,1.37
2024-04,Bank of Maharashtra,Beneficiary,60.58,59.76,98.65,1.16,0.19,1.35
2024-04,RBL Bank Limited,Beneficiary,52.02,50.9,97.84,0.15,2.01,2.16
2024-04,Karnataka Bank,Beneficiary,46.09,45.12,97.89,0.88,1.23,2.11
2024-04,IDFC FIRST Bank,Beneficiary,35.26,34.77,98.6,0.11,1.28,1.39
2024-04,Karur Vysya Bank,Beneficiary,34.16,33.58,98.29,0.52,1.19,1.71
2024-04,Bandhan Bank,Beneficiary,33.71,32.99,97.87,1.85,0.28,2.13
2024-04,South Indian Bank,Beneficiary,32.2,31.68,98.4,0.11,1.49,1.6
2024-04,AU small Finance Bank,Beneficiary,28.54,27.46,96.21,0.73,3.06,3.79
2024-04,Jammu and Kashmir Bank,Beneficiary,27.28,27.03,99.07,0.28,0.66,0.94
2024-04,Tamilnad Mercantile Bank,Beneficiary,23.83,23.68,99.39,0.51,0.1,0.61
2024-04,Tri O Tech Solutions Private Limited,Beneficiary,23.07,22,95.36,0.15,4.5,4.65
2024-04,Ujjivan Small Finance Bank,Beneficiary,21.39,21.16,98.93,0.15,0.92,1.07
2024-04,City Union Bank,Beneficiary,20.6,20.18,97.95,0.24,1.82,2.06
2024-04,Kerala Gramin Bank,Beneficiary,14.82,14.66,98.92,0.77,0.3,1.07
2024-04,Punjab and Sind Bank,Beneficiary,14.56,13.5,92.73,6.48,0.79,7.27
2024-04,Equitas Small Finance Bank,Beneficiary,14.05,13.8,98.23,0.27,1.5,1.77
2024-04,Andhra Pradesh Grameena Vikas Bank,Beneficiary,13.65,13.49,98.85,0.59,0.56,1.15
2024-04,Pragathi Krishna Gramin Bank,Beneficiary,13.14,12.82,97.54,2.07,0.4,2.47
2024-04,Jio Payments Bank,Beneficiary,13.01,12.85,98.77,0.86,0.37,1.23
2024-04,Maharashtra Gramin Bank,Beneficiary,11.84,11.55,97.53,2.14,0.33,2.47
2024-04,DBS Bank India Limited,Beneficiary,11.43,11.12,97.26,0.95,1.79,2.74
2024-04,Rajasthan Marudhara Gramin Bank,Beneficiary,11.34,11.28,99.43,0.19,0.38,0.57
2024-04,Baroda UP Gramin Bank,Beneficiary,11.01,9.7,88.1,11.26,0.65,11.91
2024-04,Fincare Small Finance Bank Ltd,Beneficiary,10.5,10.1,96.19,0.53,3.29,3.82
2024-04,ESAF Small Finance Bank Ltd.,Beneficiary,10.43,10.4,99.68,0.19,0.13,0.32
2024-04,Citi Bank,Beneficiary,9.88,9.86,99.81,0.19,0,0.19
2024-04,Andhra Pragathi Grameena Bank,Beneficiary,9.29,8.87,95.43,3.4,1.17,4.57
2024-04,Sarva Haryana Gramin Bank,Beneficiary,7.88,7.8,99,0.62,0.38,1
2024-04,Saraswat Bank,Beneficiary,7.64,7.41,96.99,0.62,2.39,3.01
2025-04,Yes Bank Ltd.,Beneficiary,7312.77,73.12,0.9999,0,0.0001,0.0001
2025-04,Axis Bank Ltd.,Beneficiary,1822.48,18.22,0.9995,0,0.0005,0.0005
2025-04,State Bank of India,Beneficiary,1767.09,17.54,0.9926,0.0064,0.001,0.0074
2025-04,HDFC Bank Ltd.,Beneficiary,857.29,8.5,0.9917,0.0002,0.0081,0.0083
2025-04,ICICI Bank Ltd.,Beneficiary,565.73,5.64,0.9964,0.0012,0.0024,0.0036
2025-04,Bank of Baroda,Beneficiary,474.07,4.74,0.999,0.0003,0.0007,0.001
2025-04,Union Bank of India,Beneficiary,434.62,4.32,0.9943,0.0047,0.001,0.0057
2025-04,Airtel Payments Bank Limited,Beneficiary,414.65,4.1,0.9877,0.0026,0.0097,0.0123
2025-04,Punjab National Bank,Beneficiary,407.55,4.05,0.9928,0.0039,0.0034,0.0073
2025-04,Canara Bank,Beneficiary,404.64,4.03,0.9967,0.0019,0.0014,0.0033
2025-04,Federal Bank Ltd.,Beneficiary,386.02,3.85,0.9972,0.0009,0.0019,0.0028
2025-04,Kotak Mahindra Bank,Beneficiary,345.82,3.42,0.9892,0.0004,0.0104,0.0108
2025-04,Indian Bank,Beneficiary,264.85,2.64,0.9959,0.0008,0.0032,0.004
2025-04,Bank Of India,Beneficiary,243.98,2.39,0.9789,0.0097,0.0114,0.0211
2025-04,India Post Payments Bank Limited,Beneficiary,241.01,2.36,0.9774,0.0098,0.0129,0.0227
2025-04,Indusind Bank Ltd.,Beneficiary,177.35,1.76,0.9948,0.002,0.0033,0.0053
2025-04,Indian Overseas Bank,Beneficiary,140.85,1.4,0.9931,0.0013,0.0056,0.0069
2025-04,Central Bank of India,Beneficiary,117.91,1.17,0.9885,0.0065,0.005,0.0115
2025-04,UCO Bank,Beneficiary,105.71,1.05,0.99,0.0039,0.0061,0.01
2025-04,IDBI Bank Ltd.,Beneficiary,98.27,0.98,0.9962,0.0013,0.0025,0.0038
2025-04,Fino Payments Bank Ltd.,Beneficiary,98,0.94,0.9603,0.0037,0.0361,0.0398
2025-04,Bank of Maharashtra,Beneficiary,89.1,0.89,0.9944,0.0013,0.0043,0.0056
2025-04,RBL Bank Ltd.,Beneficiary,85.03,0.85,0.9977,0.0015,0.0008,0.0023
2025-04,Karnataka Bank,Beneficiary,68.1,0.67,0.981,0.0154,0.0036,0.019
2025-04,Unity Small Finance Bank Limited,Beneficiary,56.73,0.57,0.9998,0.0001,0.0001,0.0002
2025-04,One Mobikwik Systems Limited,Beneficiary,51.12,0.51,0.9996,0.0004,0,0.0004
2025-04,The Jammu & Kashmir Bank Limited,Beneficiary,51.05,0.51,0.9941,0.0021,0.0037,0.0058
2025-04,Bandhan Bank limited,Beneficiary,47.15,0.47,0.9866,0.0083,0.0052,0.0135
2025-04,IDFC Bank Ltd.,Beneficiary,45.76,0.45,0.9854,0.001,0.0137,0.0147
2025-04,Tri O Tech Solutions Private Limited,Beneficiary,45.31,0.45,0.9909,0,0.0091,0.0091
2025-04,NSDL Payments Bank Limited,Beneficiary,45.21,0.45,0.9928,0.0037,0.0035,0.0072
2025-04,Karur Vysya Bank,Beneficiary,42.11,0.42,0.9945,0.003,0.0025,0.0055
2025-04,The South Indian Bank Limited,Beneficiary,40.6,0.41,0.9981,0.0003,0.0016,0.0019
2025-04,Tamilnad Mercantile Bank Limited,Beneficiary,37.32,0.37,0.9973,0.0019,0.0008,0.0027
2025-04,AU Small Finance Bank,Beneficiary,32.9,0.33,0.9922,0.0025,0.0053,0.0078
2025-04,City Union Bank,Beneficiary,30.69,0.3,0.9866,0.0034,0.0101,0.0135
2025-04,JIO Payments Bank Ltd,Beneficiary,28.39,0.28,0.9922,0.0031,0.0048,0.0079
2025-04,Punjab and Sind Bank,Beneficiary,25.15,0.24,0.9648,0.0096,0.0256,0.0352
2025-04,Ujjivan Small Finance Bank Limited,Beneficiary,24.91,0.25,0.9907,0.0069,0.0024,0.0093
2025-04,Kerala Gramin Bank,Beneficiary,23.54,0.23,0.9846,0.0131,0.0023,0.0154
2025-04,Baroda U.P. Bank,Beneficiary,20.22,0.2,0.9886,0.0087,0.0026,0.0113
2025-04,Suryoday Small Finance Bank Limited,Beneficiary,19.78,0.19,0.9843,0.004,0.0118,0.0158
2025-04,Citi Bank,Beneficiary,18.28,0.18,0.9949,0.0017,0.0033,0.005
2025-04,Telangana Grameena Bank,Beneficiary,16.35,0.16,0.9883,0.0069,0.0048,0.0117
2025-04,Karnataka Gramin Bank,Beneficiary,15.41,0.15,0.9707,0.0269,0.0024,0.0293
2025-04,Maharashtra Gramin Bank,Beneficiary,14.94,0.15,0.9795,0.0194,0.0011,0.0205
2025-04,Equitas Small Finance Bank,Beneficiary,13.79,0.13,0.9744,0.0066,0.0189,0.0255
2025-04,ESAF Small Finance Bank Ltd,Beneficiary,13.73,0.14,0.9953,0.0017,0.003,0.0047
2025-04,Andhra Pragathi Grameena Bank,Beneficiary,13.36,0.13,0.9459,0.0476,0.0065,0.0541
2025-04,Rajasthan Marudhara Gramin Bank,Beneficiary,12.86,0.12,0.9674,0.0029,0.0297,0.0326
2026-04,Yes Bank Ltd.,Beneficiary,9176.6,9175.68,99.99,0,0.01,0.01
2026-04,Axis Bank Ltd.,Beneficiary,2351.68,2349.09,99.89,0,0.11,0.11
2026-04,State Bank Of India,Beneficiary,2212.43,2204.91,99.66,0.07,0.28,0.35
2026-04,Hdfc Bank Ltd.,Beneficiary,1061.72,1055.03,99.37,0.02,0.61,0.63
2026-04,Bank Of Baroda,Beneficiary,611.46,608.22,99.47,0.08,0.45,0.53
2026-04,Union Bank Of India,Beneficiary,537.18,536.43,99.86,0.03,0.11,0.14
2026-04,Punjab National Bank,Beneficiary,530.67,528.07,99.51,0.21,0.28,0.49
2026-04,Canara Bank,Beneficiary,518.33,516.46,99.64,0.21,0.14,0.35
2026-04,Airtel Payments Bank Limited,Beneficiary,514.25,485.45,94.4,0.24,5.36,5.6
2026-04,Kotak Mahindra Bank,Beneficiary,454.02,451.66,99.48,0,0.52,0.52
2026-04,Icici Bank Ltd.,Beneficiary,436.88,434.91,99.55,0.02,0.43,0.45
2026-04,Federal Bank Ltd.,Beneficiary,387.57,386.83,99.81,0.01,0.18,0.19
2026-04,India Post Payments Bank Limited,Beneficiary,372.26,367.9,98.83,0.49,0.68,1.17
2026-04,Indian Bank,Beneficiary,325.72,325.2,99.84,0.06,0.1,0.16
2026-04,Bank Of India,Beneficiary,297.72,294.98,99.08,0.01,0.91,0.92
2026-04,Indusind Bank Ltd.,Beneficiary,197.81,194.98,98.57,0.07,1.36,1.43
2026-04,Unity Small Finance Bank Limited,Beneficiary,183.75,182.78,99.47,0.51,0.02,0.53
2026-04,Central Bank Of India,Beneficiary,174.56,172.29,98.7,0.86,0.44,1.3
2026-04,Indian Overseas Bank,Beneficiary,168.04,167.25,99.53,0.16,0.31,0.47
2026-04,Uco Bank,Beneficiary,132.74,131.89,99.36,0.21,0.43,0.64
2026-04,Nsdl Payments Bank Limited,Beneficiary,117.56,115.31,98.09,1.06,0.84,1.9
2026-04,Bank Of Maharashtra,Beneficiary,91.58,89.58,97.82,0.24,1.94,2.18
2026-04,Idbi Bank Ltd.,Beneficiary,85.79,85.24,99.36,0.17,0.47,0.64
2026-04,Jio Payments Bank Ltd,Beneficiary,83.96,83.04,98.91,0.23,0.86,1.09
2026-04,Tri O Tech Solutions Private Limited,Beneficiary,80.01,79.35,99.17,0.35,0.48,0.83
2026-04,Fino Payments Bank Ltd.,Beneficiary,78.2,75.17,96.12,0.72,3.16,3.88
2026-04,Karnataka Bank,Beneficiary,64.69,64.48,99.68,0.06,0.26,0.32
2026-04,The Jammu & Kashmir Bank Limited,Beneficiary,62.47,61.94,99.15,0.05,0.8,0.85
2026-04,Bandhan Bank Limited,Beneficiary,60.31,59.98,99.46,0.32,0.21,0.53
2026-04,Idfc Bank Ltd.,Beneficiary,58.42,57.7,98.77,0.05,1.18,1.23
2026-04,One Mobikwik Systems Limited,Beneficiary,58.06,57.94,99.79,0.2,0.01,0.21
2026-04,Karur Vysya Bank,Beneficiary,55.07,54.89,99.68,0.17,0.15,0.32
2026-04,The South Indian Bank Limited,Beneficiary,49.43,49.33,99.8,0.07,0.13,0.2
2026-04,Rbl Bank Ltd.,Beneficiary,49.02,48.84,99.64,0.24,0.12,0.36
2026-04,Baroda U.P. Bank,Beneficiary,44.67,43.6,97.61,2.12,0.27,2.39
2026-04,Suryoday Small Finance Bank Limited,Beneficiary,40.28,39.65,98.44,0.1,1.46,1.56
2026-04,Tamilnad Mercantile Bank Limited,Beneficiary,39.69,39.21,98.78,0.35,0.86,1.21
2026-04,Au Small Finance Bank,Beneficiary,38.85,38.04,97.92,0.66,1.42,2.08
2026-04,Slice Small Finance Bank Limited,Beneficiary,35.78,33.28,93.01,0.37,6.62,6.99
2026-04,City Union Bank,Beneficiary,31.12,30.86,99.17,0.28,0.55,0.83
2026-04,Kerala Gramin Bank,Beneficiary,31.06,30.95,99.64,0.24,0.12,0.36
2026-04,Punjab And Sind Bank,Beneficiary,29.02,28.76,99.12,0.22,0.66,0.88
2026-04,Ujjivan Small Finance Bank Limited,Beneficiary,28.89,28.66,99.19,0.61,0.19,0.8
2026-04,Karnataka Gramin Bank,Beneficiary,27.31,26.69,97.74,1.77,0.5,2.27
2026-04,Rajasthan Marudhara Gramin Bank,Beneficiary,25.72,25.23,98.08,1.44,0.48,1.92
2026-04,Chaitanya Godavari Grameena Bank,Beneficiary,24.07,23.76,98.72,0.7,0.58,1.28
2026-04,Telangana Grameena Bank,Beneficiary,22.94,22.79,99.36,0.38,0.27,0.65
2026-04,Citibank Corporate,Beneficiary,21.62,21.45,99.2,0.29,0.51,0.8
2026-04,Maharashtra Gramin Bank,Beneficiary,18.79,18.63,99.17,0.76,0.07,0.83
2026-04,Esaf Small Finance Bank Ltd,Beneficiary,16.37,16.14,98.58,1.27,0.15,1.42
2024-08,Yes Bank Ltd.,Beneficiary,6021,6020.4,99.99,0,0.01,0.01
2024-08,State Bank Of India,Beneficiary,1562.83,1558.61,99.73,0.15,0.11,0.26
2024-08,Axis bank Ltd.,Beneficiary,1437.88,1436.87,99.93,0,0.07,0.07
2024-08,HDFC Bank Ltd.,Beneficiary,729.74,723.1,99.09,0.05,0.86,0.91
2024-08,ICICI Bank Ltd.,Beneficiary,605.83,601.59,99.3,0.06,0.64,0.7
2024-08,Bank of Baroda,Beneficiary,430.6,428.66,99.55,0.35,0.1,0.45
2024-08,Federal Bank Ltd.,Beneficiary,411.62,410.59,99.75,0.01,0.24,0.25
2024-08,Union Bank Of India,Beneficiary,379.29,377.2,99.45,0.43,0.11,0.54
2024-08,Canara Bank,Beneficiary,364.14,359.01,98.59,0.62,0.79,1.41
2024-08,Punjab national Bank,Beneficiary,336.13,335.12,99.7,0.02,0.29,0.31
2024-08,Kotak Mahindra Bank Ltd,Beneficiary,292.43,291.32,99.62,0.1,0.28,0.38
2024-08,Airtel Payments Bank Ltd,Beneficiary,285.48,284.37,99.61,0.09,0.3,0.39
2024-08,Indian Bank,Beneficiary,235.76,233.4,99,0.07,0.94,1.01
2024-08,Bank Of India,Beneficiary,207.96,205.28,98.71,0.45,0.84,1.29
2024-08,India Post Payments Bank Ltd,Beneficiary,156.65,155.32,99.15,0.55,0.3,0.85
2024-08,Indusind Bank Ltd.,Beneficiary,146.14,145.12,99.3,0.28,0.42,0.7
2024-08,Central Bank of India,Beneficiary,109.19,104.88,96.05,0.28,3.66,3.94
2024-08,Indian Overseas Bank,Beneficiary,107.88,104.49,96.86,1.3,1.84,3.14
2024-08,UCO Bank,Beneficiary,90.38,89.76,99.31,0.12,0.57,0.69
2024-08,Fino Payments Bank Ltd.,Beneficiary,85.69,82.25,95.99,0.44,3.57,4.01
2024-08,IDBI Bank Ltd.,Beneficiary,70.75,70.42,99.54,0.13,0.33,0.46
2024-08,Bank of Maharashtra,Beneficiary,67.17,66.71,99.31,0.34,0.34,0.68
2024-08,RBL Bank Ltd.,Beneficiary,60.49,60.05,99.27,0.32,0.42,0.74
2024-08,Karnataka Bank Ltd,Beneficiary,52.41,52.02,99.26,0.19,0.54,0.73
2024-08,Karur Vysya Bank,Beneficiary,46.99,46.05,98,0.77,1.23,2
2024-08,One Mobikwik Systems Pvt - Ltd,Beneficiary,45.37,45.35,99.95,0.02,0.03,0.05
2024-08,IDFC First Bank Ltd,Beneficiary,39.12,38.6,98.68,0.12,1.2,1.32
2024-08,South Indian Bank,Beneficiary,38.46,38.11,99.08,0.04,0.87,0.91
2024-08,Bandhan Bank Ltd.,Beneficiary,38,37.45,98.56,1.04,0.39,1.43
2024-08,Jammu and Kashmir Bank,Beneficiary,37.39,37.1,99.23,0.53,0.25,0.78
2024-08,AU small Finance Bank,Beneficiary,36.23,35.8,98.8,0.02,1.18,1.2
2024-08,Tamilnad Mercantile Bank,Beneficiary,28.01,27.86,99.48,0.43,0.09,0.52
2024-08,Tri O Tech Solutions Private Ltd.,Beneficiary,27.57,26.54,96.28,0.02,3.7,3.72
2024-08,City Union Bank,Beneficiary,23.98,23.45,97.8,0.5,1.7,2.2
2024-08,Ujjivan Small Finance Bank,Beneficiary,22.97,22.72,98.91,0.32,0.77,1.09
2024-08,Punjab and Sind Bank,Beneficiary,20.54,20.25,98.57,0.37,1.06,1.43
2024-08,KERALA GRAMIN BANK,Beneficiary,18.28,17.78,97.28,1.89,0.83,2.72
2024-08,CITI Bank,Beneficiary,17.18,16.95,98.67,0.11,1.22,1.33
2024-08,JIO PAYMENTS BANK LTD,Beneficiary,14.7,14.44,98.2,0.94,0.85,1.79
2024-08,Karnataka Gramin Bank (Erstwhile Pragathi Krishna Gramin Bank),Beneficiary,13.94,13.22,94.83,4.26,0.91,5.17
2024-08,Equitas Small Finance Bank Ltd,Beneficiary,13.8,13.48,97.69,0.34,1.97,2.31
2024-08,Andhra Pradesh Grameena Vikas Bank,Beneficiary,12.97,12.79,98.64,0.95,0.41,1.36
2024-08,Baroda Uttar Pradesh Gramin Bank,Beneficiary,12.43,12.12,97.54,2.13,0.33,2.46
2024-08,ESAF Small Finance Bank Ltd.,Beneficiary,11.85,11.7,98.74,0.2,1.06,1.26
2024-08,Maharashtra Gramin Bank,Beneficiary,11.41,11.21,98.29,1.43,0.28,1.71
2024-08,DBS Bank India Ltd.,Beneficiary,10.91,10.76,98.65,0.02,1.33,1.35
2024-08,Rajasthan Marudhara Gramin Bank,Beneficiary,10.52,10.28,97.75,1.74,0.51,2.25
2024-08,Andhra Pragathi Grameena Bank,Beneficiary,8.91,8.74,98.06,1.71,0.23,1.94
2024-08,SARVA HARYANA GRAMIN BANK,Beneficiary,8.71,8.29,95.16,4.48,0.36,4.84
2024-08,Cosmos Bank,Beneficiary,8.61,8.4,97.57,2.09,0.34,2.43
2025-08,Yes Bank Ltd.,Beneficiary,8090.56,8086.51,99.95,0.04,0,0.04
2025-08,State Bank of India,Beneficiary,2060.53,2050.85,99.53,0.31,0.16,0.47
2025-08,Axis Bank Ltd.,Beneficiary,2034.5,2031.24,99.84,0,0.16,0.16
2025-08,HDFC Bank Ltd.,Beneficiary,1018.91,1011.27,99.25,0.01,0.75,0.76
2025-08,ICICI Bank Ltd.,Beneficiary,555.6,552.99,99.53,0.24,0.24,0.48
2025-08,Bank of Baroda,Beneficiary,528.94,527.41,99.71,0.03,0.26,0.29
2025-08,Airtel Payments Bank Limited,Beneficiary,489.64,480.29,98.09,0.05,1.86,1.91
2025-08,Union Bank of India,Beneficiary,475.3,472.16,99.34,0.57,0.09,0.66
2025-08,Canara Bank,Beneficiary,453.65,451.61,99.55,0.34,0.11,0.45
2025-08,Punjab National Bank,Beneficiary,446.99,444.93,99.54,0.21,0.25,0.46
2025-08,Kotak Mahindra Bank,Beneficiary,372.03,367.04,98.66,0.18,1.16,1.34
2025-08,Federal Bank Ltd.,Beneficiary,368.44,366.08,99.36,0.44,0.2,0.64
2025-08,India Post Payments Bank Limited,Beneficiary,295.38,288.94,97.82,0.94,1.24,2.18
2025-08,Indian Bank,Beneficiary,291.64,290.88,99.74,0.12,0.14,0.26
2025-08,Bank Of India,Beneficiary,259.4,246.95,95.2,4.07,0.73,4.8
2025-08,Indusind Bank Ltd.,Beneficiary,202.41,201.62,99.61,0.11,0.28,0.39
2025-08,Indian Overseas Bank,Beneficiary,152.37,150.82,98.98,0.68,0.34,1.02
2025-08,Unity Small Finance Bank Limited,Beneficiary,140.77,140.67,99.93,0.06,0,0.06
2025-08,Central Bank of India,Beneficiary,139.58,137.88,98.78,0.77,0.45,1.22
2025-08,UCO Bank,Beneficiary,120.45,119.59,99.29,0.37,0.34,0.71
2025-08,RBL Bank Ltd.,Beneficiary,96.09,95.74,99.64,0.31,0.05,0.36
2025-08,Fino Payments Bank Ltd.,Beneficiary,90.11,87.66,97.28,1.28,1.44,2.72
2025-08,IDBI Bank Ltd.,Beneficiary,85.28,84.63,99.24,0.42,0.34,0.76
2025-08,Bank of Maharashtra,Beneficiary,84.48,84.24,99.72,0.04,0.23,0.27
2025-08,Tri O Tech Solutions Private Limited,Beneficiary,61.83,61.09,98.81,0.01,1.19,1.2
2025-08,Karnataka Bank,Beneficiary,61.63,61.38,99.6,0.16,0.24,0.4
2025-08,NSDL Payments Bank Limited,Beneficiary,59.43,58.62,98.64,0.4,0.963,1.363
2025-08,Suryoday Small Finance Bank Limited,Beneficiary,55.98,53.7,95.93,3.64,0.43,4.07
2025-08,One Mobikwik Systems Limited,Beneficiary,55.53,55.45,99.85,0.15,0,0.15
2025-08,The Jammu & Kashmir Bank Limited,Beneficiary,53.04,52.58,99.13,0.47,0.4,0.87
2025-08,IDFC Bank Ltd.,Beneficiary,52.91,52.41,99.05,0.08,0.87,0.95
2025-08,Bandhan Bank limited,Beneficiary,52.76,52.46,99.43,0.13,0.44,0.57
2025-08,JIO Payments Bank Ltd,Beneficiary,52.59,51.11,97.18,1.83,0.99,2.82
2025-08,The South Indian Bank Limited,Beneficiary,47.86,47.78,99.84,0.05,0.12,0.17
2025-08,Karur Vysya Bank,Beneficiary,45.74,45.42,99.29,0.4,0.31,0.71
2025-08,Tamilnad Mercantile Bank Limited,Beneficiary,37.31,36.77,98.56,1.26,0.18,1.44
2025-08,AU Small Finance Bank,Beneficiary,35.14,34.36,97.79,1.73,0.48,2.21
2025-08,City Union Bank,Beneficiary,31.86,31.67,99.39,0.19,0.42,0.61
2025-08,Kerala Gramin Bank,Beneficiary,29.2,28.61,97.99,1.71,0.3,2.01
2025-08,Citi Bank,Beneficiary,26.55,26.49,99.76,0.04,0.2,0.24
2025-08,Ujjivan Small Finance Bank Limited,Beneficiary,26.46,26.06,98.48,1.31,0.21,1.52
2025-08,Punjab and Sind Bank,Beneficiary,26.13,25.67,98.25,0.86,0.89,1.75
2025-08,Baroda U.P. Bank,Beneficiary,25.04,23.61,94.27,5.5,0.23,5.73
2025-08,Telangana Grameena Bank,Beneficiary,18.32,17.96,98.04,1.58,0.37,1.95
2025-08,Karnataka Gramin Bank,Beneficiary,16.55,16.37,98.92,0.83,0.25,1.08
2025-08,ESAF Small Finance Bank Ltd,Beneficiary,15.98,15.88,99.4,0.1,0.5,0.6
2025-08,Maharashtra Gramin Bank,Beneficiary,15.93,15.41,96.71,3.11,0.18,3.29
2025-08,Rajasthan Marudhara Gramin Bank,Beneficiary,14.83,12.54,84.53,13.8,1.67,15.47
2025-08,Equitas Small Finance Bank,Beneficiary,14.82,14.47,97.67,0.35,1.98,2.33
2025-08,Andhra Pragathi Grameena Bank,Beneficiary,14.55,13.95,95.89,3.1,1.01,4.11
2024-12,Yes Bank Ltd.,Beneficiary,6652.85,6652.18,99.99,0,0.01,0.01
2024-12,Axis Bank Ltd.,Beneficiary,1702.85,1700.13,99.84,0.01,0.15,0.16
2024-12,State Bank of India,Beneficiary,1701.49,1692.81,99.49,0.38,0.13,0.51
2024-12,HDFC Bank Ltd.,Beneficiary,796.13,788.89,99.09,0.06,0.85,0.91
2024-12,ICICI Bank Ltd.,Beneficiary,627.57,625.06,99.6,0.05,0.35,0.4
2024-12,Bank of Baroda,Beneficiary,454.56,454.06,99.89,0.05,0.06,0.11
2024-12,Canara Bank,Beneficiary,449.07,445.34,99.17,0.51,0.32,0.83
2024-12,Union Bank of India,Beneficiary,427.07,426.43,99.85,0.05,0.1,0.15
2024-12,Federal Bank Ltd.,Beneficiary,409.53,408.79,99.82,0.03,0.15,0.18
2024-12,Punjab National Bank,Beneficiary,383.19,380.55,99.31,0.38,0.31,0.69
2024-12,Airtel Payments Bank Limited,Beneficiary,370.89,368.11,99.25,0.29,0.46,0.75
2024-12,Kotak Mahindra Bank,Beneficiary,325.18,321.34,98.82,0.01,1.17,1.18
2024-12,Indian Bank,Beneficiary,240.43,239.13,99.46,0.12,0.42,0.54
2024-12,Bank Of India,Beneficiary,233.85,231.84,99.14,0.07,0.79,0.86
2024-12,India Post Payment Bank,Beneficiary,201.4,193.46,96.06,3.01,0.92,3.93
2024-12,Indusind Bank Ltd.,Beneficiary,158.75,158.12,99.6,0.1,0.3,0.4
2024-12,Indian Overseas Bank,Beneficiary,131.63,130.47,99.12,0.29,0.59,0.88
2024-12,Central Bank of India,Beneficiary,112.58,111.89,99.39,0.13,0.48,0.61
2024-12,Fino Payments Bank Ltd.,Beneficiary,108.05,105.38,97.53,0.06,2.41,2.47
2024-12,Bank of Maharashtra,Beneficiary,100.67,100,99.33,0.37,0.31,0.68
2024-12,UCO Bank,Beneficiary,100.39,99.92,99.53,0.05,0.41,0.46
2024-12,IDBI Bank Ltd.,Beneficiary,80.48,80.13,99.56,0.18,0.26,0.44
2024-12,RBL Bank Ltd.,Beneficiary,64.54,64.29,99.61,0.13,0.27,0.4
2024-12,Karnataka Bank,Beneficiary,63.01,62.52,99.22,0.11,0.67,0.78
2024-12,One Mobikwik Systems Limited,Beneficiary,47.1,47.09,99.98,0.01,0.01,0.02
2024-12,Bandhan Bank limited,Beneficiary,45.22,44.03,97.37,2.41,0.21,2.62
2024-12,The Jammu & Kashmir Bank Limited,Beneficiary,44.08,43.33,98.29,1.25,0.46,1.71
2024-12,IDFC Bank Ltd.,Beneficiary,43.59,43.22,99.14,0.05,0.81,0.86
2024-12,The South Indian Bank Limited,Beneficiary,42.13,42.06,99.84,0.05,0.11,0.16
2024-12,Karur Vysya Bank,Beneficiary,40.67,40.37,99.26,0.36,0.38,0.74
2024-12,Tri O Tech Solutions Private Limited,Beneficiary,36.48,35.01,95.97,0,4.02,4.02
2024-12,AU Small Finance Bank,Beneficiary,35.71,35.36,99.01,0.26,0.74,1
2024-12,Tamilnad Mercantile Bank Limited,Beneficiary,32.23,32.13,99.7,0.22,0.08,0.3
2024-12,City Union Bank,Beneficiary,27.19,27.04,99.46,0.11,0.44,0.55
2024-12,Ujjivan Small Finance Bank,Beneficiary,24.91,24.74,99.33,0.45,0.22,0.67
2024-12,Jio Payments Bank,Beneficiary,24.55,24.33,99.12,0.25,0.63,0.88
2024-12,Punjab and Sind Bank,Beneficiary,23.93,23.37,97.65,0.21,2.14,2.35
2024-12,Kerala Gramin Bank,Beneficiary,23.08,22.04,95.51,3.54,0.95,4.49
2024-12,CITI Bank,Beneficiary,19.75,19.65,99.49,0.09,0.42,0.51
2024-12,Baroda U.P. Bank,Beneficiary,16.63,16.44,98.84,0.84,0.32,1.16
2024-12,Karnataka Gramin Bank,Beneficiary,15.17,14.64,96.52,2.74,0.74,3.48
2024-12,Equitas Bank,Beneficiary,14.75,14.23,96.5,0.42,3.07,3.49
2024-12,Andhra Pradesh Grameena Vikas Bank,Beneficiary,14.14,13.25,93.69,6.01,0.3,6.31
2024-12,ESAF Small Finance Bank Ltd.,Beneficiary,13.83,13.8,99.77,0.05,0.18,0.23
2024-12,Maharashtra Gramin Bank,Beneficiary,13,12.62,97.09,2.66,0.25,2.91
2024-12,Rajasthan Marudhara Gramin Bank,Beneficiary,12.41,12.29,99.01,0.68,0.31,0.99
2024-12,Andhra Pragathi Grameena Bank,Beneficiary,11.85,11,92.8,6.78,0.42,7.2
2024-12,NSDL Payments Bank Limited,Beneficiary,11.85,11.61,97.96,0.86,1.18,2.04
2024-12,Suryodaya Small Finance Bank Limited,Beneficiary,11.3,11,97.38,0.73,1.89,2.62
2024-12,DBS Bank India Limited,Beneficiary,11.28,11.14,98.75,0.09,1.16,1.25
2025-12,Yes Bank Ltd.,Beneficiary,8682.85,8681.98,99.99,0,0.01,0.01
2025-12,Axis Bank Ltd.,Beneficiary,2211.88,2209,99.87,0.01,0.13,0.14
2025-12,State Bank of India,Beneficiary,2182.07,2173.34,99.6,0.22,0.18,0.4
2025-12,HDFC Bank Ltd.,Beneficiary,1089.85,1082,99.28,0.02,0.7,0.72
2025-12,Bank of Baroda,Beneficiary,591.65,588.28,99.43,0.12,0.45,0.57
2025-12,ICICI Bank Ltd.,Beneficiary,557.96,556.45,99.73,0.04,0.23,0.27
2025-12,Union Bank of India,Beneficiary,527.83,523.82,99.24,0.59,0.17,0.76
2025-12,Canara Bank,Beneficiary,505.97,500.91,99,0.77,0.24,1.01
2025-12,Airtel Payments Bank Limited,Beneficiary,501.54,481.58,96.02,0.09,3.88,3.97
2025-12,Punjab National Bank,Beneficiary,496.1,492.23,99.22,0.43,0.35,0.78
2025-12,Kotak Mahindra Bank,Beneficiary,441.01,439.2,99.59,0.01,0.39,0.4
2025-12,Federal Bank Ltd.,Beneficiary,393.94,392.68,99.68,0.1,0.22,0.32
2025-12,India Post Payments Bank Limited,Beneficiary,354.62,338.63,95.49,1.56,2.95,4.51
2025-12,Indian Bank,Beneficiary,321.26,319.85,99.56,0.26,0.18,0.44
2025-12,Bank Of India,Beneficiary,293.41,289.48,98.66,0.26,1.08,1.34
2025-12,Indusind Bank Ltd.,Beneficiary,197.99,196.86,99.43,0.18,0.39,0.57
2025-12,Unity Small Finance Bank Limited,Beneficiary,195.3,195.07,99.88,0.08,0.04,0.12
2025-12,Indian Overseas Bank,Beneficiary,190.92,186.09,97.47,2,0.53,2.53
2025-12,Central Bank of India,Beneficiary,163.37,161.8,99.04,0.41,0.54,0.95
2025-12,UCO Bank,Beneficiary,133.91,132.97,99.3,0.27,0.43,0.7
2025-12,Fino Payments Bank Ltd.,Beneficiary,103.03,99.3,96.38,0.61,3.01,3.62
2025-12,NSDL Payments Bank Limited,Beneficiary,97.83,95.96,98.09,0.57,1.34,1.91
2025-12,Bank of Maharashtra,Beneficiary,91.51,90.48,98.87,0.3,0.83,1.13
2025-12,IDBI Bank Ltd.,Beneficiary,87.64,86.39,98.57,0.57,0.86,1.43
2025-12,JIO Payments Bank Ltd,Beneficiary,86.94,84.72,97.45,0.56,1.99,2.55
2025-12,Tri O Tech Solutions Private Limited,Beneficiary,72.34,70.95,98.08,0.04,1.88,1.92
2025-12,Karnataka Bank,Beneficiary,66.69,66.39,99.55,0.09,0.358,0.448
2025-12,The Jammu & Kashmir Bank Limited,Beneficiary,59.26,58.69,99.04,0.2,0.76,0.96
2025-12,BANDHAN BANK LIMITED,Beneficiary,59.05,58.8,99.58,0.1,0.32,0.42
2025-12,IDFC Bank Ltd.,Beneficiary,55.78,54.85,98.34,0.08,1.58,1.66
2025-12,RBL Bank Ltd.,Beneficiary,53.69,53.6,99.84,0.03,0.13,0.16
2025-12,One Mobikwik Systems Limited,Beneficiary,51.77,51.53,99.54,0.43,0.03,0.46
2025-12,The South Indian Bank Limited,Beneficiary,51.4,51.31,99.83,0.01,0.17,0.18
2025-12,Karur Vysya Bank,Beneficiary,48.88,48.71,99.65,0.08,0.27,0.35
2025-12,Tamilnad Mercantile Bank Limited,Beneficiary,41.08,40.32,98.15,0.74,1.11,1.85
2025-12,AU Small Finance Bank,Beneficiary,38.17,37.85,99.16,0.17,0.67,0.84
2025-12,Uttar Pradesh Gramin Bank,Beneficiary,36.45,35.3,96.84,2.88,0.28,3.16
2025-12,City Union Bank,Beneficiary,32.36,32.19,99.46,0.17,0.37,0.54
2025-12,Kerala Gramin Bank,Beneficiary,31.22,31.12,99.69,0.12,0.19,0.31
2025-12,Punjab and Sind Bank,Beneficiary,28.47,27.84,97.78,1.57,0.66,2.23
2025-12,Ujjivan Small Finance Bank Limited,Beneficiary,28.22,28.13,99.67,0.06,0.27,0.33
2025-12,Karnataka Gramin Bank,Beneficiary,26.11,25.81,98.86,0.15,1,1.15
2025-12,Rajasthan Gramin Bank,Beneficiary,23.29,22.53,96.72,1.26,2.02,3.28
2025-12,Slice Small Finance Bank,Beneficiary,23.2,21.42,92.32,0.16,7.52,7.68
2025-12,Telangana Grameena Bank,Beneficiary,21.31,20.69,97.09,0.16,2.75,2.91
2025-12,Citi Bank,Beneficiary,19.89,19.84,99.77,0.03,0.2,0.23
2025-12,Andhra Pradesh Grameena Bank,Beneficiary,19.48,19.3,99.06,0.55,0.39,0.94
2025-12,Suryoday Small Finance Bank Limited,Beneficiary,17.45,17.06,97.75,0.12,2.14,2.26
2025-12,ESAF Small Finance Bank Ltd,Beneficiary,17.02,16.91,99.37,0.25,0.38,0.63
2025-12,Maharashtra Gramin Bank,Beneficiary,16.31,16.14,98.94,0.97,0.09,1.06
2024-02,Paytm Payments Bank,Beneficiary,2543.04,2540.5,99.9,0.02,0.08,0.1
2024-02,Yes Bank Ltd,Beneficiary,2408.99,2407.79,99.95,0.01,0.03,0.04
2024-02,State Bank Of India,Beneficiary,1350.11,1335.53,98.92,0.93,0.14,1.07
2024-02,Axis Bank Ltd.,Beneficiary,1029.01,1028.08,99.91,0.01,0.08,0.09
2024-02,ICICI Bank,Beneficiary,620.78,615.88,99.21,0.12,0.67,0.79
2024-02,HDFC BANK LTD,Beneficiary,553.52,543.39,98.17,0.37,1.46,1.83
2024-02,Bank of Baroda,Beneficiary,336.67,333.77,99.14,0.54,0.32,0.86
2024-02,Union Bank of India,Beneficiary,322.91,319.36,98.9,0.97,0.13,1.1
2024-02,Federal Bank,Beneficiary,316.08,314.4,99.47,0.21,0.32,0.53
2024-02,Punjab National Bank,Beneficiary,278.27,277.07,99.57,0.11,0.33,0.44
2024-02,Canara Bank,Beneficiary,272.27,268.16,98.49,0.29,1.23,1.52
2024-02,Kotak Mahindra Bank,Beneficiary,242.32,238.88,98.58,1.01,0.4,1.41
2024-02,Airtel Payments Bank,Beneficiary,200.32,199.02,99.35,0.32,0.33,0.65
2024-02,Indian Bank,Beneficiary,197.87,195.73,98.92,0.2,0.88,1.08
2024-02,Bank of India,Beneficiary,180.38,178.77,99.11,0.66,0.23,0.89
2024-02,INDUSIND BANK,Beneficiary,134.71,133.7,99.25,0.44,0.31,0.75
2024-02,India Post Payment Bank,Beneficiary,119.59,116.55,97.46,2.16,0.38,2.54
2024-02,Central Bank Of India,Beneficiary,84.86,80.48,94.84,4.71,0.45,5.16
2024-02,Indian Overseas Bank,Beneficiary,78.84,77.63,98.46,1.07,0.47,1.54
2024-02,UCO Bank,Beneficiary,74.07,73.48,99.21,0.08,0.7,0.78
2024-02,IDBI Bank Limited,Beneficiary,60.85,57.07,93.78,5.67,0.54,6.21
2024-02,Bank of Maharashtra,Beneficiary,54.57,52.49,96.19,3.6,0.21,3.81
2024-02,RBL bank,Beneficiary,52.57,49.54,94.24,5.34,0.42,5.76
2024-02,Fino Payments Bank Limited,Beneficiary,48.84,48.01,98.31,0.38,1.31,1.69
2024-02,Karnataka Bank,Beneficiary,41.82,41.1,98.27,0.73,1,1.73
2024-02,IDFC FIRST Bank,Beneficiary,35.13,34.44,98.05,0.1,1.85,1.95
2024-02,Karur Vysya Bank,Beneficiary,31.92,31.47,98.6,0.23,1.16,1.39
2024-02,South Indian Bank,Beneficiary,29.77,29.14,97.88,0.02,2.1,2.12
2024-02,Bandhan Bank,Beneficiary,29.22,28.25,96.68,3.09,0.23,3.32
2024-02,AU small Finance Bank,Beneficiary,26.6,25.61,96.28,0.39,3.33,3.72
2024-02,Tamilnad Mercantile Bank,Beneficiary,21.42,21.28,99.35,0.48,0.17,0.65
2024-02,Jammu and Kashmir Bank,Beneficiary,20.34,20.15,99.07,0.48,0.45,0.93
2024-02,Ujjivan Small Finance Bank,Beneficiary,19.51,19.23,98.59,0.39,1.02,1.41
2024-02,City Union Bank,Beneficiary,19.3,18.83,97.55,0.32,2.13,2.45
2024-02,Tri O Tech Solutions Private Limited,Beneficiary,18.51,17.8,96.17,0.03,3.8,3.83
2024-02,ONE MOBIKWIK SYSTEMS LIMITED,Beneficiary,15.24,15.24,99.99,0.01,0,0.01
2024-02,Punjab and Sind Bank,Beneficiary,14.14,13.58,96.07,2.79,1.14,3.93
2024-02,Kerala Gramin Bank,Beneficiary,14.01,13.7,97.8,1.96,0.25,2.21
2024-02,Equitas Bank,Beneficiary,13.15,12.87,97.9,0.25,1.85,2.1
2024-02,Andhra Pradesh Grameena Vikas Bank,Beneficiary,12.36,12.16,98.38,0.4,1.23,1.63
2024-02,DBS Bank India Limited,Beneficiary,12.03,11.85,98.53,0.26,1.21,1.47
2024-02,Pragathi Krishna Gramin Bank,Beneficiary,11.61,11.3,97.3,2.09,0.61,2.7
2024-02,Jio Payments Bank,Beneficiary,11.33,11.26,99.39,0.36,0.26,0.62
2024-02,CITI Bank,Beneficiary,10.68,10.66,99.84,0.16,0,0.16
2024-02,Maharashtra Gramin Bank,Beneficiary,10.56,10.36,98.15,1.53,0.32,1.85
2024-02,Rajasthan Marudhara Gramin Bank,Beneficiary,10.31,10.11,98.04,1.55,0.4,1.95
2024-02,ESAF Small Finance Bank Ltd.,Beneficiary,10.16,9.87,97.11,2.78,0.11,2.89
2024-02,Baroda UP Gramin Bank,Beneficiary,9.18,8.52,92.84,6.34,0.82,7.16
2024-02,Fincare Small Finance Bank Ltd,Beneficiary,8.55,8.23,96.27,0.44,3.29,3.73
2024-02,Andhra Pragathi Grameena Bank,Beneficiary,8.07,7.95,98.57,0.98,0.45,1.43
2025-02,Yes Bank Ltd.,Beneficiary,6412.99,64.12,0.9999,0,0.0001,0.0001
2025-02,Axis Bank Ltd.,Beneficiary,1662.94,16.6,0.9984,0.0001,0.0015,0.0016
2025-02,State Bank of India,Beneficiary,1627.18,16.22,0.9968,0.0022,0.001,0.0032
2025-02,HDFC Bank Ltd.,Beneficiary,774.5,7.69,0.9924,0.0005,0.0072,0.0077
2025-02,ICICI Bank Ltd.,Beneficiary,561.55,5.6,0.9966,0.0007,0.0027,0.0034
2025-02,Bank of Baroda,Beneficiary,434.99,4.35,0.9991,0.0003,0.0006,0.0009
2025-02,Canara Bank,Beneficiary,423.99,4.21,0.9933,0.0033,0.0034,0.0067
2025-02,Union Bank of India,Beneficiary,405.83,4.05,0.9977,0.0013,0.0011,0.0024
2025-02,Federal Bank Ltd.,Beneficiary,374.29,3.74,0.9982,0.0003,0.0015,0.0018
2025-02,Punjab National Bank,Beneficiary,368.35,3.67,0.996,0.0004,0.0036,0.004
2025-02,Airtel Payments Bank Limited,Beneficiary,334.99,3.3,0.9847,0.0072,0.0082,0.0154
2025-02,Kotak Mahindra Bank,Beneficiary,313.8,3.1,0.9888,0.0008,0.0104,0.0112
2025-02,Indian Bank,Beneficiary,235.01,2.34,0.9968,0.0004,0.0028,0.0032
2025-02,Bank Of India,Beneficiary,225.76,2.22,0.984,0.0078,0.0083,0.0161
2025-02,India Post Payments Bank Ltd.,Beneficiary,210.46,2.08,0.9874,0.0044,0.0082,0.0126
2025-02,Indusind Bank Ltd.,Beneficiary,157.73,1.57,0.9928,0.0042,0.003,0.0072
2025-02,Indian Overseas Bank,Beneficiary,128.46,1.28,0.9941,0.0011,0.0048,0.0059
2025-02,Central Bank of India,Beneficiary,108.51,1.08,0.9921,0.0022,0.0057,0.0079
2025-02,Fino Payments Bank Ltd.,Beneficiary,98.36,0.96,0.9719,0.0013,0.0268,0.0281
2025-02,UCO Bank,Beneficiary,96.02,0.95,0.9913,0.0034,0.0053,0.0087
2025-02,IDBI Bank Ltd.,Beneficiary,81.03,0.81,0.9945,0.0029,0.0026,0.0055
2025-02,Bank of Maharashtra,Beneficiary,78.86,0.78,0.9938,0.004,0.0022,0.0062
2025-02,RBL Bank Ltd.,Beneficiary,73.78,0.73,0.9952,0.0038,0.0011,0.0049
2025-02,Karnataka Bank,Beneficiary,59.83,0.59,0.9887,0.0054,0.0058,0.0112
2025-02,One Mobikwik Systems Limited,Beneficiary,46.1,0.46,0.9995,0.0004,0,0.0004
2025-02,Bandhan Bank limited,Beneficiary,43.29,0.43,0.9841,0.0138,0.0021,0.0159
2025-02,IDFC Bank Ltd.,Beneficiary,42.15,0.42,0.9896,0.0003,0.0101,0.0104
2025-02,The Jammu & Kashmir Bank Limited,Beneficiary,41.94,0.41,0.9867,0.0088,0.0045,0.0133
2025-02,The South Indian Bank Limited,Beneficiary,39.59,0.39,0.992,0.0067,0.0013,0.008
2025-02,Karur Vysya Bank,Beneficiary,39.03,0.39,0.9937,0.0033,0.003,0.0063
2025-02,Tri O Tech Solutions Private Limited,Beneficiary,37.15,0.36,0.966,0,0.0339,0.0339
2025-02,NSDL Payments Bank Limited,Beneficiary,34.48,0.33,0.9669,0.0247,0.0084,0.0331
2025-02,Tamilnad Mercantile Bank Limited,Beneficiary,31.84,0.32,0.9952,0.004,0.0008,0.0048
2025-02,AU Small Finance Bank,Beneficiary,30.92,0.31,0.9915,0.0037,0.0048,0.0085
2025-02,City Union Bank,Beneficiary,27.02,0.27,0.9941,0.0015,0.0044,0.0059
2025-02,JIO Payments Bank Ltd,Beneficiary,24.04,0.24,0.9887,0.0039,0.0073,0.0112
2025-02,Ujjivan Small Finance Bank Limited,Beneficiary,23.56,0.23,0.996,0.0017,0.0023,0.004
2025-02,Punjab and Sind Bank,Beneficiary,23.29,0.23,0.974,0.006,0.02,0.026
2025-02,Kerala Gramin Bank,Beneficiary,21.85,0.22,0.9937,0.0043,0.002,0.0063
2025-02,Unity Small Finance Bank Limited,Beneficiary,20.19,0.2,0.9989,0.0008,0.0003,0.0011
2025-02,Citi Bank,Beneficiary,18.14,0.18,0.9946,0.0018,0.0036,0.0054
2025-02,Baroda U.P. Bank,Beneficiary,17.91,0.18,0.986,0.0116,0.0024,0.014
2025-02,Suryoday Small Finance Bank Limited,Beneficiary,17.22,0.17,0.9785,0.0113,0.0101,0.0214
2025-02,Telangana Grameena Bank,Beneficiary,14.25,0.14,0.9713,0.0196,0.009,0.0286
2025-02,Karnataka Gramin Bank,Beneficiary,14.19,0.14,0.9898,0.0087,0.0015,0.0102
2025-02,Equitas Small Finance Bank,Beneficiary,13.37,0.13,0.9713,0.0079,0.0208,0.0287
2025-02,ESAF Small Finance Bank Ltd,Beneficiary,13.3,0.13,0.9908,0.0074,0.0018,0.0092
2025-02,Maharashtra Gramin Bank,Beneficiary,13.25,0.13,0.9797,0.017,0.0033,0.0203
2025-02,Rajasthan Marudhara Gramin Bank,Beneficiary,12.35,0.12,0.9508,0.036,0.0132,0.0492
2025-02,Andhra Pragathi Grameena Bank,Beneficiary,11.26,0.11,0.9778,0.0185,0.0037,0.0222
2026-02,Yes Bank Ltd.,Beneficiary,8294.2,8293.37,99.99,0.01,0.01,0.02
2026-02,Axis Bank Ltd.,Beneficiary,2085.54,2081.99,99.83,0.02,0.15,0.17
2026-02,State Bank of India,Beneficiary,2036.74,2031.65,99.75,0.06,0.2,0.26
2026-02,HDFC Bank Ltd.,Beneficiary,1020.13,1012.38,99.24,0.11,0.65,0.76
2026-02,Bank of Baroda,Beneficiary,558.72,555.59,99.44,0.05,0.51,0.56
2026-02,Union Bank of India,Beneficiary,490.27,489.29,99.8,0.07,0.13,0.2
2026-02,Airtel Payments Bank Limited,Beneficiary,486.46,458.78,94.31,0.23,5.46,5.69
2026-02,Canara Bank,Beneficiary,477.56,475.51,99.57,0.21,0.22,0.43
2026-02,Punjab National Bank,Beneficiary,470.22,465.75,99.05,0.59,0.36,0.95
2026-02,ICICI Bank Ltd.,Beneficiary,454.62,453.12,99.67,0.08,0.25,0.33
2026-02,Kotak Mahindra Bank,Beneficiary,408.03,405.79,99.45,0.09,0.46,0.55
2026-02,Federal Bank Ltd.,Beneficiary,356.08,355.33,99.79,0,0.2,0.2
2026-02,INDIA POST PAYMENTS BANK LIMITED,Beneficiary,345.01,330.35,95.75,0.39,3.86,4.25
2026-02,Indian Bank,Beneficiary,303.8,303.22,99.81,0.02,0.17,0.19
2026-02,Bank Of India,Beneficiary,275.61,269.82,97.9,0.72,1.38,2.1
2026-02,Indusind Bank Ltd.,Beneficiary,186.34,185.17,99.37,0.29,0.34,0.63
2026-02,Unity Small Finance Bank Limited,Beneficiary,163.64,163.28,99.78,0.17,0.05,0.22
2026-02,Central Bank of India,Beneficiary,157.65,155.65,98.73,0.59,0.68,1.27
2026-02,Indian Overseas Bank,Beneficiary,154.43,153.66,99.5,0.22,0.28,0.5
2026-02,UCO Bank,Beneficiary,125,124.1,99.28,0.31,0.41,0.72
2026-02,NSDL Payments Bank Limited,Beneficiary,110.76,106.34,96.01,1.6,2.39,3.99
2026-02,JIO PAYMENTS BANK LTD,Beneficiary,100,98.05,98.05,0.23,1.72,1.95
2026-02,Fino Payments Bank Ltd.,Beneficiary,89.52,86.42,96.54,0.22,3.24,3.46
2026-02,Bank of Maharashtra,Beneficiary,85.55,83.73,97.87,0.13,2,2.13
2026-02,IDBI Bank Ltd.,Beneficiary,80.75,80.14,99.25,0.21,0.53,0.74
2026-02,Tri O Tech Solutions Private Limited,Beneficiary,67.88,66.43,97.86,0.01,2.13,2.14
2026-02,Karnataka Bank,Beneficiary,60.37,59.78,99.02,0.69,0.291,0.981
2026-02,BANDHAN BANK LIMITED,Beneficiary,55.97,55.62,99.38,0.35,0.27,0.62
2026-02,IDFC Bank Ltd.,Beneficiary,52.75,51.7,98,0.55,1.46,2.01
2026-02,The Jammu & Kashmir Bank Limited,Beneficiary,51.88,51.29,98.86,0.09,1.06,1.15
2026-02,ONE MOBIKWIK SYSTEMS LIMITED,Beneficiary,51.14,50.99,99.7,0.29,0.01,0.3
2026-02,The South Indian Bank Limited,Beneficiary,47.09,46.87,99.53,0.05,0.41,0.46
2026-02,RBL Bank Ltd.,Beneficiary,46.99,46.86,99.72,0.16,0.12,0.28
2026-02,Karur Vysya Bank,Beneficiary,44.68,44.52,99.65,0.12,0.23,0.35
2026-02,Baroda U.P. Bank,Beneficiary,38.59,36.48,94.54,5.22,0.25,5.47
2026-02,Tamilnad Mercantile Bank Limited,Beneficiary,37.98,37.31,98.23,0.67,1.1,1.77
2026-02,AU small Finance Bank,Beneficiary,36.08,35.74,99.05,0.16,0.79,0.95
2026-02,SURYODAY SMALL FINANCE BANK LIMITED,Beneficiary,30.99,30.29,97.74,0.06,2.2,2.26
2026-02,City Union Bank,Beneficiary,29.61,29.12,98.34,0.25,1.41,1.66
2026-02,KERALA GRAMIN BANK,Beneficiary,29.16,28.99,99.42,0.43,0.15,0.58
2026-02,Slice Small Finance Bank Limited,Beneficiary,27.83,25.47,91.53,0.12,8.35,8.47
2026-02,Punjab and Sind Bank,Beneficiary,26.85,26.55,98.89,0.35,0.76,1.11
2026-02,UJJIVAN SMALL FINANCE BANK LIMITED,Beneficiary,26.8,26.71,99.68,0.07,0.26,0.33
2026-02,Karnataka Gramin Bank,Beneficiary,25.1,24.61,98.04,1.49,0.47,1.96
2026-02,Rajasthan Marudhara Gramin Bank,Beneficiary,23.41,23.14,98.84,0.66,0.5,1.16
2026-02,CHAITANYA GODAVARI GRAMEENA BANK,Beneficiary,20.55,20.16,98.1,1.28,0.63,1.91
2026-02,TELANGANA GRAMEENA BANK,Beneficiary,20.23,20.05,99.11,0.63,0.25,0.88
2026-02,CITIBANK CORPORATE,Beneficiary,18.59,18.47,99.38,0.11,0.51,0.62
2026-02,Maharashtra Gramin Bank,Beneficiary,16.05,15.86,98.84,1.08,0.08,1.16
2026-02,ESAF SMALL FINANCE BANK LTD,Beneficiary,15.42,15.34,99.49,0.29,0.22,0.51
2024-01,Paytm Payments Bank,Beneficiary,2851.38,2848.53,99.9,0.03,0.07,0.1
2024-01,Yes Bank Ltd,Beneficiary,2105.87,2104.19,99.92,0.04,0.04,0.08
2024-01,State Bank Of India,Beneficiary,1306.23,1301.53,99.64,0.18,0.18,0.36
2024-01,Axis Bank Ltd.,Beneficiary,1008.43,1006.01,99.76,0.06,0.18,0.24
2024-01,ICICI Bank,Beneficiary,647.71,643.95,99.42,0.04,0.54,0.58
2024-01,HDFC BANK LTD,Beneficiary,549.54,539.65,98.2,0.04,1.76,1.8
2024-01,Bank of Baroda,Beneficiary,336.93,336.26,99.8,0.03,0.17,0.2
2024-01,Union Bank of India,Beneficiary,324.67,321.42,99,0.84,0.17,1.01
2024-01,Federal Bank,Beneficiary,301.12,299.7,99.53,0.13,0.34,0.47
2024-01,Punjab National Bank,Beneficiary,271.75,270.36,99.49,0.13,0.38,0.51
2024-01,Canara Bank,Beneficiary,268.36,264.15,98.43,0.28,1.3,1.58
2024-01,Kotak Mahindra Bank,Beneficiary,236.42,233.13,98.61,0.92,0.47,1.39
2024-01,Indian Bank,Beneficiary,192.09,190.09,98.96,0.27,0.77,1.04
2024-01,Airtel Payments Bank,Beneficiary,184.67,182.88,99.03,0.58,0.39,0.97
2024-01,Bank of India,Beneficiary,179.8,179.15,99.64,0.11,0.25,0.36
2024-01,INDUSIND BANK,Beneficiary,129,127.49,98.83,0.62,0.54,1.16
2024-01,India Post Payment Bank,Beneficiary,113.35,111.28,98.17,1.45,0.38,1.83
2024-01,Central Bank Of India,Beneficiary,85.35,82.39,96.53,2.97,0.5,3.47
2024-01,Indian Overseas Bank,Beneficiary,76.93,76.05,98.86,0.75,0.39,1.14
2024-01,UCO Bank,Beneficiary,73.44,70.6,96.13,3.24,0.63,3.87
2024-01,RBL,Beneficiary,62.06,57.28,92.29,7.35,0.36,7.71
2024-01,IDBI Bank Limited,Beneficiary,62.06,60.71,97.83,1.74,0.43,2.17
2024-01,Bank of Maharashtra,Beneficiary,53.88,53.3,98.92,0.84,0.24,1.08
2024-01,Fino Payments Bank Limited FIP,Beneficiary,45.27,44.13,97.49,0.62,1.88,2.5
2024-01,Karnataka Bank,Beneficiary,41.79,41.23,98.66,0.54,0.81,1.35
2024-01,IDFC First Bank,Beneficiary,38.32,37.47,97.78,0.18,2.04,2.22
2024-01,Karur Vysya Bank,Beneficiary,31.32,30.83,98.42,0.25,1.32,1.57
2024-01,South Indian Bank,Beneficiary,31.07,30.02,96.63,0.15,3.23,3.38
2024-01,Bandhan Bank,Beneficiary,28.56,27.11,94.91,4.85,0.24,5.09
2024-01,AU small Finance Bank,Beneficiary,26.21,25.3,96.53,0.23,3.24,3.47
2024-01,Tamilnad Mercantile Bank,Beneficiary,20.54,20.46,99.6,0.24,0.16,0.4
2024-01,Ujjivan Small Finance Bank,Beneficiary,19.4,19.02,98.06,1.09,0.85,1.94
2024-01,City Union Bank,Beneficiary,18.79,18.24,97.08,0.25,2.67,2.92
2024-01,Jammu and Kashmir Bank,Beneficiary,18.46,18.29,99.06,0.35,0.6,0.95
2024-01,Tri O Tech Solutions Private Limited,Beneficiary,17.98,17.13,95.28,0.6,4.12,4.72
2024-01,Kerala Gramin Bank,Beneficiary,14.38,12.84,89.31,10.46,0.24,10.7
2024-01,Punjab and Sind Bank,Beneficiary,13.75,13.49,98.14,0.62,1.24,1.86
2024-01,Pragathi Krishna Gramin Bank,Beneficiary,13.28,11.19,84.28,15.4,0.32,15.72
2024-01,Equitas Bank,Beneficiary,12.96,12.68,97.83,0.13,2.03,2.16
2024-01,Andhra Pradesh Grameena Vikas Bank,Beneficiary,12.56,12.19,97.08,1.66,1.26,2.92
2024-01,ONE MOBIKWIK SYSTEMS LIMITED,Beneficiary,11.31,11.31,99.99,0.01,0,0.01
2024-01,Maharashtra Gramin Bank,Beneficiary,10.74,10.32,96.11,3.62,0.28,3.9
2024-01,ESAF Small Finance Bank Ltd.,Beneficiary,10.37,9.87,95.16,4.71,0.13,4.84
2024-01,DBS Bank India Limited,Beneficiary,10.3,10.13,98.38,0.06,1.56,1.62
2024-01,Baroda UP Gramin Bank,Beneficiary,10.21,7.3,71.46,27.93,0.61,28.54
2024-01,CITI,Beneficiary,10.02,10.01,99.87,0.13,0,0.13
2024-01,Rajasthan Marudhara Gramin Bank,Beneficiary,9.82,9.76,99.41,0.29,0.3,0.59
2024-01,Jio Payments Bank,Beneficiary,9.12,9.06,99.33,0.36,0.31,0.67
2024-01,Fincare Small Finance Bank Ltd,Beneficiary,7.98,7.64,95.71,1.57,2.71,4.28
2024-01,Andhra Pragathi Grameena Bank,Beneficiary,7.85,7.7,98.04,1.49,0.47,1.96
2025-01,Yes Bank Ltd.,Beneficiary,6739.84,67.39,0.9999,0,0.0001,0.0001
2025-01,Axis Bank Ltd.,Beneficiary,1730.16,17.28,0.999,0,0.001,0.001
2025-01,State Bank of India,Beneficiary,1713.51,17.06,0.9956,0.0031,0.0013,0.0044
2025-01,HDFC Bank Ltd.,Beneficiary,807.76,8.01,0.992,0.0004,0.0075,0.0079
2025-01,ICICI Bank Ltd.,Beneficiary,624.34,6.22,0.9955,0.0008,0.0037,0.0045
2025-01,Bank of Baroda,Beneficiary,464.01,4.63,0.9979,0.0014,0.0006,0.002
2025-01,Canara Bank,Beneficiary,462.95,4.6,0.9939,0.002,0.0041,0.0061
2025-01,Union Bank of India,Beneficiary,428.05,4.26,0.9948,0.0042,0.001,0.0052
2025-01,Federal Bank Ltd.,Beneficiary,403.79,4.03,0.9981,0.0003,0.0015,0.0018
2025-01,Airtel Payments Bank Limited,Beneficiary,394.02,3.89,0.9861,0.0093,0.0047,0.014
2025-01,Punjab National Bank,Beneficiary,389.95,3.88,0.9954,0.0006,0.004,0.0046
2025-01,Kotak Mahindra Bank,Beneficiary,331.14,3.27,0.9883,0.0006,0.0111,0.0117
2025-01,Indian Bank,Beneficiary,244.02,2.43,0.997,0.0005,0.0025,0.003
2025-01,Bank Of India,Beneficiary,240.7,2.38,0.9888,0.0025,0.0087,0.0112
2025-01,India Post Payments Bank Ltd.,Beneficiary,212.25,2.09,0.9844,0.007,0.0086,0.0156
2025-01,Indusind Bank Ltd.,Beneficiary,163.47,1.63,0.9961,0.0008,0.003,0.0038
2025-01,Indian Overseas Bank,Beneficiary,137.06,1.36,0.993,0.0011,0.0058,0.0069
2025-01,Central Bank of India,Beneficiary,114.31,1.13,0.9869,0.0077,0.0054,0.0131
2025-01,Fino Payments Bank Ltd.,Beneficiary,111.51,1.1,0.9839,0.001,0.0151,0.0161
2025-01,UCO Bank,Beneficiary,101.81,1.01,0.9939,0.0013,0.0048,0.0061
2025-01,Bank of Maharashtra,Beneficiary,87.68,0.87,0.9966,0.0011,0.0023,0.0034
2025-01,IDBI Bank Ltd.,Beneficiary,82.81,0.82,0.9962,0.0012,0.0026,0.0038
2025-01,RBL Bank Ltd.,Beneficiary,76.23,0.76,0.9947,0.003,0.0023,0.0053
2025-01,Karnataka Bank,Beneficiary,64.93,0.64,0.992,0.0009,0.0071,0.008
2025-01,One Mobikwik Systems Limited,Beneficiary,47.73,0.48,0.9998,0.0001,0.0001,0.0002
2025-01,Bandhan Bank limited,Beneficiary,45.82,0.45,0.9763,0.0215,0.0022,0.0237
2025-01,IDFC Bank Ltd.,Beneficiary,44.02,0.44,0.9894,0.0003,0.0103,0.0106
2025-01,The Jammu & Kashmir Bank Limited,Beneficiary,43.36,0.43,0.9937,0.0007,0.0056,0.0063
2025-01,The South Indian Bank Limited,Beneficiary,42.61,0.43,0.9976,0.0014,0.001,0.0024
2025-01,Karur Vysya Bank,Beneficiary,40.43,0.4,0.9955,0.0022,0.0023,0.0045
2025-01,Tri O Tech Solutions Private Limited,Beneficiary,38.46,0.37,0.9619,0.0009,0.0372,0.0381
2025-01,AU Small Finance Bank,Beneficiary,33.08,0.33,0.9879,0.0076,0.0045,0.0121
2025-01,Tamilnad Mercantile Bank Limited,Beneficiary,32.69,0.33,0.9977,0.0015,0.0008,0.0023
2025-01,City Union Bank,Beneficiary,27.07,0.27,0.9939,0.0011,0.005,0.0061
2025-01,Ujjivan Small Finance Bank Limited,Beneficiary,25.12,0.25,0.9948,0.0024,0.0028,0.0052
2025-01,Punjab and Sind Bank,Beneficiary,24.91,0.24,0.9721,0.0025,0.0254,0.0279
2025-01,JIO Payments Bank Ltd,Beneficiary,24.79,0.24,0.9866,0.0035,0.0099,0.0134
2025-01,Kerala Gramin Bank,Beneficiary,22.91,0.23,0.9865,0.0064,0.007,0.0134
2025-01,NSDL Payments Bank Limited,Beneficiary,21.12,0.2,0.9236,0.0389,0.0375,0.0764
2025-01,Citi Bank,Beneficiary,20.11,0.2,0.9953,0.001,0.0037,0.0047
2025-01,Suryoday Small Finance Bank Limited,Beneficiary,18.64,0.18,0.9787,0.0102,0.0111,0.0213
2025-01,Baroda U.P. Bank,Beneficiary,17.85,0.17,0.976,0.0213,0.0028,0.0241
2025-01,Karnataka Gramin Bank,Beneficiary,15.31,0.15,0.9643,0.0315,0.0041,0.0356
2025-01,Equitas Small Finance Bank,Beneficiary,14.64,0.14,0.9636,0.0011,0.0353,0.0364
2025-01,ESAF Small Finance Bank Ltd,Beneficiary,14.11,0.14,0.9959,0.0022,0.002,0.0042
2025-01,Maharashtra Gramin Bank,Beneficiary,13.84,0.14,0.9868,0.0112,0.0019,0.0131
2025-01,Rajasthan Marudhara Gramin Bank,Beneficiary,13.16,0.13,0.9599,0.0331,0.0069,0.04
2025-01,Telangana Grameena Bank,Beneficiary,11.82,0.11,0.9555,0.0374,0.0071,0.0445
2025-01,Andhra Pragathi Grameena Bank,Beneficiary,11.77,0.11,0.927,0.0707,0.0022,0.0729
2025-01,Unity Small Finance Bank Limited,Beneficiary,11.67,0.12,0.9966,0.0023,0.0011,0.0034
2026-01,Yes Bank Ltd.,Beneficiary,8773.33,8772.45,99.99,0,0.01,0.01
2026-01,Axis Bank Ltd.,Beneficiary,2207.24,2203.49,99.83,0.02,0.15,0.17
2026-01,State Bank of India,Beneficiary,2169.71,2156.91,99.41,0.4,0.19,0.59
2026-01,HDFC Bank Ltd.,Beneficiary,1110.69,1102.47,99.26,0.06,0.68,0.74
2026-01,Bank of Baroda,Beneficiary,592.69,589.49,99.46,0.01,0.53,0.54
2026-01,ICICI Bank Ltd.,Beneficiary,556.23,552.17,99.27,0.51,0.23,0.74
2026-01,Airtel Payments Bank Limited,Beneficiary,522.28,489.74,93.77,0.08,6.15,6.23
2026-01,Union Bank of India,Beneficiary,517.54,515.57,99.62,0.24,0.14,0.38
2026-01,Canara Bank,Beneficiary,503.78,500.25,99.3,0.48,0.22,0.7
2026-01,Punjab National Bank,Beneficiary,497.29,493.66,99.27,0.38,0.35,0.73
2026-01,Kotak Mahindra Bank,Beneficiary,441.71,439.85,99.58,0,0.42,0.42
2026-01,Federal Bank Ltd.,Beneficiary,388.29,387.4,99.77,0.01,0.21,0.22
2026-01,INDIA POST PAYMENTS BANK LIMITED,Beneficiary,368.73,353.46,95.86,0.59,3.55,4.14
2026-01,Indian Bank,Beneficiary,317.41,316.17,99.61,0.21,0.18,0.39
2026-01,Bank Of India,Beneficiary,294.9,290.51,98.51,0.09,1.4,1.49
2026-01,Indusind Bank Ltd.,Beneficiary,189.2,187.91,99.32,0.32,0.36,0.68
2026-01,Unity Small Finance Bank Limited,Beneficiary,183.22,182.76,99.75,0.21,0.04,0.25
2026-01,Indian Overseas Bank,Beneficiary,167.02,165.92,99.34,0.14,0.52,0.66
2026-01,Central Bank of India,Beneficiary,165.55,164.44,99.33,0.14,0.53,0.67
2026-01,UCO Bank,Beneficiary,133.65,133.02,99.53,0.02,0.45,0.47
2026-01,NSDL Payments Bank Limited,Beneficiary,117.09,113.95,97.32,0.51,2.17,2.68
2026-01,JIO PAYMENTS BANK LTD,Beneficiary,105.42,103.49,98.17,0.17,1.67,1.84
2026-01,Fino Payments Bank Ltd.,Beneficiary,92.44,82.24,88.97,6.95,4.08,11.03
2026-01,Bank of Maharashtra,Beneficiary,91.56,91.21,99.62,0.03,0.35,0.38
2026-01,IDBI Bank Ltd.,Beneficiary,86.23,85.68,99.36,0.05,0.59,0.64
2026-01,Tri O Tech Solutions Private Limited,Beneficiary,74.02,72.38,97.78,0.06,2.15,2.21
2026-01,Karnataka Bank,Beneficiary,64.82,64.16,98.98,0.72,0.297,1.017
2026-01,BANDHAN BANK LIMITED,Beneficiary,59.6,59.31,99.51,0.2,0.28,0.48
2026-01,IDFC Bank Ltd.,Beneficiary,55.86,54.96,98.39,0.04,1.57,1.61
2026-01,The Jammu & Kashmir Bank Limited,Beneficiary,54.78,54.22,98.98,0.17,0.85,1.02
2026-01,ONE MOBIKWIK SYSTEMS LIMITED,Beneficiary,53.34,53.23,99.8,0.19,0.01,0.2
2026-01,The South Indian Bank Limited,Beneficiary,51.08,50.99,99.82,0.04,0.14,0.18
2026-01,RBL Bank Ltd.,Beneficiary,48.37,48.18,99.6,0.21,0.19,0.4
2026-01,Karur Vysya Bank,Beneficiary,46.66,46.46,99.58,0.18,0.24,0.42
2026-01,Tamilnad Mercantile Bank Limited,Beneficiary,39.7,39.2,98.75,0.1,1.15,1.25
2026-01,AU small Finance Bank,Beneficiary,38.33,37.86,98.77,0.45,0.78,1.23
2026-01,Baroda U.P. Bank,Beneficiary,38.03,37.23,97.89,1.85,0.26,2.11
2026-01,KERALA GRAMIN BANK,Beneficiary,31.57,31.42,99.54,0.32,0.15,0.47
2026-01,City Union Bank,Beneficiary,31.08,30.6,98.44,0.14,1.42,1.56
2026-01,UJJIVAN SMALL FINANCE BANK LIMITED,Beneficiary,28.31,28.21,99.66,0.08,0.26,0.34
2026-01,Punjab and Sind Bank,Beneficiary,27.98,27.58,98.57,0.67,0.76,1.43
2026-01,Karnataka Gramin Bank,Beneficiary,27.43,26.99,98.4,0.74,0.86,1.6
2026-01,Slice Small Finance Bank Ltd,Beneficiary,26.5,24.26,91.55,0.16,8.29,8.45
2026-01,Rajasthan Marudhara Gramin Bank,Beneficiary,24.36,23.75,97.51,0.36,2.13,2.49
2026-01,SURYODAY SMALL FINANCE BANK LIMITED,Beneficiary,21.76,21.19,97.37,0.13,2.5,2.63
2026-01,TELANGANA GRAMEENA BANK,Beneficiary,21.72,21.08,97.04,1.25,1.72,2.97
2026-01,CITIBANK CORPORATE,Beneficiary,21.45,21.34,99.47,0.07,0.45,0.52
2026-01,CHAITANYA GODAVARI GRAMEENA BANK,Beneficiary,21.34,21.1,98.88,0.62,0.5,1.12
2026-01,Maharashtra Gramin Bank,Beneficiary,17.24,16.98,98.51,1.41,0.07,1.48
2026-01,ESAF SMALL FINANCE BANK LTD,Beneficiary,16.81,16.69,99.27,0.49,0.25,0.74
2024-07,Yes Bank Ltd.,Beneficiary,5731.24,5727.23,99.93,0.06,0.01,0.07
2024-07,State Bank Of India,Beneficiary,1591.84,1586.43,99.66,0.23,0.11,0.34
2024-07,Axis bank Ltd.,Beneficiary,1364.34,1363.11,99.91,0,0.09,0.09
2024-07,HDFC Bank Ltd.,Beneficiary,690.05,681.63,98.78,0.23,0.98,1.21
2024-07,ICICI Bank Ltd.,Beneficiary,604.23,600.6,99.4,0.09,0.51,0.6
2024-07,Bank of Baroda,Beneficiary,455.61,453.06,99.44,0.47,0.09,0.56
2024-07,Federal Bank Ltd.,Beneficiary,396.82,395.47,99.66,0.09,0.25,0.34
2024-07,Union Bank Of India,Beneficiary,368.24,366.73,99.59,0.29,0.12,0.41
2024-07,Punjab national Bank,Beneficiary,334.33,332.76,99.53,0.18,0.3,0.48
2024-07,Canara Bank,Beneficiary,326.46,323.03,98.95,0.21,0.83,1.04
2024-07,Kotak Mahindra Bank Ltd,Beneficiary,284.52,282.61,99.33,0.36,0.31,0.67
2024-07,Airtel Payments Bank Ltd,Beneficiary,267.22,265.22,99.25,0.41,0.34,0.75
2024-07,Indian Bank,Beneficiary,247.02,244.85,99.12,0.13,0.74,0.87
2024-07,Bank Of India,Beneficiary,212.52,209.27,98.47,0.82,0.71,1.53
2024-07,India Post Payments Bank Ltd,Beneficiary,145.2,142.31,98.01,1.71,0.28,1.99
2024-07,Indusind Bank Ltd.,Beneficiary,131.62,130.76,99.35,0.22,0.43,0.65
2024-07,Indian Overseas Bank,Beneficiary,102.09,100.65,98.59,0.28,1.13,1.41
2024-07,Central Bank of India,Beneficiary,100.29,98.14,97.86,0.28,1.86,2.14
2024-07,UCO Bank,Beneficiary,90.28,88.98,98.56,0.71,0.73,1.44
2024-07,Fino Payments Bank Ltd.,Beneficiary,76.94,74.25,96.5,0.43,3.07,3.5
2024-07,IDBI Bank Ltd.,Beneficiary,69.43,68.89,99.22,0.43,0.35,0.78
2024-07,Bank of Maharashtra,Beneficiary,64.74,63.7,98.4,1.21,0.39,1.6
2024-07,RBL Bank Ltd.,Beneficiary,51.19,50.59,98.83,0.59,0.58,1.17
2024-07,Karnataka Bank Ltd,Beneficiary,50.14,49.5,98.72,0.41,0.86,1.27
2024-07,One Mobikwik Systems Pvt - Ltd,Beneficiary,40.24,40.2,99.9,0.07,0.03,0.1
2024-07,Karur Vysya Bank,Beneficiary,39.8,39.29,98.72,0.24,1.05,1.29
2024-07,IDFC First Bank Ltd,Beneficiary,38.86,38.31,98.58,0.14,1.28,1.42
2024-07,Bandhan Bank Ltd.,Beneficiary,37.36,36.76,98.39,1.25,0.36,1.61
2024-07,Jammu and Kashmir Bank,Beneficiary,36.14,34.86,96.47,3.25,0.28,3.53
2024-07,South Indian Bank,Beneficiary,35.99,35.54,98.76,0.27,0.96,1.23
2024-07,AU small Finance Bank,Beneficiary,27.37,27.12,99.1,0.08,0.82,0.9
2024-07,Tamilnad Mercantile Bank,Beneficiary,27.15,26.95,99.27,0.63,0.1,0.73
2024-07,Tri O Tech Solutions Private Ltd.,Beneficiary,25.53,24.56,96.21,0.03,3.75,3.78
2024-07,City Union Bank,Beneficiary,22.9,22.46,98.08,0.31,1.61,1.92
2024-07,Ujjivan Small Finance Bank,Beneficiary,22.88,22.55,98.57,0.74,0.7,1.44
2024-07,Punjab and Sind Bank,Beneficiary,18.6,18.45,99.2,0.55,0.25,0.8
2024-07,CITI Bank,Beneficiary,17.74,17.36,97.85,0.66,1.49,2.15
2024-07,KERALA GRAMIN BANK,Beneficiary,17.02,16.64,97.75,1.39,0.85,2.24
2024-07,Cosmos Bank,Beneficiary,15.36,15.19,98.92,0.92,0.16,1.08
2024-07,Equitas Small Finance Bank Ltd,Beneficiary,14.09,13.78,97.83,0.52,1.65,2.17
2024-07,Karnataka Gramin Bank (Erstwhile Pragathi Krishna Gramin Bank),Beneficiary,13.72,13.34,97.2,1.89,0.91,2.8
2024-07,Andhra Pradesh Grameena Vikas Bank,Beneficiary,13.16,12.52,95.15,4.14,0.7,4.84
2024-07,Maharashtra Gramin Bank,Beneficiary,12.26,10.44,85.13,14.68,0.18,14.86
2024-07,Baroda Uttar Pradesh Gramin Bank,Beneficiary,11.74,11.13,94.84,4.86,0.3,5.16
2024-07,JIO PAYMENTS BANK LTD,Beneficiary,11.6,11.41,98.37,0.8,0.83,1.63
2024-07,Rajasthan Marudhara Gramin Bank,Beneficiary,11.6,10.14,87.43,12.15,0.42,12.57
2024-07,ESAF Small Finance Bank Ltd.,Beneficiary,11.35,11.2,98.7,0.25,1.06,1.31
2024-07,DBS Bank India Ltd.,Beneficiary,10.79,10.62,98.42,0.24,1.33,1.57
2024-07,Andhra Pragathi Grameena Bank,Beneficiary,9.58,8.36,87.24,12.37,0.39,12.76
2024-07,Fincare Small Finance Bank Ltd,Beneficiary,9.16,8.7,95.02,0.65,4.32,4.97
2025-07,Yes Bank Ltd.,Beneficiary,7934.54,79.34,0.9999,0,0.0001,0.0001
2025-07,State Bank of India,Beneficiary,1965.84,19.56,0.9951,0.0039,0.001,0.0049
2025-07,Axis Bank Ltd.,Beneficiary,1946.32,19.41,0.9974,0.0002,0.0025,0.0027
2025-07,HDFC Bank Ltd.,Beneficiary,992.01,9.87,0.9948,0.0007,0.0045,0.0052
2025-07,ICICI Bank Ltd.,Beneficiary,610.63,6.08,0.9965,0.0006,0.0029,0.0035
2025-07,Bank of Baroda,Beneficiary,508.22,5.05,0.9943,0.0028,0.0029,0.0057
2025-07,Union Bank of India,Beneficiary,459.07,4.58,0.9976,0.0014,0.001,0.0024
2025-07,Airtel Payments Bank Limited,Beneficiary,457.82,4.52,0.988,0.0018,0.0102,0.012
2025-07,Canara Bank,Beneficiary,438.17,4.36,0.9958,0.003,0.0012,0.0042
2025-07,Punjab National Bank,Beneficiary,436.07,4.32,0.9912,0.0016,0.0071,0.0087
2025-07,Federal Bank Ltd.,Beneficiary,369.84,3.69,0.9975,0.0002,0.0022,0.0024
2025-07,Kotak Mahindra Bank,Beneficiary,361.38,3.57,0.9887,0.0006,0.0107,0.0113
2025-07,Indian Bank,Beneficiary,284.6,2.83,0.9933,0.0043,0.0024,0.0067
2025-07,India Post Payments Bank Limited,Beneficiary,282.13,2.79,0.9874,0.0013,0.0113,0.0126
2025-07,Bank Of India,Beneficiary,258.79,2.51,0.9707,0.0215,0.0079,0.0294
2025-07,Indusind Bank Ltd.,Beneficiary,179.93,1.79,0.9955,0.0011,0.0034,0.0045
2025-07,Indian Overseas Bank,Beneficiary,144.42,1.42,0.9824,0.0073,0.0103,0.0176
2025-07,Central Bank of India,Beneficiary,132.56,1.31,0.9884,0.0052,0.0064,0.0116
2025-07,UCO Bank,Beneficiary,115.41,1.15,0.9948,0.0018,0.0034,0.0052
2025-07,Unity Small Finance Bank Limited,Beneficiary,113.19,1.13,0.9997,0.0003,0,0.0003
2025-07,Fino Payments Bank Ltd.,Beneficiary,101.01,0.99,0.9825,0.0048,0.0127,0.0175
2025-07,RBL Bank Ltd.,Beneficiary,91.97,0.92,0.9973,0.0021,0.0007,0.0028
2025-07,IDBI Bank Ltd.,Beneficiary,87.99,0.88,0.995,0.0016,0.0034,0.005
2025-07,Bank of Maharashtra,Beneficiary,82.78,0.82,0.9958,0.0019,0.0023,0.0042
2025-07,Karnataka Bank,Beneficiary,62.4,0.62,0.9895,0.0079,0.0027,0.0106
2025-07,Tri O Tech Solutions Private Limited,Beneficiary,57.3,0.56,0.9857,0.0038,0.0105,0.0143
2025-07,The Jammu & Kashmir Bank Limited,Beneficiary,56.5,0.55,0.9755,0.0203,0.0042,0.0245
2025-07,NSDL Payments Bank Limited,Beneficiary,55.1,0.55,0.99,0.0025,0.0075,0.01
2025-07,One Mobikwik Systems Limited,Beneficiary,53.86,0.54,0.9992,0.0008,0,0.0008
2025-07,IDFC Bank Ltd.,Beneficiary,52.03,0.52,0.9901,0.0019,0.008,0.0099
2025-07,Bandhan Bank limited,Beneficiary,51.16,0.5,0.9854,0.0108,0.0038,0.0146
2025-07,Karur Vysya Bank,Beneficiary,45.38,0.45,0.9906,0.0068,0.0026,0.0094
2025-07,JIO Payments Bank Ltd,Beneficiary,45.16,0.44,0.9836,0.0066,0.0098,0.0164
2025-07,The South Indian Bank Limited,Beneficiary,44.96,0.45,0.9979,0.001,0.0012,0.0022
2025-07,Tamilnad Mercantile Bank Limited,Beneficiary,37.23,0.37,0.9819,0.0118,0.0063,0.0181
2025-07,Suryoday Small Finance Bank Limited,Beneficiary,34.9,0.34,0.987,0.0058,0.0072,0.013
2025-07,AU Small Finance Bank,Beneficiary,34.22,0.34,0.9893,0.0059,0.0047,0.0106
2025-07,City Union Bank,Beneficiary,31.46,0.31,0.9945,0.0016,0.0039,0.0055
2025-07,Kerala Gramin Bank,Beneficiary,28.55,0.28,0.9875,0.0085,0.004,0.0125
2025-07,Ujjivan Small Finance Bank Limited,Beneficiary,26.06,0.26,0.9889,0.0081,0.0029,0.011
2025-07,Punjab and Sind Bank,Beneficiary,25.51,0.25,0.9797,0.0091,0.0112,0.0203
2025-07,Baroda U.P. Bank,Beneficiary,22.44,0.22,0.986,0.0116,0.0024,0.014
2025-07,Citi Bank,Beneficiary,21.97,0.22,0.9975,0.0003,0.0021,0.0024
2025-07,Telangana Grameena Bank,Beneficiary,17.85,0.18,0.9909,0.0058,0.0033,0.0091
2025-07,Karnataka Gramin Bank,Beneficiary,16.21,0.16,0.9915,0.0049,0.0036,0.0085
2025-07,Maharashtra Gramin Bank,Beneficiary,15.56,0.15,0.9751,0.0223,0.0026,0.0249
2025-07,ESAF Small Finance Bank Ltd,Beneficiary,15.19,0.15,0.996,0.0008,0.0032,0.004
2025-07,Equitas Small Finance Bank,Beneficiary,14.56,0.14,0.9792,0.0007,0.0202,0.0209
2025-07,Andhra Pragathi Grameena Bank,Beneficiary,14.2,0.14,0.9632,0.0255,0.0112,0.0367
2025-07,Rajasthan Marudhara Gramin Bank,Beneficiary,14.07,0.14,0.9648,0.0204,0.0148,0.0352
2024-06,Yes Bank Ltd.,Beneficiary,5523.03,5521.93,99.98,0,0.02,0.02
2024-06,State Bank Of India,Beneficiary,1549.25,1545.53,99.76,0.14,0.1,0.24
2024-06,Axis Bank Ltd.,Beneficiary,1025.59,1024.36,99.88,0,0.12,0.12
2024-06,HDFC Bank Ltd.,Beneficiary,653.68,645.77,98.79,0.15,1.06,1.21
2024-06,ICICI Bank Ltd.,Beneficiary,624.6,621.48,99.5,0.02,0.48,0.5
2024-06,Bank of Baroda,Beneficiary,400.13,399.25,99.78,0.14,0.08,0.22
2024-06,Federal Bank,Beneficiary,383.4,382.44,99.75,0.03,0.23,0.26
2024-06,Union Bank of India,Beneficiary,351.85,350.86,99.72,0.17,0.11,0.28
2024-06,Punjab National Bank,Beneficiary,324.58,322.63,99.4,0.34,0.27,0.61
2024-06,Canara Bank,Beneficiary,301.47,297.55,98.7,0.36,0.94,1.3
2024-06,Kotak Mahindra Bank Ltd,Beneficiary,275.04,273.36,99.39,0.31,0.3,0.61
2024-06,Airtel Payments Bank Ltd,Beneficiary,251.18,248.52,98.94,0.72,0.34,1.06
2024-06,Indian Bank,Beneficiary,224.43,222.37,99.08,0.19,0.73,0.92
2024-06,Bank of India,Beneficiary,202.39,200.43,99.03,0.23,0.74,0.97
2024-06,India Post Payments Bank Ltd,Beneficiary,137.69,136.2,98.92,0.8,0.28,1.08
2024-06,IndusInd Bank Ltd.,Beneficiary,124.07,122.97,99.11,0.37,0.53,0.9
2024-06,Central Bank Of India,Beneficiary,93.75,91.42,97.52,1.02,1.46,2.48
2024-06,Indian Overseas Bank,Beneficiary,93.03,91.77,98.65,0.82,0.52,1.34
2024-06,UCO Bank,Beneficiary,87.05,86.3,99.14,0.2,0.66,0.86
2024-06,Fino Payments Bank Ltd.,Beneficiary,73.74,71,96.29,0.43,3.29,3.72
2024-06,IDBI Bank Ltd.,Beneficiary,66.26,65.76,99.24,0.4,0.36,0.76
2024-06,Bank of Maharashtra,Beneficiary,60.84,60.21,98.97,0.71,0.32,1.03
2024-06,Karnataka Bank Ltd,Beneficiary,47.71,46.99,98.5,0.37,1.13,1.5
2024-06,Karur Vysya Bank,Beneficiary,36.29,35.65,98.24,0.65,1.11,1.76
2024-06,RBL Bank Ltd.,Beneficiary,36.15,35.71,98.79,0.31,0.9,1.21
2024-06,IDFC First Bank Ltd,Beneficiary,35.42,34.98,98.75,0.04,1.21,1.25
2024-06,Bandhan Bank Ltd.,Beneficiary,35.19,34.71,98.64,0.99,0.37,1.36
2024-06,One Mobikwik Systems Pvt - Ltd,Beneficiary,35.03,35.01,99.93,0.04,0.02,0.06
2024-06,South Indian Bank,Beneficiary,34.18,33.8,98.89,0.03,1.08,1.11
2024-06,Jammu and Kashmir Bank,Beneficiary,33.89,33.57,99.05,0.58,0.37,0.95
2024-06,AU small Finance Bank,Beneficiary,26.37,26.11,99,0.01,0.99,1
2024-06,Tamilnad Mercantile Bank,Beneficiary,25.76,25.44,98.76,1.15,0.09,1.24
2024-06,Tri O Tech Solutions Private Ltd.,Beneficiary,25.21,24.33,96.49,0.09,3.43,3.52
2024-06,Ujjivan Small Finance Bank,Beneficiary,22.07,21.87,99.11,0.15,0.74,0.89
2024-06,City Union Bank,Beneficiary,21.49,21.02,97.81,0.15,2.04,2.19
2024-06,Punjab and Sind Bank,Beneficiary,16.82,16.62,98.79,0.22,0.99,1.21
2024-06,Kerala Gramin Bank,Beneficiary,15.64,15.44,98.75,0.36,0.89,1.25
2024-06,Cosmos Bank,Beneficiary,15.14,14.45,95.46,4.47,0.07,4.54
2024-06,Equitas Small Finance Bank Ltd,Beneficiary,13.81,13.5,97.75,0.91,1.34,2.25
2024-06,Andhra Pradesh Grameena Vikas Bank,Beneficiary,13.6,13.31,97.85,1.63,0.52,2.15
2024-06,Jio Payments Bank,Beneficiary,13.28,13.08,98.52,1.09,0.39,1.48
2024-06,Pragathi Krishna Gramin Bank,Beneficiary,12.98,12.74,98.17,0.83,0.99,1.82
2024-06,CITI bank,Beneficiary,11.72,11.71,99.93,0.07,0,0.07
2024-06,Baroda Uttar Pradesh Gramin Bank,Beneficiary,11.7,10.26,87.69,11.68,0.64,12.32
2024-06,Maharashtra Gramin Bank,Beneficiary,11.6,11.47,98.84,0.98,0.18,1.16
2024-06,Rajasthan Marudhara Gramin Bank,Beneficiary,11.14,11.01,98.79,0.76,0.46,1.22
2024-06,ESAF Small Finance Bank Ltd.,Beneficiary,10.88,10.72,98.5,0.08,1.42,1.5
2024-06,DBS Bank India Ltd.,Beneficiary,10.36,10.2,98.41,0.15,1.44,1.59
2024-06,Fincare Small Finance Bank Ltd,Beneficiary,9.22,8.8,95.48,0.35,4.17,4.52
2024-06,Andhra Pragathi Grameena Bank,Beneficiary,9.05,8.6,95.03,3.81,1.16,4.97
2025-06,Yes Bank Ltd.,Beneficiary,7527.12,75.26,0.9999,0,0.0001,0.0001
2025-06,Axis Bank Ltd.,Beneficiary,1842.48,18.33,0.9947,0.0043,0.001,0.0053
2025-06,State Bank of India,Beneficiary,1829.69,18.24,0.9971,0.002,0.0009,0.0029
2025-06,HDFC Bank Ltd.,Beneficiary,925.31,9.19,0.9936,0.0012,0.0052,0.0064
2025-06,ICICI Bank Ltd.,Beneficiary,587.6,5.85,0.9962,0.0003,0.0035,0.0038
2025-06,Bank of Baroda,Beneficiary,476.64,4.74,0.9952,0.0003,0.0045,0.0048
2025-06,Union Bank of India,Beneficiary,440.68,4.4,0.9985,0.0005,0.001,0.0015
2025-06,Airtel Payments Bank Limited,Beneficiary,437.39,4.33,0.9889,0.0021,0.009,0.0111
2025-06,Punjab National Bank,Beneficiary,419.47,4.18,0.9968,0.0003,0.0029,0.0032
2025-06,Canara Bank,Beneficiary,413.06,4.11,0.996,0.0028,0.0013,0.0041
2025-06,Federal Bank Ltd.,Beneficiary,369.76,3.69,0.9976,0.0003,0.0021,0.0024
2025-06,Kotak Mahindra Bank,Beneficiary,338.36,3.35,0.9886,0.0004,0.0111,0.0115
2025-06,Indian Bank,Beneficiary,269.49,2.69,0.9966,0.0014,0.002,0.0034
2025-06,India Post Payments Bank Limited,Beneficiary,259.53,2.56,0.9865,0.0027,0.0108,0.0135
2025-06,Bank Of India,Beneficiary,245.22,2.4,0.9779,0.0127,0.0095,0.0222
2025-06,Indusind Bank Ltd.,Beneficiary,164.6,1.63,0.9894,0.0071,0.0035,0.0106
2025-06,Indian Overseas Bank,Beneficiary,145.41,1.44,0.9921,0.0025,0.0054,0.0079
2025-06,Central Bank of India,Beneficiary,122.5,1.21,0.9911,0.0019,0.0069,0.0088
2025-06,UCO Bank,Beneficiary,108.71,1.08,0.9899,0.0063,0.0038,0.0101
2025-06,Fino Payments Bank Ltd.,Beneficiary,95,0.93,0.9797,0.006,0.0143,0.0203
2025-06,IDBI Bank Ltd.,Beneficiary,92.12,0.92,0.9952,0.0022,0.0026,0.0048
2025-06,Unity Small Finance Bank Limited,Beneficiary,90.73,0.91,0.9999,0,0,0
2025-06,Bank of Maharashtra,Beneficiary,79.48,0.79,0.9972,0.0005,0.0024,0.0029
2025-06,RBL Bank Ltd.,Beneficiary,76.22,0.76,0.9983,0.0011,0.0006,0.0017
2025-06,Karnataka Bank,Beneficiary,70.21,0.7,0.9931,0.0034,0.0035,0.0069
2025-06,The Jammu & Kashmir Bank Limited,Beneficiary,57.68,0.57,0.9916,0.0019,0.0065,0.0084
2025-06,Tri O Tech Solutions Private Limited,Beneficiary,52.11,0.51,0.9851,0.0058,0.0091,0.0149
2025-06,One Mobikwik Systems Limited,Beneficiary,50.43,0.5,0.9982,0.0018,0,0.0018
2025-06,NSDL Payments Bank Limited,Beneficiary,49.27,0.49,0.9904,0.0013,0.0083,0.0096
2025-06,Bandhan Bank limited,Beneficiary,48.61,0.48,0.9909,0.0053,0.0038,0.0091
2025-06,IDFC Bank Ltd.,Beneficiary,46.99,0.47,0.9897,0.0016,0.0087,0.0103
2025-06,Karur Vysya Bank,Beneficiary,43.07,0.43,0.9969,0.0009,0.0022,0.0031
2025-06,The South Indian Bank Limited,Beneficiary,42.13,0.42,0.9979,0.0009,0.0012,0.0021
2025-06,Tamilnad Mercantile Bank Limited,Beneficiary,35.79,0.36,0.9945,0.0014,0.0041,0.0055
2025-06,JIO Payments Bank Ltd,Beneficiary,35.29,0.35,0.987,0.0048,0.0082,0.013
2025-06,AU Small Finance Bank,Beneficiary,32.26,0.32,0.9941,0.0002,0.0057,0.0059
2025-06,City Union Bank,Beneficiary,29.81,0.3,0.9935,0.0027,0.0037,0.0064
2025-06,Kerala Gramin Bank,Beneficiary,25.46,0.25,0.9892,0.0078,0.003,0.0108
2025-06,Ujjivan Small Finance Bank Limited,Beneficiary,25.02,0.25,0.9954,0.0024,0.0022,0.0046
2025-06,Punjab and Sind Bank,Beneficiary,24.81,0.24,0.9711,0.0098,0.0191,0.0289
2025-06,Suryoday Small Finance Bank Limited,Beneficiary,23.83,0.24,0.9881,0.0016,0.0103,0.0119
2025-06,Baroda U.P. Bank,Beneficiary,21.16,0.21,0.99,0.0077,0.0023,0.01
2025-06,Citi Bank,Beneficiary,20.77,0.21,0.9963,0.0002,0.0035,0.0037
2025-06,Telangana Grameena Bank,Beneficiary,17.75,0.18,0.9904,0.0046,0.005,0.0096
2025-06,Karnataka Gramin Bank,Beneficiary,15.53,0.15,0.978,0.0166,0.0054,0.022
2025-06,Maharashtra Gramin Bank,Beneficiary,14.58,0.14,0.9704,0.0284,0.0012,0.0296
2025-06,ESAF Small Finance Bank Ltd,Beneficiary,14.24,0.14,0.9963,0.001,0.0027,0.0037
2025-06,Andhra Pragathi Grameena Bank,Beneficiary,13.91,0.13,0.9243,0.0646,0.0111,0.0757
2025-06,Equitas Small Finance Bank,Beneficiary,13.46,0.13,0.98,0.0012,0.0187,0.0199
2025-06,Rajasthan Marudhara Gramin Bank,Beneficiary,13.03,0.13,0.9816,0.0031,0.0153,0.0184
2026-06,Yes Bank Ltd.,Beneficiary,9375.26,9374.32,99.99,0,0,0
2026-06,Axis Bank Ltd.,Beneficiary,2384.43,2381.57,99.88,0,0.12,0.12
2026-06,State Bank of India,Beneficiary,2245.46,2236.25,99.59,0.22,0.19,0.41
2026-06,HDFC Bank Ltd.,Beneficiary,1081.79,1079.19,99.76,0.01,0.23,0.24
2026-06,Bank of Baroda,Beneficiary,615.44,609.29,99,0.52,0.48,1
2026-06,Punjab National Bank,Beneficiary,561.06,551.91,98.37,1.25,0.38,1.63
2026-06,Union Bank of India,Beneficiary,543.66,542.19,99.73,0.13,0.14,0.27
2026-06,Canara Bank,Beneficiary,516.05,514.66,99.73,0.06,0.2,0.26
2026-06,Airtel Payments Bank Limited,Beneficiary,502.3,474.82,94.53,0.07,5.4,5.47
2026-06,Kotak Mahindra Bank,Beneficiary,459.42,456.16,99.29,0.01,0.7,0.71
2026-06,ICICI Bank Ltd.,Beneficiary,441.77,439.87,99.57,0.03,0.4,0.43
2026-06,India Post Payments Bank Limited,Beneficiary,377.75,374.35,99.1,0.11,0.78,0.89
2026-06,Federal Bank Ltd.,Beneficiary,362.31,361.62,99.81,0.01,0.18,0.19
2026-06,Indian Bank,Beneficiary,310.22,308.3,99.38,0.22,0.4,0.62
2026-06,Bank Of India,Beneficiary,300.17,296.48,98.77,0.27,0.96,1.23
2026-06,Unity Small Finance Bank Limited,Beneficiary,232.38,232.31,99.97,0.02,0.01,0.03
2026-06,Indusind Bank Ltd.,Beneficiary,192.31,191.21,99.43,0.03,0.54,0.57
2026-06,Central Bank of India,Beneficiary,180.79,178.2,98.57,0.77,0.65,1.42
2026-06,Indian Overseas Bank,Beneficiary,178.92,176.72,98.77,0.81,0.42,1.23
2026-06,UCO Bank,Beneficiary,138.33,137.79,99.61,0.08,0.31,0.39
2026-06,NSDL Payments Bank Limited,Beneficiary,121.91,118.22,96.97,0.5,2.53,3.03
2026-06,Bank of Maharashtra,Beneficiary,89.35,88.05,98.54,0.31,1.15,1.46
2026-06,IDBI Bank Ltd.,Beneficiary,85.81,85.19,99.28,0.18,0.54,0.72
2026-06,Tri O Tech Solutions Private Limited,Beneficiary,85.17,84.57,99.3,0.01,0.69,0.7
2026-06,Fino Payments Bank Ltd.,Beneficiary,81.62,77.46,94.9,0.56,4.54,5.1
2026-06,JIO PAYMENTS BANK LTD,Beneficiary,79.95,78.12,97.71,0.14,2.15,2.29
2026-06,The Jammu & Kashmir Bank Limited,Beneficiary,67.57,66.98,99.13,0.04,0.83,0.87
2026-06,Karnataka Bank,Beneficiary,64.88,64.63,99.62,0.1,0.28,0.38
2026-06,One Mobikwik Systems Limited,Beneficiary,61.79,61.66,99.79,0.2,0.01,0.21
2026-06,BANDHAN BANK LIMITED,Beneficiary,58.67,58.43,99.59,0.19,0.22,0.41
2026-06,Karur Vysya Bank,Beneficiary,58.23,58.02,99.64,0.21,0.15,0.36
2026-06,RBL Bank Ltd.,Beneficiary,56.62,56.51,99.8,0.11,0.09,0.2
2026-06,IDFC Bank Ltd.,Beneficiary,55.83,55.13,98.74,0.06,1.2,1.26
2026-06,The South Indian Bank Limited,Beneficiary,51.37,51.27,99.81,0.03,0.16,0.19
2026-06,Baroda U.P. Bank,Beneficiary,48.71,47.21,96.92,2.74,0.34,3.08
2026-06,Slice Small Finance Bank,Beneficiary,41.67,38.55,92.51,3.7,3.79,7.49
2026-06,Tamilnad Mercantile Bank Limited,Beneficiary,41.63,40.81,98.04,1.18,0.79,1.97
2026-06,AU small Finance Bank,Beneficiary,39.82,39.54,99.3,0.16,0.54,0.7
2026-06,KERALA GRAMIN BANK,Beneficiary,33.43,33.16,99.18,0.65,0.17,0.82
2026-06,City Union Bank,Beneficiary,31.27,31.06,99.33,0.27,0.39,0.66
2026-06,Punjab and Sind Bank,Beneficiary,29.82,28.8,96.58,2.92,0.5,3.42
2026-06,UJJIVAN SMALL FINANCE BANK LIMITED,Beneficiary,29.34,29.22,99.6,0.15,0.24,0.39
2026-06,Karnataka Gramin Bank,Beneficiary,27.78,27.4,98.62,1,0.38,1.38
2026-06,Rajasthan Marudhara Gramin Bank,Beneficiary,27.76,27.49,99.01,0.4,0.59,0.99
2026-06,CHAITANYA GODAVARI GRAMEENA BANK,Beneficiary,24.25,24.09,99.36,0.09,0.55,0.64
2026-06,TELANGANA GRAMEENA BANK,Beneficiary,23.07,22.54,97.7,2.05,0.25,2.3
2026-06,CITIBANK CORPORATE,Beneficiary,21.5,21.3,99.06,0.34,0.6,0.94
2026-06,Maharashtra Gramin Bank,Beneficiary,18.4,18.05,98.08,1.75,0.18,1.93
2026-06,ESAF SMALL FINANCE BANK LTD,Beneficiary,17.1,16.81,98.28,1.57,0.15,1.72
2026-06,JANA SMALL FINANCE BANK LTD,Beneficiary,16.97,16.86,99.36,0.39,0.26,0.65
2024-03,Yes Bank Ltd,Beneficiary,2638.46,2636.61,99.93,0.04,0.04,0.08
2024-03,Paytm Payments Bank,Beneficiary,2490.22,2485.99,99.83,0.02,0.16,0.18
2024-03,State Bank Of India,Beneficiary,1524.71,1518.46,99.59,0.28,0.13,0.41
2024-03,Axis Bank Ltd.,Beneficiary,1230.7,1229.35,99.89,0,0.11,0.11
2024-03,ICICI Bank,Beneficiary,647.55,644.64,99.55,0.05,0.4,0.45
2024-03,HDFC BANK LTD,Beneficiary,643.37,635.59,98.79,0.02,1.19,1.21
2024-03,Bank of Baroda,Beneficiary,372.75,371.11,99.56,0.13,0.31,0.44
2024-03,Federal Bank,Beneficiary,370.03,368.62,99.62,0.11,0.28,0.39
2024-03,Union Bank of India,Beneficiary,357.49,353.95,99.01,0.86,0.13,0.99
2024-03,Punjab National Bank,Beneficiary,312.24,310.83,99.55,0.11,0.34,0.45
2024-03,Canara Bank,Beneficiary,303.29,297.41,98.06,0.35,1.6,1.95
2024-03,Kotak Mahindra Bank,Beneficiary,283.32,282.07,99.56,0.06,0.38,0.44
2024-03,Airtel Payments Bank,Beneficiary,231.8,230.73,99.54,0.19,0.28,0.47
2024-03,Indian Bank,Beneficiary,225.26,222.85,98.93,0.12,0.95,1.07
2024-03,Bank of India,Beneficiary,197.83,196.92,99.54,0.26,0.2,0.46
2024-03,INDUSIND BANK,Beneficiary,131.65,130.6,99.2,0.36,0.45,0.81
2024-03,India Post Payment Bank,Beneficiary,131.52,125.22,95.21,4.38,0.41,4.79
2024-03,Central Bank Of India,Beneficiary,93.29,91.55,98.14,1.46,0.4,1.86
2024-03,Indian Overseas Bank,Beneficiary,87.87,85.89,97.75,1.78,0.47,2.25
2024-03,UCO Bank,Beneficiary,84,82.88,98.67,0.48,0.85,1.33
2024-03,IDBI Bank Limited,Beneficiary,65.49,64.27,98.13,1.13,0.74,1.87
2024-03,Fino Payments Bank Limited,Beneficiary,63.82,61.27,96,1.17,2.83,4
2024-03,Bank of Maharashtra,Beneficiary,61.24,58.77,95.97,3.84,0.19,4.03
2024-03,RBL Bank Limited,Beneficiary,49.38,46.46,94.08,2.96,2.96,5.92
2024-03,Karnataka Bank,Beneficiary,46.73,45.66,97.72,0.82,1.46,2.28
2024-03,IDFC FIRST Bank,Beneficiary,36.02,35.32,98.06,0.23,1.71,1.94
2024-03,Karur Vysya Bank,Beneficiary,35.22,34.37,97.58,1.21,1.21,2.42
2024-03,Bandhan Bank,Beneficiary,32.36,31.91,98.6,1.14,0.26,1.4
2024-03,South Indian Bank,Beneficiary,32.16,31.54,98.07,0.06,1.87,1.93
2024-03,AU small Finance Bank,Beneficiary,30.19,29.03,96.15,0.89,2.96,3.85
2024-03,Jammu and Kashmir Bank,Beneficiary,25.44,25.18,98.96,0.26,0.78,1.04
2024-03,Tamilnad Mercantile Bank,Beneficiary,24.37,23.96,98.31,1.59,0.1,1.69
2024-03,Tri O Tech Solutions Private Limited,Beneficiary,22.15,21.12,95.35,0.06,4.6,4.66
2024-03,Ujjivan Small Finance Bank,Beneficiary,21.74,21.46,98.73,0.16,1.12,1.28
2024-03,City Union Bank,Beneficiary,21.21,20.7,97.61,0.28,2.12,2.4
2024-03,Punjab and Sind Bank,Beneficiary,16.2,15.54,95.93,2.81,1.26,4.07
2024-03,Kerala Gramin Bank,Beneficiary,15.07,14.96,99.27,0.45,0.28,0.73
2024-03,Equitas Bank,Beneficiary,14.44,14.07,97.44,0.28,2.28,2.56
2024-03,Andhra Pradesh Grameena Vikas Bank,Beneficiary,13.56,13.22,97.46,1.89,0.65,2.54
2024-03,Pragathi Krishna Gramin Bank,Beneficiary,12.98,12.79,98.57,1.04,0.39,1.43
2024-03,DBS Bank India Limited,Beneficiary,12.36,12.09,97.79,0.46,1.75,2.21
2024-03,Maharashtra Gramin Bank,Beneficiary,11.89,11.78,99.11,0.54,0.35,0.89
2024-03,Rajasthan Marudhara Gramin Bank,Beneficiary,11.79,11.41,96.75,2.77,0.47,3.24
2024-03,Citibank,Beneficiary,11.77,11.75,99.86,0.14,0,0.14
2024-03,Jio Payments Bank,Beneficiary,11.55,11.43,98.96,0.45,0.59,1.04
2024-03,Baroda UP Gramin Bank,Beneficiary,11.16,9.91,88.76,10.54,0.7,11.24
2024-03,ESAF Small Finance Bank Ltd.,Beneficiary,10.73,10.64,99.17,0.72,0.11,0.83
2024-03,Andhra Pragathi Grameena Bank,Beneficiary,9.12,8.88,97.42,1.9,0.68,2.58
2024-03,Sarva Haryana Gramin Bank,Beneficiary,7.84,7.78,99.22,0.34,0.43,0.77
2024-03,Saraswat Bank,Beneficiary,7.84,7.61,97.1,0.27,2.64,2.91
2025-03,Yes Bank Ltd.,Beneficiary,7307.36,73.06,0.9998,0.0001,0.0001,0.0002
2025-03,Axis Bank Ltd.,Beneficiary,1899.35,18.94,0.997,0.0014,0.0017,0.0031
2025-03,State Bank of India,Beneficiary,1859.07,18.43,0.9914,0.0075,0.001,0.0085
2025-03,HDFC Bank Ltd.,Beneficiary,876.97,8.7,0.9925,0.0005,0.007,0.0075
2025-03,ICICI Bank Ltd.,Beneficiary,611.58,6.1,0.9967,0.0009,0.0024,0.0033
2025-03,Bank of Baroda,Beneficiary,492.7,4.92,0.9988,0.0005,0.0007,0.0012
2025-03,Union Bank of India,Beneficiary,458.94,4.58,0.9986,0.0004,0.001,0.0014
2025-03,Canara Bank,Beneficiary,440.1,4.39,0.9968,0.0012,0.002,0.0032
2025-03,Airtel Payments Bank Limited,Beneficiary,419.54,4.15,0.9888,0.0021,0.0091,0.0112
2025-03,Punjab National Bank,Beneficiary,419.12,4.17,0.9943,0.0027,0.0029,0.0056
2025-03,Federal Bank Ltd.,Beneficiary,407.79,4.07,0.9975,0.0008,0.0017,0.0025
2025-03,Kotak Mahindra Bank,Beneficiary,354.55,3.51,0.9889,0.0002,0.0109,0.0111
2025-03,Indian Bank,Beneficiary,272.99,2.72,0.9947,0.002,0.0033,0.0053
2025-03,Bank Of India,Beneficiary,256.53,2.53,0.9853,0.0046,0.0102,0.0148
2025-03,India Post Payments Bank Limited,Beneficiary,248.71,2.45,0.9859,0.0035,0.0106,0.0141
2025-03,Indusind Bank Ltd.,Beneficiary,176,1.75,0.996,0.0011,0.003,0.0041
2025-03,Indian Overseas Bank,Beneficiary,144.84,1.44,0.9928,0.0025,0.0048,0.0073
2025-03,Central Bank of India,Beneficiary,123.4,1.23,0.993,0.0015,0.0055,0.007
2025-03,Fino Payments Bank Ltd.,Beneficiary,109.36,1.05,0.9601,0.0018,0.0381,0.0399
2025-03,UCO Bank,Beneficiary,109.28,1.09,0.9934,0.0012,0.0054,0.0066
2025-03,IDBI Bank Ltd.,Beneficiary,98.38,0.98,0.997,0.0004,0.0025,0.0029
2025-03,Bank of Maharashtra,Beneficiary,93.68,0.93,0.9947,0.0025,0.0028,0.0053
2025-03,RBL Bank Ltd.,Beneficiary,85.36,0.85,0.9933,0.0058,0.0009,0.0067
2025-03,Karnataka Bank,Beneficiary,69.07,0.68,0.9914,0.0056,0.003,0.0086
2025-03,One Mobikwik Systems Limited,Beneficiary,51.92,0.52,0.9995,0.0004,0,0.0004
2025-03,The Jammu & Kashmir Bank Limited,Beneficiary,51.57,0.51,0.9901,0.0055,0.0043,0.0098
2025-03,Bandhan Bank limited,Beneficiary,48.45,0.47,0.9722,0.0245,0.0033,0.0278
2025-03,IDFC Bank Ltd.,Beneficiary,45.9,0.45,0.9891,0.0005,0.0105,0.011
2025-03,Karur Vysya Bank,Beneficiary,44.17,0.44,0.9946,0.0026,0.0028,0.0054
2025-03,Tri O Tech Solutions Private Limited,Beneficiary,43.48,0.42,0.9767,0.0002,0.0231,0.0233
2025-03,The South Indian Bank Limited,Beneficiary,43.07,0.43,0.9978,0.0009,0.0013,0.0022
2025-03,Unity Small Finance Bank Limited,Beneficiary,41.03,0.41,0.9996,0.0003,0.0001,0.0004
2025-03,Tamilnad Mercantile Bank Limited,Beneficiary,37.74,0.37,0.9934,0.0054,0.0012,0.0066
2025-03,AU Small Finance Bank,Beneficiary,34.42,0.34,0.9944,0.0004,0.0052,0.0056
2025-03,NSDL Payments Bank Limited,Beneficiary,32.6,0.31,0.9645,0.0272,0.0083,0.0355
2025-03,City Union Bank,Beneficiary,30.84,0.31,0.9927,0.0016,0.0057,0.0073
2025-03,JIO Payments Bank Ltd,Beneficiary,27.71,0.26,0.9542,0.0375,0.0082,0.0457
2025-03,Punjab and Sind Bank,Beneficiary,26.55,0.26,0.9687,0.0066,0.0247,0.0313
2025-03,Ujjivan Small Finance Bank Limited,Beneficiary,26.53,0.26,0.9932,0.0045,0.0023,0.0068
2025-03,Kerala Gramin Bank,Beneficiary,24.7,0.24,0.9887,0.0097,0.0016,0.0113
2025-03,Citi Bank,Beneficiary,22.11,0.22,0.9963,0.0006,0.0031,0.0037
2025-03,Suryoday Small Finance Bank Limited,Beneficiary,21.22,0.21,0.979,0.0095,0.0114,0.0209
2025-03,Baroda U.P. Bank,Beneficiary,20.99,0.2,0.9737,0.0238,0.0025,0.0263
2025-03,Telangana Grameena Bank,Beneficiary,16.74,0.16,0.9758,0.0178,0.0064,0.0242
2025-03,Karnataka Gramin Bank,Beneficiary,16.25,0.16,0.9926,0.0058,0.0016,0.0074
2025-03,Maharashtra Gramin Bank,Beneficiary,15.36,0.15,0.9835,0.0147,0.0018,0.0165
2025-03,Equitas Small Finance Bank,Beneficiary,14.84,0.15,0.9788,0.0046,0.0166,0.0212
2025-03,ESAF Small Finance Bank Ltd,Beneficiary,14.74,0.14,0.9616,0.0366,0.0018,0.0384
2025-03,Rajasthan Marudhara Gramin Bank,Beneficiary,13.49,0.13,0.9497,0.0118,0.0385,0.0503
2025-03,Andhra Pragathi Grameena Bank,Beneficiary,13.42,0.13,0.9761,0.021,0.0029,0.0239
2026-03,Yes Bank Ltd.,Beneficiary,9194.26,9193.34,99.99,0,0,0
2026-03,Axis Bank Ltd.,Beneficiary,2395.49,2391.9,99.85,0,0.15,0.15
2026-03,State Bank Of India,Beneficiary,2278.68,2272.76,99.74,0.07,0.18,0.25
2026-03,Hdfc Bank Ltd.,Beneficiary,1083.7,1076.11,99.3,0.01,0.69,0.7
2026-03,Bank Of Baroda,Beneficiary,623.77,619.65,99.34,0.08,0.58,0.66
2026-03,Union Bank Of India,Beneficiary,547.72,545.53,99.6,0.28,0.11,0.39
2026-03,Airtel Payments Bank Limited,Beneficiary,541.84,511.01,94.31,0.18,5.51,5.69
2026-03,Canara Bank,Beneficiary,529.58,528.04,99.71,0.12,0.17,0.29
2026-03,Punjab National Bank,Beneficiary,526.72,524.82,99.64,0.03,0.32,0.35
2026-03,Kotak Mahindra Bank,Beneficiary,460.68,457.13,99.23,0.16,0.61,0.77
2026-03,Icici Bank Ltd.,Beneficiary,445.37,442.74,99.41,0.2,0.39,0.59
2026-03,Federal Bank Ltd.,Beneficiary,393.52,392.46,99.73,0.1,0.18,0.28
2026-03,India Post Payments Bank Limited,Beneficiary,392.7,383.28,97.6,0.24,2.16,2.4
2026-03,Indian Bank,Beneficiary,337.21,336.64,99.83,0.06,0.11,0.17
2026-03,Bank Of India,Beneficiary,305.48,300.01,98.21,0.55,1.24,1.79
2026-03,Indusind Bank Ltd.,Beneficiary,190.51,189.73,99.59,0.1,0.31,0.41
2026-03,Unity Small Finance Bank Limited,Beneficiary,180.27,178.2,98.85,1.1,0.05,1.15
2026-03,Central Bank Of India,Beneficiary,177.66,175.4,98.73,0.65,0.62,1.27
2026-03,Indian Overseas Bank,Beneficiary,172.5,171.98,99.7,0.02,0.28,0.3
2026-03,Uco Bank,Beneficiary,137.84,137.1,99.46,0.11,0.44,0.55
2026-03,Nsdl Payments Bank Limited,Beneficiary,131.73,127.65,96.9,0.48,2.62,3.1
2026-03,Jio Payments Bank Ltd,Beneficiary,95.31,93.21,97.8,0.16,2.04,2.2
2026-03,Bank Of Maharashtra,Beneficiary,93.4,91.73,98.21,0.32,1.47,1.79
2026-03,Idbi Bank Ltd.,Beneficiary,88.75,87.41,98.49,1.03,0.48,1.51
2026-03,Fino Payments Bank Ltd.,Beneficiary,83.77,79.96,95.45,0.2,4.35,4.55
2026-03,Tri O Tech Solutions Private Limited,Beneficiary,77.31,75.51,97.67,0,2.33,2.33
2026-03,Karnataka Bank,Beneficiary,66.46,66.17,99.57,0.17,0.26,0.43
2026-03,Bandhan Bank Limited,Beneficiary,62.21,61.69,99.17,0.61,0.22,0.83
2026-03,Idfc Bank Ltd.,Beneficiary,59.09,58.25,98.57,0.08,1.34,1.42
2026-03,The Jammu & Kashmir Bank Limited,Beneficiary,57.86,57.26,98.96,0.14,0.91,1.05
2026-03,One Mobikwik Systems Limited,Beneficiary,57.43,57.22,99.63,0.37,0.01,0.38
2026-03,Rbl Bank Ltd.,Beneficiary,52.38,52.28,99.81,0.1,0.1,0.2
2026-03,The South Indian Bank Limited,Beneficiary,51.86,51.74,99.76,0.05,0.2,0.25
2026-03,Karur Vysya Bank,Beneficiary,51.71,51.55,99.69,0.13,0.17,0.3
2026-03,Baroda U.P. Bank,Beneficiary,45.83,42.72,93.21,6.55,0.25,6.8
2026-03,Tamilnad Mercantile Bank Limited,Beneficiary,41.72,41.11,98.54,0.58,0.88,1.46
2026-03,Au Small Finance Bank,Beneficiary,39.84,39.43,98.97,0.06,0.97,1.03
2026-03,Suryoday Small Finance Bank Limited,Beneficiary,39.12,38.2,97.64,0.07,2.29,2.36
2026-03,Slice Small Finance Bank Limited,Beneficiary,33.12,30.11,90.9,0.45,8.65,9.1
2026-03,Kerala Gramin Bank,Beneficiary,32.47,32.38,99.71,0.13,0.16,0.29
2026-03,City Union Bank,Beneficiary,31.92,31.27,97.96,0.42,1.62,2.04
2026-03,Ujjivan Small Finance Bank Limited,Beneficiary,29.71,29.62,99.69,0.12,0.18,0.3
2026-03,Punjab And Sind Bank,Beneficiary,29.59,29.31,99.04,0.25,0.71,0.96
2026-03,Karnataka Gramin Bank,Beneficiary,27.85,27.54,98.89,0.78,0.33,1.11
2026-03,Rajasthan Marudhara Gramin Bank,Beneficiary,26.15,26.01,99.45,0.1,0.45,0.55
2026-03,Chaitanya Godavari Grameena Bank,Beneficiary,23.6,23.31,98.75,0.82,0.43,1.25
2026-03,Citibank Corporate,Beneficiary,23.58,23.43,99.35,0.09,0.56,0.65
2026-03,Telangana Grameena Bank,Beneficiary,23.1,22.77,98.56,1.25,0.2,1.45
2026-03,Maharashtra Gramin Bank,Beneficiary,18.53,17.96,96.9,2.84,0.26,3.1
2026-03,Esaf Small Finance Bank Ltd,Beneficiary,17.13,17.01,99.29,0.52,0.19,0.71
2024-05,Yes Bank Ltd,Beneficiary,5597.32,5595.08,99.96,0.02,0.02,0.04
2024-05,State Bank of India,Beneficiary,1589.47,1585.66,99.76,0.15,0.1,0.25
2024-05,Axis Bank Ltd,Beneficiary,1290.76,1289.21,99.88,0,0.11,0.11
2024-05,HDFC Bank Ltd,Beneficiary,652.69,645.18,98.85,0.06,1.1,1.16
2024-05,ICICI Bank,Beneficiary,633.5,631.03,99.61,0.02,0.37,0.39
2024-05,Bank of Baroda,Beneficiary,400.48,397.72,99.31,0.45,0.25,0.7
2024-05,Federal Bank,Beneficiary,391.25,388.75,99.36,0.41,0.24,0.65
2024-05,Union Bank Of India,Beneficiary,356.69,354.76,99.46,0.43,0.11,0.54
2024-05,Punjab national Bank,Beneficiary,326.47,324.38,99.36,0.36,0.29,0.65
2024-05,Canara Bank,Beneficiary,305.13,298.97,97.98,0.87,1.15,2.02
2024-05,Kotak Mahindra Bank,Beneficiary,285.74,283.65,99.27,0.29,0.44,0.73
2024-05,Airtel Payments Bank,Beneficiary,264.42,262.86,99.41,0.35,0.25,0.6
2024-05,Indian Bank,Beneficiary,230.91,227.38,98.47,0.22,1.32,1.54
2024-05,Bank Of India,Beneficiary,203.54,199.63,98.08,1.1,0.82,1.92
2024-05,India Post Payment Bank,Beneficiary,136.48,135.65,99.39,0.33,0.28,0.61
2024-05,Indusind Bank,Beneficiary,127.61,126.74,99.32,0.19,0.49,0.68
2024-05,Central Bank of India,Beneficiary,94.86,93.6,98.67,0.77,0.57,1.34
2024-05,Indian Overseas Bank,Beneficiary,93.82,92.76,98.87,0.24,0.89,1.13
2024-05,UCO Bank,Beneficiary,87.25,86.58,99.23,0.05,0.71,0.76
2024-05,Fino Payments Bank Limited,Beneficiary,72.06,69.62,96.62,0.19,3.19,3.38
2024-05,IDBI Bank Limited,Beneficiary,67.45,67.19,99.62,0.07,0.31,0.38
2024-05,Bank of Maharashtra,Beneficiary,62.25,60.68,97.48,2.34,0.18,2.52
2024-05,Karnataka Bank,Beneficiary,48.13,47.32,98.31,0.3,1.4,1.7
2024-05,RBL Bank LTD,Beneficiary,45.73,44.99,98.38,0.23,1.39,1.62
2024-05,IDFC First Bank,Beneficiary,36.08,35.63,98.76,0.07,1.17,1.24
2024-05,Karur Vysya Bank,Beneficiary,35.56,35.07,98.62,0.16,1.22,1.38
2024-05,Bandhan Bank,Beneficiary,35.28,34.55,97.94,1.65,0.41,2.06
2024-05,South Indian Bank,Beneficiary,34.01,33.59,98.76,0.09,1.15,1.24
2024-05,Jammu and Kashmir Bank,Beneficiary,32.79,32.53,99.2,0.35,0.45,0.8
2024-05,ONE MOBIKWIK SYSTEMS LIMITED,Beneficiary,31.71,31.7,99.96,0.03,0.02,0.05
2024-05,AU small Finance Bank,Beneficiary,27.89,27.3,97.9,0.57,1.53,2.1
2024-05,Tamilnad Mercantile Bank,Beneficiary,25.26,25.15,99.55,0.36,0.09,0.45
2024-05,Tri O Tech Solutions Private Limited,Beneficiary,24.56,23.59,96.07,0.13,3.8,3.93
2024-05,Ujjivan Small Finance Bank,Beneficiary,22.36,22.08,98.74,0.37,0.89,1.26
2024-05,City Union Bank,Beneficiary,21.65,21.16,97.73,0.27,2,2.27
2024-05,Punjab and Sind Bank,Beneficiary,16.69,16.47,98.68,0.3,1.02,1.32
2024-05,Kerala Gramin Bank,Beneficiary,15.56,15.27,98.12,0.91,0.97,1.88
2024-05,Equitas Small Finance Bank,Beneficiary,14.39,14.17,98.49,0.19,1.32,1.51
2024-05,Andhra Pradesh Grameena Vikas Bank,Beneficiary,13.89,13.73,98.87,0.67,0.45,1.12
2024-05,Jio Payments Bank,Beneficiary,13.39,13.26,99.05,0.46,0.5,0.96
2024-05,Pragathi Krishna Gramin Bank,Beneficiary,13.28,12.92,97.27,1.56,1.18,2.74
2024-05,Maharashtra Gramin Bank,Beneficiary,12.25,11.96,97.65,2.01,0.35,2.36
2024-05,CITI Bank,Beneficiary,12.1,12.07,99.79,0.21,0,0.21
2024-05,Rajasthan Marudhara Gramin Bank,Beneficiary,12.01,11.73,97.7,1.88,0.42,2.3
2024-05,Baroda Uttar Pradesh Gramin Bank,Beneficiary,11.53,10.43,90.43,8.96,0.62,9.58
2024-05,The Cosmos Co-Operative Bank Ltd,Beneficiary,11.39,11.13,97.72,2.2,0.09,2.29
2024-05,DBS Bank India Limited,Beneficiary,11.22,10.94,97.51,0.92,1.57,2.49
2024-05,ESAF Small Finance Bank Ltd.,Beneficiary,11.1,11.07,99.73,0.08,0.19,0.27
2024-05,Fincare Small Finance Bank Ltd,Beneficiary,10.07,9.71,96.43,0.41,3.15,3.56
2024-05,Andhra Pragathi Grameena Bank,Beneficiary,9.22,8.95,97.03,2.1,0.88,2.98
2025-05,Yes Bank Ltd.,Beneficiary,7569.54,75.69,0.9999,0,0.0001,0.0001
2025-05,Axis Bank Ltd.,Beneficiary,1893.85,18.93,0.9995,0,0.0004,0.0004
2025-05,State Bank of India,Beneficiary,1851.45,18.47,0.9977,0.0014,0.0009,0.0023
2025-05,HDFC Bank Ltd.,Beneficiary,931.57,9.26,0.9941,0.0005,0.0054,0.0059
2025-05,ICICI Bank Ltd.,Beneficiary,602.95,6.02,0.9977,0.0003,0.002,0.0023
2025-05,Bank of Baroda,Beneficiary,488.55,4.88,0.9987,0.0006,0.0006,0.0012
2025-05,Union Bank of India,Beneficiary,451.96,4.52,0.999,0.0002,0.0009,0.0011
2025-05,Punjab National Bank,Beneficiary,428.8,4.27,0.9962,0.0013,0.0025,0.0038
2025-05,Airtel Payments Bank Limited,Beneficiary,423.33,4.19,0.9893,0.0022,0.0085,0.0107
2025-05,Canara Bank,Beneficiary,418.99,4.18,0.9981,0.0007,0.0012,0.0019
2025-05,Federal Bank Ltd.,Beneficiary,392.98,3.92,0.9979,0.0003,0.0018,0.0021
2025-05,Kotak Mahindra Bank,Beneficiary,359.3,3.55,0.9894,0.0014,0.0092,0.0106
2025-05,Indian Bank,Beneficiary,274.77,2.73,0.9942,0.0031,0.0027,0.0058
2025-05,India Post Payments Bank Limited,Beneficiary,257.72,2.54,0.9852,0.0047,0.0101,0.0148
2025-05,Bank Of India,Beneficiary,250.87,2.46,0.982,0.0086,0.0094,0.018
2025-05,Indusind Bank Ltd.,Beneficiary,176.4,1.76,0.9954,0.0018,0.0028,0.0046
2025-05,Indian Overseas Bank,Beneficiary,148.53,1.48,0.9942,0.0014,0.0044,0.0058
2025-05,Central Bank of India,Beneficiary,123.28,1.22,0.9908,0.0037,0.0056,0.0093
2025-05,UCO Bank,Beneficiary,110.33,1.1,0.9941,0.0017,0.0042,0.0059
2025-05,RBL Bank Ltd.,Beneficiary,101.36,1.01,0.9963,0.0032,0.0005,0.0037
2025-05,Fino Payments Bank Ltd.,Beneficiary,100.21,0.98,0.9822,0.0013,0.0165,0.0178
2025-05,IDBI Bank Ltd.,Beneficiary,96.22,0.96,0.994,0.0037,0.0024,0.0061
2025-05,Bank of Maharashtra,Beneficiary,86.07,0.86,0.9947,0.0011,0.0042,0.0053
2025-05,Unity Small Finance Bank Limited,Beneficiary,75.73,0.76,1,0,0,0
2025-05,Karnataka Bank,Beneficiary,74.49,0.74,0.9937,0.0032,0.0031,0.0063
2025-05,The Jammu & Kashmir Bank Limited,Beneficiary,53.93,0.53,0.9892,0.0037,0.0071,0.0108
2025-05,One Mobikwik Systems Limited,Beneficiary,52.33,0.52,0.9993,0.0007,0,0.0007
2025-05,NSDL Payments Bank Limited,Beneficiary,50.9,0.51,0.9949,0.0013,0.0038,0.0051
2025-05,Tri O Tech Solutions Private Limited,Beneficiary,50.44,0.5,0.9903,0.0002,0.0095,0.0097
2025-05,Bandhan Bank limited,Beneficiary,49.45,0.49,0.9937,0.0026,0.0037,0.0063
2025-05,IDFC Bank Ltd.,Beneficiary,46.74,0.46,0.9883,0.0007,0.011,0.0117
2025-05,Karur Vysya Bank,Beneficiary,43.15,0.43,0.9967,0.0012,0.0022,0.0034
2025-05,The South Indian Bank Limited,Beneficiary,42.94,0.43,0.9987,0.0001,0.0012,0.0013
2025-05,Tamilnad Mercantile Bank Limited,Beneficiary,37.27,0.37,0.9961,0.0014,0.0026,0.004
2025-05,AU Small Finance Bank,Beneficiary,33.4,0.33,0.993,0.002,0.0051,0.0071
2025-05,JIO Payments Bank Ltd,Beneficiary,31.76,0.31,0.9906,0.0036,0.0058,0.0094
2025-05,City Union Bank,Beneficiary,31.51,0.31,0.9942,0.0025,0.0033,0.0058
2025-05,Punjab and Sind Bank,Beneficiary,25.66,0.25,0.9776,0.0046,0.0178,0.0224
2025-05,Ujjivan Small Finance Bank Limited,Beneficiary,25.63,0.26,0.9968,0.001,0.0022,0.0032
2025-05,Kerala Gramin Bank,Beneficiary,25.62,0.25,0.9881,0.0068,0.0051,0.0119
2025-05,Suryoday Small Finance Bank Limited,Beneficiary,22.44,0.22,0.9871,0.0019,0.011,0.0129
2025-05,Citi Bank,Beneficiary,21.92,0.22,0.9966,0.0008,0.0026,0.0034
2025-05,Baroda U.P. Bank,Beneficiary,21.87,0.22,0.9849,0.0128,0.0023,0.0151
2025-05,Telangana Grameena Bank,Beneficiary,17.48,0.17,0.993,0.003,0.0041,0.0071
2025-05,Karnataka Gramin Bank,Beneficiary,15.71,0.16,0.99,0.0078,0.0022,0.01
2025-05,Maharashtra Gramin Bank,Beneficiary,14.99,0.15,0.9861,0.0128,0.0011,0.0139
2025-05,ESAF Small Finance Bank Ltd,Beneficiary,14.55,0.14,0.9965,0.0015,0.002,0.0035
2025-05,Equitas Small Finance Bank,Beneficiary,14.22,0.14,0.9772,0.0044,0.0184,0.0228
2025-05,Andhra Pragathi Grameena Bank,Beneficiary,13.58,0.13,0.9727,0.0199,0.0074,0.0273
2025-05,Rajasthan Marudhara Gramin Bank,Beneficiary,13.15,0.13,0.9789,0.003,0.0181,0.0211
2026-05,Yes Bank Ltd.,Beneficiary,9564.11,9563.15,99.99,0.01,0,0.01
2026-05,Axis Bank Ltd.,Beneficiary,2458.89,2455.94,99.88,0,0.12,0.12
2026-05,State Bank Of India,Beneficiary,2286.02,2279.16,99.7,0.15,0.15,0.3
2026-05,Hdfc Bank Ltd.,Beneficiary,1091.04,1086.35,99.57,0.05,0.38,0.43
2026-05,Bank Of Baroda,Beneficiary,631.12,627.27,99.39,0.07,0.55,0.62
2026-05,Punjab National Bank,Beneficiary,567.96,562,98.95,0.75,0.3,1.05
2026-05,Union Bank Of India,Beneficiary,555.52,554.69,99.85,0.04,0.11,0.15
2026-05,Canara Bank,Beneficiary,532.98,531.7,99.76,0.08,0.16,0.24
2026-05,Airtel Payments Bank Limited,Beneficiary,522.26,488.78,93.59,0.24,6.17,6.41
2026-05,Kotak Mahindra Bank,Beneficiary,467.2,464.35,99.39,0,0.61,0.61
2026-05,Icici Bank Ltd.,Beneficiary,448.6,446.9,99.62,0.01,0.36,0.37
2026-05,Federal Bank Ltd.,Beneficiary,388.37,387.55,99.79,0.04,0.17,0.21
2026-05,India Post Payments Bank Limited,Beneficiary,384.69,380.27,98.85,0.44,0.7,1.14
2026-05,Indian Bank,Beneficiary,320.56,310.33,96.81,0.49,2.7,3.19
2026-05,Bank Of India,Beneficiary,307.1,303.66,98.88,0.04,1.08,1.12
2026-05,Unity Small Finance Bank Limited,Beneficiary,221.57,220.71,99.61,0.38,0.01,0.39
2026-05,Indusind Bank Ltd.,Beneficiary,200.34,199.42,99.54,0.09,0.37,0.46
2026-05,Central Bank Of India,Beneficiary,181.28,178.71,98.58,0.95,0.47,1.42
2026-05,Indian Overseas Bank,Beneficiary,178.88,178.13,99.58,0.02,0.4,0.42
2026-05,Uco Bank,Beneficiary,138.97,138.08,99.36,0.31,0.33,0.64
2026-05,Nsdl Payments Bank Limited,Beneficiary,129.13,125.8,97.42,0.17,2.4,2.57
2026-05,Bank Of Maharashtra,Beneficiary,92.89,90.37,97.29,0.98,1.74,2.72
2026-05,Idbi Bank Ltd.,Beneficiary,88.1,86.73,98.45,1.04,0.5,1.54
2026-05,Tri O Tech Solutions Private Limited,Beneficiary,85.84,85.1,99.14,0.38,0.48,0.86
2026-05,Jio Payments Bank Ltd,Beneficiary,83.5,82.22,98.47,0.06,1.46,1.52
2026-05,Fino Payments Bank Ltd.,Beneficiary,82.13,78.77,95.91,0.47,3.62,4.09
2026-05,The Jammu & Kashmir Bank Limited,Beneficiary,69.92,69.37,99.21,0.02,0.78,0.8
2026-05,Karnataka Bank,Beneficiary,66.56,66.21,99.47,0.23,0.3,0.53
2026-05,One Mobikwik Systems Limited,Beneficiary,60.57,60.45,99.8,0.19,0.01,0.2
2026-05,Bandhan Bank Limited,Beneficiary,60.53,59.76,98.72,1.07,0.22,1.29
2026-05,Idfc Bank Ltd.,Beneficiary,58.16,57.44,98.77,0.05,1.18,1.23
2026-05,Rbl Bank Ltd.,Beneficiary,55.45,55.33,99.79,0.11,0.1,0.21
2026-05,Karur Vysya Bank,Beneficiary,54.5,54.34,99.7,0.14,0.16,0.3
2026-05,The South Indian Bank Limited,Beneficiary,52.17,51.78,99.26,0.48,0.26,0.74
2026-05,Baroda U.P. Bank,Beneficiary,49.16,47.24,96.09,3.61,0.29,3.9
2026-05,Tamilnad Mercantile Bank Limited,Beneficiary,41.33,40.71,98.51,0.72,0.77,1.49
2026-05,Au Small Finance Bank,Beneficiary,40.21,39.91,99.25,0.14,0.6,0.74
2026-05,Slice Small Finance Bank Limited,Beneficiary,40.19,37.53,93.39,3.82,2.79,6.61
2026-05,Kerala Gramin Bank,Beneficiary,33.28,33.18,99.7,0.17,0.13,0.3
2026-05,City Union Bank,Beneficiary,32.25,32.04,99.34,0.16,0.49,0.65
2026-05,Punjab And Sind Bank,Beneficiary,30.79,30.43,98.83,0.28,0.9,1.18
2026-05,Ujjivan Small Finance Bank Limited,Beneficiary,29.84,29.73,99.63,0.14,0.23,0.37
2026-05,Karnataka Gramin Bank,Beneficiary,28.52,28.09,98.5,1.22,0.28,1.5
2026-05,Suryoday Small Finance Bank Limited,Beneficiary,27.32,26.8,98.08,0.07,1.85,1.92
2026-05,Rajasthan Marudhara Gramin Bank,Beneficiary,27.23,27.06,99.37,0.15,0.49,0.64
2026-05,Chaitanya Godavari Grameena Bank,Beneficiary,25.1,24.79,98.77,0.61,0.62,1.23
2026-05,Telangana Grameena Bank,Beneficiary,23.73,23.42,98.71,0.91,0.38,1.29
2026-05,Citibank Corporate,Beneficiary,20.89,20.74,99.27,0.15,0.58,0.73
2026-05,Maharashtra Gramin Bank,Beneficiary,19.45,19.3,99.22,0.72,0.06,0.78
2026-05,Esaf Small Finance Bank Ltd,Beneficiary,17.27,17.02,98.54,1.3,0.16,1.46
2024-11,Yes Bank Ltd,Beneficiary,6213.24,6212.62,99.99,0.01,0.01,0.02
2024-11,State Bank of India,Beneficiary,1566.68,1558.85,99.5,0.38,0.13,0.51
2024-11,Axis Bank,Beneficiary,1561.95,1560.7,99.92,0.01,0.07,0.08
2024-11,HDFC Bank,Beneficiary,740.76,731.72,98.78,0.25,0.97,1.22
2024-11,ICICI Bank,Beneficiary,591.09,588.08,99.49,0.1,0.41,0.51
2024-11,Canara Bank,Beneficiary,427.61,424.49,99.27,0.33,0.32,0.65
2024-11,Bank of Baroda,Beneficiary,417.34,416.76,99.86,0.07,0.06,0.13
2024-11,Union Bank Of India,Beneficiary,395.19,394.12,99.73,0.17,0.1,0.27
2024-11,Federal Bank,Beneficiary,387.11,386.06,99.73,0.06,0.21,0.27
2024-11,Punjab national Bank,Beneficiary,356.82,355.79,99.71,0.01,0.27,0.28
2024-11,Airtel Payments Bank,Beneficiary,319.58,316.99,99.19,0.51,0.29,0.8
2024-11,Kotak Mahindra Bank,Beneficiary,294.25,289.9,98.52,0.18,1.29,1.47
2024-11,Indian Bank,Beneficiary,220.32,218.43,99.14,0.12,0.71,0.83
2024-11,Bank Of India,Beneficiary,215.19,210.54,97.84,1.38,0.78,2.16
2024-11,India Post Payment Bank,Beneficiary,183.87,181.5,98.71,0.91,0.37,1.28
2024-11,Indusind Bank,Beneficiary,152.52,151.6,99.4,0.28,0.32,0.6
2024-11,Indian Overseas Bank,Beneficiary,122.51,121.62,99.27,0.1,0.62,0.72
2024-11,Central Bank of India,Beneficiary,105.6,103.94,98.43,0.55,1.01,1.56
2024-11,Fino Payments Bank Limited,Beneficiary,93.78,89.77,95.72,0.16,4.12,4.28
2024-11,UCO Bank,Beneficiary,92.37,91.54,99.1,0.51,0.39,0.9
2024-11,Bank of Maharashtra,Beneficiary,85.17,84.85,99.63,0.13,0.24,0.37
2024-11,IDBI Bank,Beneficiary,73.44,73.15,99.61,0.12,0.27,0.39
2024-11,Karnataka Bank,Beneficiary,57.56,56.29,97.8,1.51,0.69,2.2
2024-11,RBL Bank Limited,Beneficiary,52,51.72,99.46,0.11,0.43,0.54
2024-11,One Mobikwik Systems Limited,Beneficiary,44.12,44.1,99.96,0.03,0.01,0.04
2024-11,The Jammu & Kashmir Bank Limited,Beneficiary,41.98,41.35,98.49,1.27,0.23,1.5
2024-11,Bandhan Bank limited,Beneficiary,41.87,41.26,98.54,1.26,0.21,1.47
2024-11,IDFC First Bank Ltd,Beneficiary,40.46,40.08,99.07,0.04,0.89,0.93
2024-11,The South Indian Bank Limited,Beneficiary,39.73,39.67,99.86,0.04,0.11,0.15
2024-11,Karur Vysya Bank,Beneficiary,37.2,37.06,99.62,0.13,0.25,0.38
2024-11,AU small Finance Bank,Beneficiary,34.5,34.22,99.18,0.13,0.69,0.82
2024-11,Tri O Tech Solutions Private Limited,Beneficiary,31.76,30.52,96.11,0.01,3.88,3.89
2024-11,Tamilnad Mercantile Bank Limited,Beneficiary,28.98,28.84,99.53,0.39,0.09,0.48
2024-11,City Union Bank,Beneficiary,24.61,24.46,99.41,0.19,0.4,0.59
2024-11,Ujjivan Small Finance Bank,Beneficiary,23.21,23.1,99.54,0.26,0.2,0.46
2024-11,Kerala Gramin Bank,Beneficiary,21.94,20.9,95.27,3.8,0.93,4.73
2024-11,Punjab and Sind Bank,Beneficiary,21.92,21.4,97.62,0.1,2.28,2.38
2024-11,Jio Payments Bank,Beneficiary,19.35,19.16,99.04,0.41,0.55,0.96
2024-11,CITI Bank,Beneficiary,18.46,18.35,99.41,0.13,0.47,0.6
2024-11,Baroda UP Gramin Bank,Beneficiary,15.14,14.92,98.54,1.18,0.28,1.46
2024-11,Andhra Pradesh Grameena Vikas Bank,Beneficiary,14.47,13.9,96.09,3.61,0.3,3.91
2024-11,Pragathi Krishna Gramin Bank,Beneficiary,13.99,13.61,97.27,1.74,0.99,2.73
2024-11,Equitas Bank,Beneficiary,13.26,13.02,98.22,0.32,1.46,1.78
2024-11,ESAF Small Finance Bank Ltd.,Beneficiary,12.77,12.73,99.7,0.12,0.18,0.3
2024-11,Maharashtra Gramin Bank,Beneficiary,11.55,11.43,98.92,0.95,0.14,1.09
2024-11,Rajasthan Marudhara Gramin Bank,Beneficiary,11.16,11.06,99.11,0.56,0.33,0.89
2024-11,NSDL Payments Bank Limited,Beneficiary,11.06,10.85,98.08,0.73,1.19,1.92
2024-11,DBS Bank India Limited,Beneficiary,10.59,10.42,98.35,0.5,1.14,1.64
2024-11,Andhra Pragathi Grameena Bank,Beneficiary,10.41,9.96,95.63,4.12,0.24,4.36
2024-11,Sarva Haryana Gramin Bank,Beneficiary,8.65,8.59,99.32,0.32,0.36,0.68
2025-11,Yes Bank Ltd.,Beneficiary,8281.16,8280.33,99.99,0,0,0
2025-11,Axis Bank Ltd.,Beneficiary,2082.22,2079.51,99.87,0,0.13,0.13
2025-11,State Bank of India,Beneficiary,2080.6,2072.9,99.63,0.21,0.15,0.36
2025-11,HDFC Bank Ltd.,Beneficiary,1041.18,1033.58,99.27,0.09,0.65,0.74
2025-11,Bank of Baroda,Beneficiary,555.54,552.21,99.4,0.13,0.47,0.6
2025-11,ICICI Bank Ltd.,Beneficiary,542.1,540.47,99.7,0.07,0.23,0.3
2025-11,Union Bank of India,Beneficiary,496.61,495.32,99.74,0.17,0.09,0.26
2025-11,Airtel Payments Bank Limited,Beneficiary,484.49,466.66,96.32,0.28,3.4,3.68
2025-11,Canara Bank,Beneficiary,476.54,472.11,99.07,0.74,0.18,0.92
2025-11,Punjab National Bank,Beneficiary,462.1,459.65,99.47,0.19,0.33,0.52
2025-11,Kotak Mahindra Bank,Beneficiary,402.42,397.75,98.84,0.39,0.77,1.16
2025-11,Federal Bank Ltd.,Beneficiary,371.67,370.74,99.75,0.03,0.23,0.26
2025-11,India Post Payments Bank Limited,Beneficiary,325.72,314.61,96.59,0.62,2.79,3.41
2025-11,Indian Bank,Beneficiary,300.3,299.28,99.66,0.19,0.16,0.35
2025-11,Bank Of India,Beneficiary,275.45,270.96,98.37,0.55,1.08,1.63
2025-11,Indusind Bank Ltd.,Beneficiary,186.6,184.68,98.97,0.51,0.52,1.03
2025-11,Unity Small Finance Bank Limited,Beneficiary,184.26,184.19,99.96,0.03,0.02,0.05
2025-11,Indian Overseas Bank,Beneficiary,181.82,178.98,98.44,1.23,0.32,1.55
2025-11,Central Bank of India,Beneficiary,151.51,149.74,98.83,0.65,0.51,1.16
2025-11,UCO Bank,Beneficiary,125.29,124.69,99.52,0.1,0.38,0.48
2025-11,Fino Payments Bank Ltd.,Beneficiary,92.55,87.19,94.21,1.52,4.28,5.8
2025-11,Bank of Maharashtra,Beneficiary,85.74,84.35,98.38,0.06,1.57,1.63
2025-11,IDBI Bank Ltd.,Beneficiary,83.63,83.11,99.38,0.11,0.51,0.62
2025-11,NSDL Payments Bank Limited,Beneficiary,77.44,75.94,98.06,0.26,1.67,1.93
2025-11,JIO Payments Bank Ltd,Beneficiary,75.03,73.23,97.6,0.74,1.66,2.4
2025-11,Tri O Tech Solutions Private Limited,Beneficiary,67.62,66.19,97.88,0.41,1.71,2.12
2025-11,Karnataka Bank,Beneficiary,62.94,62.72,99.65,0.08,0.272,0.352
2025-11,The Jammu & Kashmir Bank Limited,Beneficiary,57.59,56.88,98.76,0.43,0.81,1.24
2025-11,BANDHAN BANK LIMITED,Beneficiary,55.78,55.05,98.69,1.04,0.27,1.31
2025-11,IDFC Bank Ltd.,Beneficiary,55.14,54.26,98.4,0.04,1.56,1.6
2025-11,The South Indian Bank Limited,Beneficiary,48.33,48.13,99.59,0.21,0.2,0.41
2025-11,One Mobikwik Systems Limited,Beneficiary,48.3,48.24,99.87,0.13,0,0.13
2025-11,Karur Vysya Bank,Beneficiary,45.73,45.57,99.65,0.1,0.25,0.35
2025-11,RBL Bank Ltd.,Beneficiary,41.2,41.08,99.71,0.14,0.15,0.29
2025-11,Tamilnad Mercantile Bank Limited,Beneficiary,37.78,37.19,98.43,0.47,1.1,1.57
2025-11,AU Small Finance Bank,Beneficiary,35.71,35.2,98.56,0.8,0.64,1.44
2025-11,Uttar Pradesh Gramin Bank,Beneficiary,32.83,32.05,97.62,2.11,0.26,2.37
2025-11,City Union Bank,Beneficiary,30.57,30.42,99.51,0.18,0.31,0.49
2025-11,Kerala Gramin Bank,Beneficiary,29.29,29.08,99.27,0.53,0.2,0.73
2025-11,Punjab and Sind Bank,Beneficiary,27.04,26.66,98.6,0.8,0.6,1.4
2025-11,Ujjivan Small Finance Bank Limited,Beneficiary,26.68,26.58,99.62,0.1,0.28,0.38
2025-11,Karnataka Gramin Bank,Beneficiary,23.78,23.12,97.24,1.33,1.43,2.76
2025-11,Rajasthan Gramin Bank,Beneficiary,20.88,20.33,97.35,0.6,2.04,2.64
2025-11,Telangana Grameena Bank,Beneficiary,20.24,19.56,96.62,0.42,2.96,3.38
2025-11,Slice Small Finance Bank Ltd,Beneficiary,19.93,18.68,93.72,0.38,5.9,6.28
2025-11,Citi Bank,Beneficiary,18.89,18.85,99.78,0.03,0.2,0.23
2025-11,ESAF Small Finance Bank Ltd,Beneficiary,16,15.87,99.2,0.37,0.43,0.8
2025-11,Maharashtra Gramin Bank,Beneficiary,15.51,15.41,99.37,0.54,0.1,0.64
2025-11,Andhra Pradesh Grameena Bank,Beneficiary,15.15,14.91,98.44,1.07,0.49,1.56
2025-11,Equitas Small Finance Bank,Beneficiary,14.63,14.25,97.4,0.63,1.97,2.6
2024-10,Yes Bank Ltd,Beneficiary,6665.2,6664.53,99.99,0,0.01,0.01
2024-10,State Bank Of India,Beneficiary,1667.62,1652.78,99.11,0.77,0.12,0.89
2024-10,Axis Bank Ltd.,Beneficiary,1647.89,1645.58,99.86,0.07,0.06,0.13
2024-10,HDFC BANK LTD,Beneficiary,814.86,806.22,98.94,0.02,1.04,1.06
2024-10,ICICI Bank,Beneficiary,637.79,634.47,99.48,0.03,0.49,0.52
2024-10,Bank of Baroda,Beneficiary,472.15,471.68,99.9,0.03,0.06,0.09
2024-10,Canara Bank,Beneficiary,449.55,446.22,99.26,0.18,0.56,0.74
2024-10,Union Bank of India,Beneficiary,420.82,420.02,99.81,0.09,0.1,0.19
2024-10,Federal Bank,Beneficiary,418.03,416.98,99.75,0.04,0.2,0.24
2024-10,Punjab National Bank,Beneficiary,386,384.76,99.68,0.05,0.28,0.33
2024-10,Airtel Payments Bank,Beneficiary,328.27,327.09,99.64,0.07,0.29,0.36
2024-10,Kotak Mahindra Bank,Beneficiary,322.09,317.65,98.62,0.03,1.35,1.38
2024-10,Bank of India,Beneficiary,235.92,232.64,98.61,0.54,0.85,1.39
2024-10,Indian Bank,Beneficiary,234.79,232.56,99.05,0.15,0.8,0.95
2024-10,India Post Payment Bank,Beneficiary,191.03,190,99.46,0.29,0.25,0.54
2024-10,Indusind Bank Ltd.,Beneficiary,175.04,173.66,99.21,0.15,0.64,0.79
2024-10,Indian Overseas Bank,Beneficiary,122.14,119.9,98.17,1.36,0.47,1.83
2024-10,Central Bank Of India,Beneficiary,116.32,114.08,98.07,0.51,1.42,1.93
2024-10,Fino Payments Bank Limited FIP,Beneficiary,102.43,98.67,96.33,0.11,3.56,3.67
2024-10,UCO Bank,Beneficiary,99.3,98.71,99.41,0.12,0.47,0.59
2024-10,Bank of Maharashtra,Beneficiary,81.9,81.23,99.18,0.57,0.25,0.82
2024-10,IDBI Bank Limited,Beneficiary,79.09,78.79,99.62,0.11,0.27,0.38
2024-10,RBL Bank Limited,Beneficiary,59.7,59.46,99.59,0.14,0.27,0.41
2024-10,Karnataka Bank,Beneficiary,58.52,57.86,98.87,0.51,0.62,1.13
2024-10,One Mobikwik Systems Pvt - Ltd,Beneficiary,51.06,51.04,99.96,0.02,0.03,0.05
2024-10,Bandhan Bank,Beneficiary,43.86,43.32,98.76,1.01,0.23,1.24
2024-10,IDFC First Bank Ltd,Beneficiary,43.61,43.12,98.88,0.03,1.09,1.12
2024-10,Jammu and Kashmir Bank,Beneficiary,41.43,40.78,98.42,1.41,0.17,1.58
2024-10,South Indian Bank,Beneficiary,40.76,40.48,99.32,0.05,0.63,0.68
2024-10,Karur Vysya Bank,Beneficiary,39.62,39.22,98.98,0.21,0.81,1.02
2024-10,AU small Finance Bank,Beneficiary,38.49,38.2,99.24,0.06,0.7,0.76
2024-10,Tri O Tech Solutions Private Limited,Beneficiary,33.06,31.62,95.65,0,4.35,4.35
2024-10,Tamilnad Mercantile Bank,Beneficiary,30.48,30.36,99.62,0.29,0.08,0.37
2024-10,City Union Bank,Beneficiary,26.07,25.8,98.95,0.12,0.92,1.04
2024-10,Ujjivan Small Finance Bank,Beneficiary,25.03,24.91,99.52,0.27,0.21,0.48
2024-10,Punjab and Sind Bank,Beneficiary,22.43,22.23,99.12,0.18,0.71,0.89
2024-10,Jio Payments Bank,Beneficiary,20.89,20.73,99.23,0.34,0.42,0.76
2024-10,Kerala Gramin Bank,Beneficiary,20.67,20.38,98.6,0.47,0.93,1.4
2024-10,CITI Bank,Beneficiary,18.98,18.86,99.39,0.05,0.55,0.6
2024-10,Baroda UP Gramin Bank,Beneficiary,15.99,15.79,98.78,0.96,0.26,1.22
2024-10,Andhra Pradesh Grameena Vikas Bank,Beneficiary,15.15,15,98.99,0.44,0.57,1.01
2024-10,Pragathi Krishna Gramin Bank,Beneficiary,14.38,14.07,97.87,1.08,1.05,2.13
2024-10,Equitas Bank,Beneficiary,14.34,14.15,98.67,0.15,1.18,1.33
2024-10,Maharashtra Gramin Bank,Beneficiary,13.65,13.39,98.11,1.74,0.16,1.9
2024-10,ESAF Small Finance Bank Ltd.,Beneficiary,13.14,13.02,99.06,0.11,0.83,0.94
2024-10,NSDL Payments Bank,Beneficiary,12.62,12.28,97.33,1.62,1.05,2.67
2024-10,Rajasthan Marudhara Gramin Bank,Beneficiary,12.62,12.14,96.18,3.34,0.48,3.82
2024-10,DBS Bank India Limited,Beneficiary,11.7,11.51,98.41,0.27,1.32,1.59
2024-10,Andhra Pragathi Grameena Bank,Beneficiary,10.42,9.62,92.29,6.88,0.83,7.71
2024-10,Sarva Haryana Gramin Bank,Beneficiary,9.23,9.17,99.32,0.34,0.34,0.68
2025-10,Yes Bank Ltd.,Beneficiary,8305.17,8304.34,99.99,0,0,0
2025-10,State Bank of India,Beneficiary,2174.27,2157.53,99.23,0.62,0.16,0.78
2025-10,Axis Bank Ltd.,Beneficiary,2122.95,2119.98,99.86,0,0.14,0.14
2025-10,HDFC Bank Ltd.,Beneficiary,1097.48,1089.69,99.29,0.01,0.7,0.71
2025-10,ICICI Bank Ltd.,Beneficiary,575.75,573.85,99.67,0.08,0.25,0.33
2025-10,Bank of Baroda,Beneficiary,565.43,564.24,99.79,0.02,0.19,0.21
2025-10,Union Bank of India,Beneficiary,499.28,498.73,99.89,0.02,0.09,0.11
2025-10,Airtel Payments Bank Limited,Beneficiary,496.22,485.65,97.87,0.02,2.11,2.13
2025-10,Canara Bank,Beneficiary,474.74,473.98,99.84,0.02,0.15,0.17
2025-10,Punjab National Bank,Beneficiary,466.74,464.73,99.57,0.1,0.33,0.43
2025-10,Kotak Mahindra Bank,Beneficiary,395.39,390.49,98.76,0.03,1.21,1.24
2025-10,Federal Bank Ltd.,Beneficiary,373.37,372.47,99.76,0.01,0.23,0.24
2025-10,India Post Payments Bank Limited,Beneficiary,317.04,309.11,97.5,0.78,1.72,2.5
2025-10,Indian Bank,Beneficiary,302.58,301.79,99.74,0.07,0.18,0.25
2025-10,Bank Of India,Beneficiary,278.78,275.27,98.74,0.29,0.97,1.26
2025-10,Indusind Bank Ltd.,Beneficiary,195,193.77,99.37,0.18,0.45,0.63
2025-10,Unity Small Finance Bank Limited,Beneficiary,175.73,175.62,99.94,0.06,0,0.06
2025-10,Indian Overseas Bank,Beneficiary,169.26,168.67,99.65,0.06,0.29,0.35
2025-10,Central Bank of India,Beneficiary,153.36,152.04,99.14,0.27,0.59,0.86
2025-10,UCO Bank,Beneficiary,126.71,125.46,99.01,0.62,0.37,0.99
2025-10,Bank of Maharashtra,Beneficiary,87.52,86.14,98.42,0.12,1.47,1.59
2025-10,Fino Payments Bank Ltd.,Beneficiary,86.13,83.18,96.58,1.87,1.55,3.42
2025-10,IDBI Bank Ltd.,Beneficiary,84.93,84.36,99.33,0.23,0.43,0.66
2025-10,Tri O Tech Solutions Private Limited,Beneficiary,66.48,65.36,98.32,0.07,1.61,1.68
2025-10,JIO Payments Bank Ltd,Beneficiary,63.87,62.77,98.27,0.13,1.6,1.73
2025-10,NSDL Payments Bank Limited,Beneficiary,63.53,62.37,98.18,0.14,1.68,1.82
2025-10,Karnataka Bank,Beneficiary,62.88,62.64,99.62,0.13,0.26,0.39
2025-10,The Jammu & Kashmir Bank Limited,Beneficiary,56.86,56.21,98.85,0.53,0.61,1.14
2025-10,BANDHAN BANK LIMITED,Beneficiary,55.87,55.57,99.47,0.25,0.28,0.53
2025-10,IDFC Bank Ltd.,Beneficiary,53.86,52.98,98.36,0.12,1.52,1.64
2025-10,One Mobikwik Systems Limited,Beneficiary,49.38,49.34,99.91,0.09,0,0.09
2025-10,The South Indian Bank Limited,Beneficiary,48.44,48.36,99.84,0.02,0.13,0.15
2025-10,Karur Vysya Bank,Beneficiary,45.31,45.08,99.49,0.19,0.32,0.51
2025-10,Tamilnad Mercantile Bank Limited,Beneficiary,37.92,37.42,98.67,0.35,0.98,1.33
2025-10,AU Small Finance Bank,Beneficiary,36.7,35.94,97.94,1.53,0.52,2.05
2025-10,RBL Bank Ltd.,Beneficiary,36.4,36.33,99.82,0.02,0.16,0.18
2025-10,City Union Bank,Beneficiary,31.5,31.34,99.5,0.2,0.3,0.5
2025-10,Uttar Pradesh Gramin Bank,Beneficiary,30.67,29.54,96.3,3.3,0.4,3.7
2025-10,Kerala Gramin Bank,Beneficiary,29.72,29.12,97.98,1.78,0.24,2.02
2025-10,Punjab and Sind Bank,Beneficiary,27.74,26.27,94.69,4.78,0.53,5.31
2025-10,Ujjivan Small Finance Bank Limited,Beneficiary,26.99,26.81,99.32,0.45,0.23,0.68
2025-10,Karnataka Gramin Bank,Beneficiary,21.83,20.52,94.02,2.54,3.43,5.97
2025-10,Rajasthan Gramin Bank,Beneficiary,20.76,20.3,97.77,0.25,1.99,2.24
2025-10,Telangana Grameena Bank,Beneficiary,19.64,19.2,97.74,1.76,0.5,2.26
2025-10,Citi Bank,Beneficiary,19.5,19.45,99.74,0.02,0.24,0.26
2025-10,Suryoday Small Finance Bank Limited,Beneficiary,16.74,16.42,98.07,0.36,1.57,1.93
2025-10,Slice Small Finance Bank,Beneficiary,16.42,15.88,96.69,0.43,2.88,3.31
2025-10,ESAF Small Finance Bank Ltd,Beneficiary,16.15,16.05,99.37,0.18,0.45,0.63
2025-10,Maharashtra Gramin Bank,Beneficiary,15.98,15.78,98.72,1.14,0.13,1.27
2025-10,Equitas Small Finance Bank,Beneficiary,15.34,15.01,97.83,0.24,1.93,2.17
2024-09,Yes Bank Ltd,Beneficiary,6069.82,6069.21,99.99,0,0.01,0.01
2024-09,State Bank Of India,Beneficiary,1544.1,1534.68,99.39,0.49,0.12,0.61
2024-09,Axis Bank Ltd.,Beneficiary,1469.29,1468.26,99.93,0,0.06,0.06
2024-09,HDFC BANK LTD,Beneficiary,734.28,727.3,99.05,0.01,0.94,0.95
2024-09,ICICI Bank,Beneficiary,585.98,581.82,99.29,0.23,0.47,0.7
2024-09,Bank of Baroda,Beneficiary,423.28,422.81,99.89,0.04,0.07,0.11
2024-09,Federal Bank,Beneficiary,398.62,397.74,99.78,0.02,0.21,0.23
2024-09,Union Bank of India,Beneficiary,376.52,372.3,98.88,1.01,0.1,1.11
2024-09,Canara Bank,Beneficiary,376.48,372.23,98.87,0.32,0.81,1.13
2024-09,Punjab National Bank,Beneficiary,342.49,341.29,99.65,0.07,0.27,0.34
2024-09,Kotak Mahindra Bank,Beneficiary,289.36,286.7,99.08,0.66,0.26,0.92
2024-09,Airtel Payments Bank,Beneficiary,272.92,271.77,99.58,0.12,0.29,0.41
2024-09,Indian Bank,Beneficiary,217.43,215.47,99.1,0.06,0.84,0.9
2024-09,Bank of India,Beneficiary,209.89,207.29,98.76,0.41,0.83,1.24
2024-09,India Post Payment Bank,Beneficiary,165.82,165.19,99.62,0.12,0.26,0.38
2024-09,Indusind Bank Ltd.,Beneficiary,150.6,150.1,99.67,0.04,0.3,0.34
2024-09,Central Bank Of India,Beneficiary,125.25,120.37,96.1,0.69,3.21,3.9
2024-09,Indian Overseas Bank,Beneficiary,108.08,106.24,98.3,1.53,0.17,1.7
2024-09,Fino Payments Bank Ltd.,Beneficiary,92.64,89.31,96.41,0.21,3.38,3.59
2024-09,UCO Bank,Beneficiary,91.36,89.78,98.27,1.29,0.44,1.73
2024-09,IDBI Bank Limited,Beneficiary,70.98,70.5,99.33,0.39,0.29,0.68
2024-09,Bank of Maharashtra,Beneficiary,70.68,70.3,99.46,0.3,0.24,0.54
2024-09,RBL Bank Limited,Beneficiary,65.45,64.99,99.29,0.38,0.32,0.7
2024-09,Karnataka Bank,Beneficiary,53.43,53.14,99.46,0.22,0.32,0.54
2024-09,One Mobikwik Systems Pvt - Ltd,Beneficiary,47.98,47.88,99.8,0.16,0.04,0.2
2024-09,Bandhan Bank,Beneficiary,39.33,38.58,98.09,1.61,0.29,1.9
2024-09,IDFC First Bank Ltd,Beneficiary,39.31,38.85,98.84,0.05,1.11,1.16
2024-09,South Indian Bank,Beneficiary,38.79,38.43,99.06,0.02,0.92,0.94
2024-09,Karur Vysya Bank,Beneficiary,38.19,37.35,97.81,0.73,1.46,2.19
2024-09,Jammu and Kashmir Bank,Beneficiary,38.05,37.8,99.35,0.48,0.17,0.65
2024-09,AU small Finance Bank,Beneficiary,35.26,34.93,99.05,0.17,0.78,0.95
2024-09,Tri O Tech Solutions Private Limited,Beneficiary,28.83,27.73,96.18,0,3.81,3.81
2024-09,Tamilnad Mercantile Bank,Beneficiary,28.12,34.93,124.22,0.29,0.08,0.37
2024-09,City Union Bank,Beneficiary,24.24,23.66,97.59,0.5,1.9,2.4
2024-09,Ujjivan Small Finance Bank,Beneficiary,23.05,22.81,98.95,0.23,0.82,1.05
2024-09,Punjab and Sind Bank,Beneficiary,21.6,21.42,99.16,0.45,0.38,0.83
2024-09,Kerala Gramin Bank,Beneficiary,18.64,18.24,97.84,1.23,0.93,2.16
2024-09,CITI Bank,Beneficiary,17.54,17.41,99.27,0.07,0.66,0.73
2024-09,Jio Payments Bank,Beneficiary,17.18,17.05,99.25,0.38,0.37,0.75
2024-09,Pragathi Krishna Gramin Bank,Beneficiary,13.73,13.31,96.95,1.81,1.24,3.05
2024-09,Andhra Pradesh Grameena Vikas Bank,Beneficiary,13.71,13.56,98.92,0.68,0.4,1.08
2024-09,Equitas Bank,Beneficiary,13.44,13.26,98.64,0.07,1.29,1.36
2024-09,Baroda UP Gramin Bank,Beneficiary,13.13,13.06,99.48,0.21,0.32,0.53
2024-09,ESAF Small Finance Bank Ltd.,Beneficiary,12.08,11.93,98.74,0.11,1.15,1.26
2024-09,Maharashtra Gramin Bank,Beneficiary,12.02,11.77,97.96,1.84,0.2,2.04
2024-09,Rajasthan Marudhara Gramin Bank,Beneficiary,11.31,11.04,97.58,1.97,0.46,2.43
2024-09,DBS Bank India Limited,Beneficiary,11.13,10.95,98.39,0.26,1.36,1.62
2024-09,Andhra Pragathi Grameena Bank,Beneficiary,9.63,9.14,94.93,4.84,0.22,5.06
2024-09,Sarva Haryana Gramin Bank,Beneficiary,8.51,8.21,96.46,3.19,0.35,3.54
2024-09,Sarva UP Gramin Bank,Beneficiary,8.11,7.82,96.43,3.07,0.51,3.58
2025-09,Yes Bank Ltd.,Beneficiary,7907.07,7906.28,99.99,0.01,0,0.01
2025-09,State Bank of India,Beneficiary,2074.86,2060.34,99.3,0.57,0.14,0.71
2025-09,Axis Bank Ltd.,Beneficiary,2009.94,2006.93,99.85,0.02,0.13,0.15
2025-09,HDFC Bank Ltd.,Beneficiary,997.25,987.58,99.03,0.06,0.91,0.97
2025-09,ICICI Bank Ltd.,Beneficiary,548,545.97,99.63,0.14,0.22,0.36
2025-09,Bank of Baroda,Beneficiary,528.86,527.17,99.68,0.17,0.15,0.32
2025-09,Airtel Payments Bank Limited,Beneficiary,486.04,476.61,98.06,0.07,1.87,1.94
2025-09,Union Bank of India,Beneficiary,474.03,473.22,99.83,0.08,0.09,0.17
2025-09,Canara Bank,Beneficiary,451.48,449.63,99.59,0.29,0.12,0.41
2025-09,Punjab National Bank,Beneficiary,442.62,441.07,99.65,0.06,0.29,0.35
2025-09,Kotak Mahindra Bank,Beneficiary,370.12,365.38,98.72,0.1,1.18,1.28
2025-09,Federal Bank Ltd.,Beneficiary,352.84,351.99,99.76,0.02,0.21,0.23
2025-09,Indian Bank,Beneficiary,292.45,288.62,98.69,1.12,0.18,1.3
2025-09,India Post Payments Bank Limited,Beneficiary,290.25,280.38,96.6,1.91,1.49,3.4
2025-09,Bank Of India,Beneficiary,261.46,258.4,98.83,0.28,0.89,1.17
2025-09,Indusind Bank Ltd.,Beneficiary,191.3,190.42,99.54,0.12,0.34,0.46
2025-09,Indian Overseas Bank,Beneficiary,158.61,157.79,99.48,0.26,0.26,0.52
2025-09,Unity Small Finance Bank Limited,Beneficiary,156.81,156.78,99.98,0.02,0,0.02
2025-09,Central Bank of India,Beneficiary,142.32,141.07,99.12,0.25,0.63,0.88
2025-09,UCO Bank,Beneficiary,120.52,119.16,98.87,0.78,0.35,1.13
2025-09,IDBI Bank Ltd.,Beneficiary,82.61,81.5,98.66,0.63,0.72,1.35
2025-09,Bank of Maharashtra,Beneficiary,82.49,81.81,99.17,0.33,0.5,0.83
2025-09,Fino Payments Bank Ltd.,Beneficiary,79.47,77.01,96.9,1.41,1.69,3.1
2025-09,Tri O Tech Solutions Private Limited,Beneficiary,62.77,61.74,98.36,0.29,1.34,1.63
2025-09,Karnataka Bank,Beneficiary,61,60.8,99.68,0.09,0.23,0.32
2025-09,BANDHAN BANK LIMITED,Beneficiary,53.86,53.52,99.36,0.27,0.38,0.65
2025-09,JIO Payments Bank Ltd,Beneficiary,52.57,51.83,98.6,0.08,1.313,1.393
2025-09,The Jammu & Kashmir Bank Limited,Beneficiary,51.83,51.48,99.33,0.23,0.44,0.67
2025-09,IDFC Bank Ltd.,Beneficiary,51.54,50.76,98.48,0.1,1.42,1.52
2025-09,One Mobikwik Systems Limited,Beneficiary,51.5,51.46,99.92,0.07,0,0.07
2025-09,NSDL Payments Bank Limited,Beneficiary,51,50.05,98.13,0.46,1.41,1.87
2025-09,The South Indian Bank Limited,Beneficiary,46.73,46.49,99.49,0.36,0.15,0.51
2025-09,RBL Bank Ltd.,Beneficiary,45.05,44.92,99.72,0.15,0.13,0.28
2025-09,Karur Vysya Bank,Beneficiary,44.58,44.39,99.58,0.19,0.23,0.42
2025-09,Tamilnad Mercantile Bank Limited,Beneficiary,36.49,36.31,99.5,0.28,0.22,0.5
2025-09,AU Small Finance Bank,Beneficiary,34.57,34.17,98.83,0.65,0.52,1.17
2025-09,City Union Bank,Beneficiary,30.82,30.61,99.31,0.31,0.38,0.69
2025-09,Kerala Gramin Bank,Beneficiary,28.48,27.12,95.21,4.44,0.36,4.8
2025-09,Uttar Pradesh Gramin Bank,Beneficiary,26.7,24.4,91.39,8.31,0.29,8.6
2025-09,Punjab and Sind Bank,Beneficiary,26.45,25.92,97.99,1.28,0.74,2.02
2025-09,Ujjivan Small Finance Bank Limited,Beneficiary,26.1,25.97,99.5,0.3,0.2,0.5
2025-09,Suryoday Small Finance Bank Limited,Beneficiary,25.22,24.61,97.57,1.51,0.92,2.43
2025-09,Karnataka Gramin Bank,Beneficiary,25.11,19.55,77.86,20.89,1.25,22.14
2025-09,Citi Bank,Beneficiary,19.87,19.81,99.72,0.04,0.24,0.28
2025-09,Telangana Grameena Bank,Beneficiary,18.56,18.14,97.73,1.87,0.4,2.27
2025-09,Rajasthan Gramin Bank,Beneficiary,18.11,17.58,97.1,0.86,2.05,2.91
2025-09,ESAF Small Finance Bank Ltd,Beneficiary,15.56,15.47,99.42,0.1,0.48,0.58
2025-09,Maharashtra Gramin Bank,Beneficiary,14.82,12.32,83.16,16.76,0.08,16.84
2025-09,Andhra Pragathi Grameena Bank,Beneficiary,14.27,13.72,96.17,2.75,1.08,3.83
2025-09,Equitas Small Finance Bank,Beneficiary,14.11,13.83,97.99,0.21,1.8,2.01
