month_year,bank_name,role_type,total_volume_mn,approved_pct,technical_decline_pct,business_decline_pct,approved_volume_mn,total_decline_pct
2024-04,State Bank Of India,Remitter,3581.27,94.1,89,5.01,3369.98,94.01
2024-04,HDFC BANK LTD,Remitter,1157.04,95.82,9,4.08,1108.68,13.08
2024-04,Bank of Baroda,Remitter,898.17,90.39,1.59,8.02,811.86,9.61
2024-04,Union Bank of India,Remitter,837.24,93.13,1.59,5.28,779.72,6.87
2024-04,Punjab National Bank,Remitter,741.9,92.96,1.11,5.93,689.67,7.04
2024-04,Kotak Mahindra Bank,Remitter,725.32,91.77,1.78,6.45,665.63,8.23
2024-04,Canara Bank,Remitter,642.1,93.39,66,5.95,599.66,71.95
2024-04,Axis Bank Ltd.,Remitter,609.02,95.74,3,4.23,583.08,7.23
2024-04,ICICI Bank,Remitter,599.22,96.37,8,3.55,577.47,11.55
2024-04,Bank of India,Remitter,439.7,93.67,1.31,5.02,411.87,6.33
2024-04,Indian Bank,Remitter,407.28,93.97,15,5.88,382.72,20.88
2024-04,Airtel Payments Bank,Remitter,395.64,90.62,72,8.66,358.53,80.66
2024-04,India Post Payment Bank,Remitter,270.23,82.88,1.16,15.95,223.97,17.11
2024-04,Federal Bank,Remitter,206.55,94.7,4,5.26,195.6,9.26
2024-04,Central Bank Of India,Remitter,200.6,85.38,3.83,10.79,171.27,14.62
2024-04,Indian Overseas Bank,Remitter,187.73,93.24,1.74,5.02,175.04,6.76
2024-04,UCO Bank,Remitter,171.92,93.7,16,6.14,161.09,22.14
2024-04,Bank of Maharashtra,Remitter,151.41,93.14,1.39,5.47,141.02,6.86
2024-04,IDBI Bank Limited,Remitter,151.25,94.24,51,5.24,142.54,56.24
2024-04,INDUSIND BANK,Remitter,150.57,92.05,89,7.07,138.6,96.07
2024-04,Fino Payments Bank Limited,Remitter,134.12,90.89,51,8.59,121.9,59.59
2024-04,Yes Bank Ltd,Remitter,106.01,92.93,53,6.53,98.52,59.53
2024-04,Karnataka Bank,Remitter,105.44,92.61,1.05,6.33,97.65,7.38
2024-04,IDFC FIRST Bank,Remitter,83.34,92.89,13,6.98,77.41,19.98
2024-04,Karur Vysya Bank,Remitter,65.73,93.97,22,5.82,61.77,27.82
2024-04,Jammu and Kashmir Bank,Remitter,58.65,94.07,1.16,4.77,55.17,5.93
2024-04,Bandhan Bank,Remitter,55.96,92.46,1.81,5.73,51.74,7.54
2024-04,South Indian Bank,Remitter,52.51,95.4,12,4.47,50.09,16.47
2024-04,Tri O Tech Solutions Private Limited,Remitter,46.64,100,0,0,46.64,0
2024-04,AU small Finance Bank,Remitter,45.86,92.76,1.05,6.19,42.54,7.24
2024-04,Ujjivan Small Finance Bank,Remitter,42.92,94.15,24,5.62,40.41,29.62
2024-04,City Union Bank,Remitter,39.67,92.8,29,6.91,36.81,35.91
2024-04,Tamilnad Mercantile Bank,Remitter,36.11,91.84,59,7.57,33.16,66.57
2024-04,Punjab and Sind Bank,Remitter,34.51,82.94,9.01,8.05,28.62,17.06
2024-04,Equitas Bank,Remitter,32.32,92.77,7,7.15,29.98,14.15
2024-04,Andhra Pradesh Grameena Vikas Bank,Remitter,29.08,85.16,1.78,13.06,24.76,14.84
2024-04,Kerala Gramin Bank,Remitter,27.5,92.37,1.42,6.21,25.4,7.63
2024-04,Pragathi Krishna Gramin Bank,Remitter,26.83,88.21,3.72,8.07,23.67,11.79
2024-04,DBS Bank India Limited,Remitter,26.42,94.37,17,5.46,24.93,22.46
2024-04,Maharashtra Gramin Bank,Remitter,25.64,85.76,2.54,11.7,21.99,14.24
2024-04,Rajasthan Marudhara Gramin Bank,Remitter,24.19,86.99,99,12.02,21.04,111.02
2024-04,Standard Chartered,Remitter,24.01,96.49,66,2.85,23.17,68.85
2024-04,Saraswat Bank,Remitter,23.34,94.9,62,4.48,22.15,66.48
2024-04,Baroda UP Gramin Bank,Remitter,22.48,75.41,15.41,9.17,16.95,24.58
2024-04,Fincare Small Finance Bank Ltd,Remitter,21.68,84.95,59,14.46,18.42,73.46
2024-04,ESAF Small Finance Bank Ltd.,Remitter,21.48,94.68,40,4.92,20.34,44.92
2024-04,Citi Bank,Remitter,19.73,96.53,36,3.11,19.05,39.11
2024-04,Sarva Haryana Gramin Bank,Remitter,18.34,91.76,74,7.5,16.83,81.5
2024-04,Andhra Pragathi Grameena Bank,Remitter,18.19,79.51,5.92,14.58,14.46,20.5
2024-04,RBL Bank Limited,Remitter,15.1,89.02,72,10.26,13.44,82.26
2025-04,State Bank of India,Remitter,4850.52,91.83,0.75,7.42,4454.23,8.17
2025-04,HDFC Bank Ltd.,Remitter,1471.2,94.26,0,5.74,1386.75,5.74
2025-04,Bank of Baroda,Remitter,1243.19,89.74,0.01,10.25,1115.64,10.26
2025-04,Union Bank of India,Remitter,1139.95,91.34,0.47,8.18,1041.23,8.65
2025-04,Punjab National Bank,Remitter,1033.6,90.9,0.36,8.74,939.54,9.1
2025-04,Kotak Mahindra Bank,Remitter,917.25,90.42,0,9.58,829.38,9.58
2025-04,Canara Bank,Remitter,876.59,91.88,0.14,7.97,805.41,8.11
2025-04,Axis Bank Ltd.,Remitter,837.82,93.69,0.01,6.3,784.95,6.31
2025-04,ICICI Bank Ltd.,Remitter,697.48,95.29,0.03,4.68,664.63,4.71
2025-04,Indian Bank,Remitter,581.43,91.5,0,8.5,532.01,8.5
2025-04,Bank Of India,Remitter,578.05,91.29,0.92,7.79,527.7,8.71
2025-04,Airtel Payments Bank Limited,Remitter,567.67,83.13,0.46,16.41,471.9,16.87
2025-04,India Post Payments Bank Limited,Remitter,554.68,86.07,0.21,13.73,477.41,13.94
2025-04,Indian Overseas Bank,Remitter,288.12,92.05,0.22,7.73,265.21,7.95
2025-04,Central Bank of India,Remitter,260.39,85.82,0.64,13.54,223.47,14.18
2025-04,UCO Bank,Remitter,252.89,89.27,0.33,10.4,225.75,10.73
2025-04,Federal Bank Ltd.,Remitter,245.91,91.5,0,8.49,225.01,8.49
2025-04,Fino Payments Bank Ltd.,Remitter,209.14,86.54,0.1,13.35,180.99,13.45
2025-04,Bank of Maharashtra,Remitter,205.33,92.15,0.05,7.8,189.21,7.85
2025-04,Indusind Bank Ltd.,Remitter,199.26,88.17,0.1,11.74,175.69,11.84
2025-04,IDBI Bank Ltd.,Remitter,195.97,92.72,0.15,7.12,181.7,7.27
2025-04,Yes Bank Ltd.,Remitter,168.8,89.21,0.03,10.76,150.59,10.79
2025-04,Karnataka Bank,Remitter,137.3,89.51,1.27,9.22,122.9,10.49
2025-04,IDFC Bank Ltd.,Remitter,111.75,91.64,0.01,8.35,102.41,8.36
2025-04,Tri O Tech Solutions Private Limited,Remitter,99.59,100,0,0,99.59,0
2025-04,The Jammu & Kashmir Bank Limited,Remitter,94.27,92.37,1.05,6.58,87.08,7.63
2025-04,Karur Vysya Bank,Remitter,87.89,92.36,0.2,7.44,81.18,7.64
2025-04,Bandhan Bank limited,Remitter,82.44,93.75,0.64,5.62,77.29,6.26
2025-04,AU Small Finance Bank,Remitter,73.95,87.39,0.27,12.34,64.62,12.61
2025-04,The South Indian Bank Limited,Remitter,66.92,94.08,0.01,5.91,62.96,5.92
2025-04,Punjab and Sind Bank,Remitter,54.5,90.17,0.47,9.36,49.14,9.83
2025-04,City Union Bank,Remitter,52.19,90.55,0.27,9.18,47.26,9.45
2025-04,Ujjivan Small Finance Bank Limited,Remitter,51.6,91.96,0.94,7.09,47.45,8.03
2025-04,Tamilnad Mercantile Bank Limited,Remitter,50.57,91.59,0.14,8.27,46.32,8.41
2025-04,JIO Payments Bank Ltd,Remitter,49.43,79.3,0.58,20.13,39.2,20.71
2025-04,Baroda U.P. Bank,Remitter,43.04,91.8,1.4,6.8,39.51,8.2
2025-04,Kerala Gramin Bank,Remitter,41.93,91.12,1.2,7.68,38.21,8.88
2025-04,RBL Bank Ltd.,Remitter,36.09,92.76,0.45,6.8,33.48,7.25
2025-04,Telangana Grameena Bank,Remitter,36.07,85.88,1.21,12.91,30.98,14.12
2025-04,Maharashtra Gramin Bank,Remitter,35.66,84.44,2.73,12.84,30.11,15.57
2025-04,Karnataka Gramin Bank,Remitter,34.52,86.08,2.8,11.12,29.71,13.92
2025-04,Rajasthan Marudhara Gramin Bank,Remitter,33.47,82.68,0.31,17.01,27.67,17.32
2025-04,NSDL Payments Bank Limited,Remitter,33.14,78.01,1.32,20.66,25.85,21.98
2025-04,DBS Bank India Limited,Remitter,31.44,91.81,0.01,8.18,28.87,8.19
2025-04,ESAF Small Finance Bank Ltd,Remitter,30.46,94.78,0.05,5.17,28.87,5.22
2025-04,Equitas Small Finance Bank,Remitter,30.39,90.12,0.44,9.44,27.39,9.88
2025-04,Saraswat Co-operative Bank,Remitter,28.81,94.13,0,5.86,27.12,5.86
2025-04,Andhra Pragathi Grameena Bank,Remitter,28.12,82.07,5.22,12.71,23.08,17.93
2025-04,Standard Chartered Bank,Remitter,27.01,94.52,0.97,4.5,25.53,5.47
2025-04,Sarva Haryana Gramin Bank,Remitter,23.95,93.23,1.73,5.04,22.33,6.77
2026-04,State Bank Of India,Remitter,6183.11,91.57,17,8.25,5661.87,25.25
2026-04,Hdfc Bank Ltd.,Remitter,1669.79,93.68,5,6.28,1564.26,11.28
2026-04,Bank Of Baroda,Remitter,1638.53,88.32,6,11.62,1447.15,17.62
2026-04,Union Bank Of India,Remitter,1447.9,90.79,0,9.21,1314.55,9.21
2026-04,Punjab National Bank,Remitter,1315.38,88.57,32,11.11,1165.03,43.11
2026-04,Canara Bank,Remitter,1152.59,91.22,26,8.52,1051.39,34.52
2026-04,Kotak Mahindra Bank,Remitter,1123.84,89.68,1,10.31,1007.86,11.31
2026-04,Axis Bank Ltd.,Remitter,1017.31,93.64,1,6.36,952.61,7.36
2026-04,India Post Payments Bank Limited,Remitter,869.56,81.68,76,17.57,710.26,93.57
2026-04,Indian Bank,Remitter,783.67,89.65,8,10.27,702.56,18.27
2026-04,Icici Bank Ltd.,Remitter,775.63,95.61,0,4.39,741.58,4.39
2026-04,Airtel Payments Bank Limited,Remitter,772.45,74.38,34,25.28,574.55,59.28
2026-04,Bank Of India,Remitter,712.52,91.33,4,8.63,650.74,12.63
2026-04,Indian Overseas Bank,Remitter,412.91,91.14,10,8.76,376.33,18.76
2026-04,Central Bank Of India,Remitter,408.62,87.14,1.39,11.47,356.07,12.86
2026-04,Uco Bank,Remitter,329.07,86.58,15,13.27,284.91,28.27
2026-04,Federal Bank Ltd.,Remitter,288.29,90.93,5,9.02,262.14,14.02
2026-04,Fino Payments Bank Ltd.,Remitter,268.5,77.64,22,22.14,208.46,44.14
2026-04,Bank Of Maharashtra,Remitter,259.61,90.76,15,9.09,235.62,24.09
2026-04,Indusind Bank Ltd.,Remitter,248.08,85.99,11,13.9,213.32,24.9
2026-04,Idbi Bank Ltd.,Remitter,226.76,91.74,11,8.15,208.03,19.15
2026-04,Tri O Tech Solutions Private Limited,Remitter,180.33,100,0,0,180.33,0
2026-04,Yes Bank Ltd.,Remitter,169.52,91.08,17,8.75,154.4,25.75
2026-04,Karnataka Bank,Remitter,161.94,90.54,7,9.39,146.62,16.39
2026-04,Idfc Bank Ltd.,Remitter,143.99,91.88,4,8.08,132.3,12.08
2026-04,The Jammu & Kashmir Bank Limited,Remitter,116.59,92.08,4,7.88,107.36,11.88
2026-04,Karur Vysya Bank,Remitter,104.46,92.28,20,7.53,96.4,27.53
2026-04,Jio Payments Bank Ltd,Remitter,102.39,80.65,45,18.91,82.58,63.91
2026-04,Bandhan Bank Limited,Remitter,100.26,94.9,42,4.67,95.15,46.67
2026-04,Au Small Finance Bank,Remitter,89.99,86.59,62,12.79,77.92,74.79
2026-04,Baroda U.P. Bank,Remitter,85.89,91.18,3.33,5.48,78.31,8.81
2026-04,The South Indian Bank Limited,Remitter,81.23,93.59,14,6.27,76.02,20.27
2026-04,Nsdl Payments Bank Limited,Remitter,80.35,73.05,3.67,23.28,58.7,26.95
2026-04,Slice Small Finance Bank Limited,Remitter,76.91,94.23,10,5.67,72.47,15.67
2026-04,Punjab And Sind Bank,Remitter,69.04,87.12,29,12.59,60.15,41.59
2026-04,Rajasthan Marudhara Gramin Bank,Remitter,65.75,79.61,6.03,14.36,52.34,20.39
2026-04,Tamilnad Mercantile Bank Limited,Remitter,64.04,91.45,30,8.25,58.56,38.25
2026-04,Ujjivan Small Finance Bank Limited,Remitter,63.65,86.48,75,12.78,55.04,87.78
2026-04,Karnataka Gramin Bank,Remitter,61.4,85.98,2.58,11.44,52.79,14.02
2026-04,City Union Bank,Remitter,60.88,91.38,27,8.35,55.63,35.35
2026-04,Kerala Gramin Bank,Remitter,57.67,92.76,41,6.84,53.49,47.84
2026-04,Telangana Grameena Bank,Remitter,53.21,85.61,3.09,11.3,45.55,14.39
2026-04,Chaitanya Godavari Grameena Bank,Remitter,48.58,86.3,1.03,12.67,41.92,13.7
2026-04,Maharashtra Gramin Bank,Remitter,44.54,83.24,1.17,15.59,37.08,16.76
2026-04,Esaf Small Finance Bank Ltd,Remitter,36.72,94.62,1.69,3.69,34.74,5.38
2026-04,Saraswat Co-Operative Bank,Remitter,34.24,93.48,63,5.89,32.01,68.89
2026-04,Dbs Bank India Limited,Remitter,31.89,91.08,20,8.72,29.05,28.72
2026-04,Rbl Bank Ltd.,Remitter,30.92,90.41,61,8.98,27.95,69.98
2026-04,Equitas Small Finance Bank,Remitter,29.77,88.92,6,11.02,26.47,17.02
2026-04,One Mobikwik Systems Limited,Remitter,29.23,100,0,0,29.23,0
2024-08,State Bank Of India,Remitter,4052.31,94.4,21,5.39,3825.38,26.39
2024-08,HDFC Bank Ltd.,Remitter,1270.59,95.28,6,4.66,1210.62,10.66
2024-08,Bank of Baroda,Remitter,985.86,92.45,60,6.95,911.43,66.95
2024-08,Union Bank Of India,Remitter,941.93,93.51,65,5.83,880.8,70.83
2024-08,Punjab national Bank,Remitter,835,91.99,9,7.92,768.12,16.92
2024-08,Kotak Mahindra Bank,Remitter,772.93,92.43,9,7.48,714.42,16.48
2024-08,Axis bank Ltd.,Remitter,730.47,95.47,0,4.53,697.38,4.53
2024-08,Canara Bank,Remitter,722.42,93.11,78,6.11,672.65,84.11
2024-08,ICICI Bank Ltd.,Remitter,648.75,96.15,9,3.76,623.77,12.76
2024-08,Bank Of India,Remitter,478.26,93.86,53,5.61,448.89,58.61
2024-08,Indian Bank,Remitter,462.16,94.02,6,5.92,434.52,11.92
2024-08,Airtel Payments Bank Ltd,Remitter,437.93,90.01,15,9.84,394.18,24.84
2024-08,India Post Payments Bank Ltd,Remitter,349.66,88.27,74,10.99,308.64,84.99
2024-08,Federal bank Ltd.,Remitter,221.37,94.22,3,5.75,208.57,8.75
2024-08,Central Bank of India,Remitter,218.28,88.36,59,11.05,192.87,70.05
2024-08,Indian Overseas Bank,Remitter,217.93,92.44,1.64,5.92,201.45,7.56
2024-08,UCO Bank,Remitter,200.84,92.29,12,7.59,185.36,19.59
2024-08,IDBI Bank,Remitter,166.58,94.17,26,5.57,156.87,31.57
2024-08,Indusind Bank Ltd.,Remitter,165.7,91.49,17,8.34,151.6,25.34
2024-08,Bank of Maharashtra,Remitter,163.62,93.33,25,6.41,152.71,31.41
2024-08,Fino Payments Bank Limited,Remitter,151.38,92.78,39,6.83,140.45,45.83
2024-08,Yes Bank Ltd.,Remitter,126.41,93.91,23,5.87,118.71,28.87
2024-08,Karnataka Bank,Remitter,117.67,92.78,21,7.01,109.17,28.01
2024-08,IDFC First Bank Ltd,Remitter,89.97,93.64,23,6.13,84.25,29.13
2024-08,Karur Vysya Bank,Remitter,74.18,92.49,1.3,6.22,68.61,7.52
2024-08,AU small Finance Bank,Remitter,69.4,91.26,2,8.72,63.33,10.72
2024-08,The Jammu & Kashmir Bank Limited,Remitter,69.35,92.93,2.06,5.02,64.45,7.08
2024-08,Bandhan Bank limited,Remitter,66.15,93.24,1.03,5.73,61.68,6.76
2024-08,The South Indian Bank Limited,Remitter,60.3,95.07,5,4.88,57.33,9.88
2024-08,Tri O Tech Solutions Private Limited,Remitter,57.12,100,0,0,57.12,0
2024-08,Ujjivan Small Finance Bank Limited,Remitter,45.73,94.25,42,5.32,43.1,47.32
2024-08,City Union Bank,Remitter,44.59,92.78,49,6.73,41.37,55.73
2024-08,Punjab and Sind Bank,Remitter,42.38,92.12,49,7.39,39.04,56.39
2024-08,Tamilnad Mercantile Bank Limited,Remitter,41.5,91.74,46,7.81,38.07,53.81
2024-08,Kerala Gramin Bank,Remitter,34.73,90.77,2.87,6.37,31.52,9.24
2024-08,Equitas Small Finance Bank Ltd,Remitter,32.89,92.09,66,7.25,30.29,73.25
2024-08,Karnataka Gramin Bank (Erstwhile Pragathi Krishna Gramin Bank),Remitter,30.19,84.79,7.83,7.38,25.6,15.21
2024-08,Andhra Pradesh Grameena Vikas Bank - IMPS,Remitter,28.61,86.25,91,12.84,24.68,103.84
2024-08,DBS Bank India Limited,Remitter,28.32,93.8,3,6.18,26.56,9.18
2024-08,Standard Chartered Bank,Remitter,26.22,97.09,3,2.89,25.46,5.89
2024-08,ESAF Small Finance Bank Ltd.,Remitter,25.47,95.08,21,4.72,24.22,25.72
2024-08,Saraswat Co-operative Bank,Remitter,25.08,95.11,13,4.76,23.85,17.76
2024-08,Maharashtra Gramin Bank,Remitter,24.99,86.37,1.35,12.27,21.58,13.62
2024-08,Baroda U.P. Bank (Erstwhile Baroda Uttar Pradesh Gramin Bank),Remitter,24.96,88.53,2.68,8.79,22.1,11.47
2024-08,Rajasthan Marudhara Gramin Bank,Remitter,23.83,86.87,2.58,10.55,20.7,13.13
2024-08,Sarva Haryana Gramin Bank,Remitter,20.33,87.7,5.7,6.6,17.83,12.3
2024-08,Jio Payments Bank limited,Remitter,20.1,82.02,2.94,15.04,16.49,17.98
2024-08,RBL Bank Ltd.,Remitter,18.51,90.75,40,8.85,16.8,48.85
2024-08,NSDL Payments Bank Limited,Remitter,18.11,84.73,3.47,11.81,15.34,15.28
2024-08,Andhra Pragathi Grameena Bank,Remitter,17.78,85.45,1.61,12.94,15.19,14.55
2025-08,State Bank of India,Remitter,5368.74,93.66,42,5.92,5028.36,47.92
2025-08,HDFC Bank Ltd.,Remitter,1581.09,95.37,1,4.63,1507.89,5.63
2025-08,Bank of Baroda,Remitter,1369.53,91.44,5,8.5,1252.3,13.5
2025-08,Union Bank of India,Remitter,1233.2,92.23,75,7.02,1137.38,82.02
2025-08,Punjab National Bank,Remitter,1131.31,91.2,19,8.61,1031.75,27.61
2025-08,Kotak Mahindra Bank,Remitter,978.17,92.39,13,7.47,903.73,20.47
2025-08,Canara Bank,Remitter,970.63,92.73,36,6.92,900.07,42.92
2025-08,Axis Bank Ltd.,Remitter,902.87,94.96,2,5.03,857.37,7.03
2025-08,ICICI Bank Ltd.,Remitter,752.78,95.66,52,3.82,720.11,55.82
2025-08,India Post Payments Bank Limited,Remitter,674.59,87.92,93,11.15,593.1,104.15
2025-08,Indian Bank,Remitter,653.87,93.05,14,6.81,608.43,20.81
2025-08,Airtel Payments Bank Limited,Remitter,637.23,85.83,12,14.05,546.93,26.05
2025-08,Bank Of India,Remitter,605.1,88.96,4.32,6.72,538.3,11.04
2025-08,Indian Overseas Bank,Remitter,330.15,92.9,64,6.47,306.71,70.47
2025-08,Central Bank of India,Remitter,307.77,91.12,1.08,7.81,280.44,8.89
2025-08,UCO Bank,Remitter,283.93,91.7,37,7.93,260.36,44.93
2025-08,Federal Bank Ltd.,Remitter,266.43,93.11,59,6.3,248.07,65.3
2025-08,Fino Payments Bank Ltd.,Remitter,237.47,86.17,1.42,12.42,204.63,13.84
2025-08,Bank of Maharashtra,Remitter,218.97,93.57,6,6.37,204.89,12.37
2025-08,Indusind Bank Ltd.,Remitter,216.95,90.15,26,9.59,195.58,35.59
2025-08,IDBI Bank Ltd.,Remitter,206.69,92.78,83,6.38,191.77,89.38
2025-08,Yes Bank Ltd.,Remitter,177.66,91.49,15,8.37,162.54,23.37
2025-08,Karnataka Bank,Remitter,142,92.82,7,7.11,131.8,14.11
2025-08,Tri O Tech Solutions Private Limited,Remitter,134.92,100,0,0,134.92,0
2025-08,IDFC Bank Ltd.,Remitter,120.47,93.64,8,6.28,112.81,14.28
2025-08,The Jammu & Kashmir Bank Limited,Remitter,99.01,93.01,1.17,5.82,92.09,6.99
2025-08,Karur Vysya Bank,Remitter,95.13,92.9,59,6.51,88.38,65.51
2025-08,Bandhan Bank limited,Remitter,92.44,94.48,15,5.37,87.34,20.37
2025-08,AU Small Finance Bank,Remitter,79.26,88.14,2.33,9.53,69.86,11.86
2025-08,The South Indian Bank Limited,Remitter,76.06,95.03,24,4.73,72.28,28.73
2025-08,JIO Payments Bank Ltd,Remitter,61.01,84.15,3.55,12.3,51.34,15.85
2025-08,Punjab and Sind Bank,Remitter,59.04,90.64,86,8.5,53.51,94.5
2025-08,City Union Bank,Remitter,57.26,92.59,11,7.3,53.02,18.3
2025-08,Tamilnad Mercantile Bank Limited,Remitter,55.86,92.16,1.28,6.56,51.48,7.84
2025-08,Ujjivan Small Finance Bank Limited,Remitter,54.77,90.46,1.28,8.26,49.54,9.54
2025-08,Baroda U.P. Bank,Remitter,53.78,87.67,7.63,4.69,47.15,12.32
2025-08,NSDL Payments Bank Limited,Remitter,51.33,85.08,1.3,13.62,43.67,14.92
2025-08,Kerala Gramin Bank,Remitter,50.92,90.77,2.69,6.54,46.22,9.23
2025-08,Telangana Grameena Bank,Remitter,40.42,88.02,2.47,9.51,35.58,11.98
2025-08,Maharashtra Gramin Bank,Remitter,38.08,83.77,2.44,13.79,31.9,16.23
2025-08,ESAF Small Finance Bank Ltd,Remitter,34.96,95.92,8,4.01,33.53,12.01
2025-08,Karnataka Gramin Bank,Remitter,34.89,88.91,1.26,9.83,31.02,11.09
2025-08,Rajasthan Marudhara Gramin Bank,Remitter,32.73,85.57,2.69,11.74,28.01,14.43
2025-08,RBL Bank Ltd.,Remitter,32.15,92.71,56,6.73,29.81,62.73
2025-08,Andhra Pragathi Grameena Bank,Remitter,32.07,83.11,3.77,13.12,26.65,16.89
2025-08,DBS Bank India Limited,Remitter,31.37,92.08,1.48,6.44,28.89,7.92
2025-08,Saraswat Co-operative Bank,Remitter,30.02,94.06,1.37,4.57,28.24,5.94
2025-08,Equitas Small Finance Bank,Remitter,29.43,91.02,33,8.64,26.79,41.64
2025-08,Axis Bank Credit Card,Remitter,28.41,95.02,8,4.91,27,12.91
2025-08,Sarva Haryana Gramin Bank,Remitter,26.5,92.03,3.51,4.46,24.39,7.97
2024-12,State Bank of India,Remitter,4540.13,92.94,48,6.58,4219.6,54.58
2024-12,HDFC Bank Ltd.,Remitter,1403.46,93.89,9,6.02,1317.71,15.02
2024-12,Bank of Baroda,Remitter,1125.93,91.71,10,8.19,1032.59,18.19
2024-12,Union Bank of India,Remitter,1070.69,91.91,13,7.96,984.07,20.96
2024-12,Punjab National Bank,Remitter,954.15,89.81,91,9.28,856.92,100.28
2024-12,Kotak Mahindra Bank,Remitter,872.07,90.25,5,9.7,787.04,14.7
2024-12,Canara Bank,Remitter,818.65,91.7,68,7.62,750.7,75.62
2024-12,Axis Bank Ltd.,Remitter,810.01,93.8,3,6.17,759.79,9.17
2024-12,ICICI Bank Ltd.,Remitter,700.67,95.17,11,4.72,666.83,15.72
2024-12,Bank Of India,Remitter,540.44,93.08,11,6.82,503.04,17.82
2024-12,Indian Bank,Remitter,524.93,92.51,13,7.36,485.61,20.36
2024-12,Airtel Payments Bank Limited,Remitter,521.02,87.15,18,12.67,454.07,30.67
2024-12,India Post Payments Bank Ltd.,Remitter,459.83,82.62,4.22,13.15,379.91,17.37
2024-12,Indian Overseas Bank,Remitter,257.21,92.36,65,6.99,237.56,71.99
2024-12,Federal Bank Ltd.,Remitter,245.26,91.87,6,8.07,225.32,14.07
2024-12,Central Bank of India,Remitter,244.52,85.92,43,13.64,210.09,56.64
2024-12,UCO Bank,Remitter,225.35,91.63,12,8.24,206.49,20.24
2024-12,Bank of Maharashtra,Remitter,188.42,92.05,48,7.48,173.44,55.48
2024-12,IDBI Bank Ltd.,Remitter,186.2,92.96,26,6.78,173.09,32.78
2024-12,Indusind Bank Ltd.,Remitter,185.78,88.29,18,11.53,164.03,29.53
2024-12,Fino Payments Bank Ltd.,Remitter,175.75,92.78,8,7.14,163.06,15.14
2024-12,Yes Bank Ltd.,Remitter,167.84,83.65,37,15.97,140.4,52.97
2024-12,Karnataka Bank,Remitter,132.76,92.27,8,7.65,122.5,15.65
2024-12,IDFC Bank Ltd.,Remitter,100.59,90.89,3,9.08,91.43,12.08
2024-12,Karur Vysya Bank,Remitter,83.14,92.16,39,7.44,76.62,46.44
2024-12,The Jammu & Kashmir Bank Limited,Remitter,81.64,90.33,3.89,5.78,73.75,9.67
2024-12,Bandhan Bank limited,Remitter,76.61,92.36,2.34,5.3,70.76,7.64
2024-12,Tri O Tech Solutions Private Limited,Remitter,75.47,100,0,0,75.47,0
2024-12,AU Small Finance Bank,Remitter,74.62,85.93,32,13.75,64.12,45.75
2024-12,The South Indian Bank Limited,Remitter,66.9,94.45,9,5.46,63.19,14.46
2024-12,Punjab and Sind Bank,Remitter,49.27,90.85,23,8.92,44.76,31.92
2024-12,City Union Bank,Remitter,48.89,92.29,13,7.58,45.12,20.58
2024-12,Ujjivan Small Finance Bank Limited,Remitter,48.39,94.34,72,4.94,45.65,76.94
2024-12,Tamilnad Mercantile Bank Limited,Remitter,46.51,92.08,27,7.65,42.83,34.65
2024-12,Kerala Gramin Bank,Remitter,41.21,88.28,4.95,6.77,36.38,11.72
2024-12,JIO Payments Bank Ltd,Remitter,33.99,87.33,83,11.83,29.68,94.83
2024-12,Baroda U.P. Bank,Remitter,33.15,91.84,1.29,6.86,30.44,8.15
2024-12,Equitas Small Finance Bank,Remitter,32.91,91.17,6,8.77,30,14.77
2024-12,Karnataka Gramin Bank,Remitter,32.82,86.77,4.36,8.87,28.48,13.23
2024-12,DBS Bank India Limited,Remitter,30.61,92.52,10,7.38,28.32,17.38
2024-12,Andhra Pradesh Grameena Vikas Bank,Remitter,29.81,84.21,1.64,14.15,25.1,15.79
2024-12,ESAF Small Finance Bank Ltd,Remitter,29.55,95.4,3,4.57,28.19,7.57
2024-12,Maharashtra Gramin Bank,Remitter,29.54,84.9,3.03,12.07,25.08,15.1
2024-12,Rajasthan Marudhara Gramin Bank,Remitter,29.43,85.89,1.79,12.33,25.28,14.12
2024-12,RBL Bank Ltd.,Remitter,28.58,92.56,22,7.22,26.45,29.22
2024-12,NSDL Payments Bank Limited,Remitter,28.19,85.11,1.4,13.49,23.99,14.89
2024-12,Saraswat Co-operative Bank,Remitter,28.07,93.6,37,6.03,26.27,43.03
2024-12,Standard Chartered Bank,Remitter,27.55,94.79,1.3,3.92,26.11,5.22
2024-12,Andhra Pragathi Grameena Bank,Remitter,26.11,75.39,11.16,13.44,19.68,24.6
2024-12,Sarva Haryana Gramin Bank,Remitter,21.42,89.43,4.46,6.11,19.16,10.57
2025-12,State Bank of India,Remitter,5833.74,91.89,57,7.54,5360.62,64.54
2025-12,HDFC Bank Ltd.,Remitter,1654.3,94.3,3,5.67,1560,8.67
2025-12,Bank of Baroda,Remitter,1514.5,89.57,11,10.32,1356.54,21.32
2025-12,Union Bank of India,Remitter,1346.98,90.75,58,8.66,1222.38,66.66
2025-12,Punjab National Bank,Remitter,1206.23,89.29,56,10.15,1077.04,66.15
2025-12,Axis Bank Ltd.,Remitter,1107.12,94.87,1,5.12,1050.32,6.12
2025-12,Canara Bank,Remitter,1076.87,90.95,80,8.24,979.41,88.24
2025-12,Kotak Mahindra Bank,Remitter,1075.99,90.79,1,9.19,976.89,10.19
2025-12,ICICI Bank Ltd.,Remitter,777.48,95.74,5,4.2,744.36,9.2
2025-12,India Post Payments Bank Limited,Remitter,770.88,84.39,63,14.98,650.55,77.98
2025-12,Indian Bank,Remitter,728.78,91.08,22,8.69,663.77,30.69
2025-12,Airtel Payments Bank Limited,Remitter,713.93,80.83,24,18.93,577.07,42.93
2025-12,Bank Of India,Remitter,675.44,92.49,22,7.29,624.71,29.29
2025-12,Indian Overseas Bank,Remitter,373.86,91.34,1.01,7.65,341.48,8.66
2025-12,Central Bank of India,Remitter,361.51,89.74,81,9.46,324.42,90.46
2025-12,UCO Bank,Remitter,311.19,89.39,15,10.46,278.17,25.46
2025-12,Federal Bank Ltd.,Remitter,287.32,92.27,11,7.62,265.11,18.62
2025-12,Fino Payments Bank Ltd.,Remitter,257.61,81.75,51,17.75,210.6,68.75
2025-12,Bank of Maharashtra,Remitter,241.41,92.5,27,7.23,223.3,34.23
2025-12,Indusind Bank Ltd.,Remitter,232.46,87.6,25,12.15,203.63,37.15
2025-12,IDBI Bank Ltd.,Remitter,216.21,92.87,40,6.73,200.79,46.73
2025-12,Yes Bank Ltd.,Remitter,182.31,90.49,12,9.39,164.97,21.39
2025-12,Karnataka Bank,Remitter,158.04,91.61,15,8.24,144.78,23.24
2025-12,Tri O Tech Solutions Private Limited,Remitter,157.89,100,0,0,157.89,0
2025-12,IDFC Bank Ltd.,Remitter,126.76,92.29,3,7.68,116.99,10.68
2025-12,The Jammu & Kashmir Bank Limited,Remitter,107.49,92.54,50,6.96,99.47,56.96
2025-12,Karur Vysya Bank,Remitter,102.37,92.51,12,7.37,94.7,19.37
2025-12,BANDHAN BANK LIMITED,Remitter,97.47,95.42,0,4.58,93.01,4.58
2025-12,JIO Payments Bank Ltd,Remitter,85.37,80.99,2.75,16.26,69.14,19.01
2025-12,AU Small Finance Bank,Remitter,85.25,88.18,16,11.66,75.17,27.66
2025-12,The South Indian Bank Limited,Remitter,81.38,94.38,4,5.58,76.81,9.58
2025-12,Uttar Pradesh Gramin Bank,Remitter,71.45,91.42,4.06,4.52,65.32,8.58
2025-12,NSDL Payments Bank Limited,Remitter,67.06,79.15,2.19,18.67,53.08,20.86
2025-12,Punjab and Sind Bank,Remitter,62.97,87.64,1.41,10.95,55.19,12.36
2025-12,Tamilnad Mercantile Bank Limited,Remitter,62.47,91.74,83,7.44,57.31,90.44
2025-12,City Union Bank,Remitter,61.25,91.82,7,8.11,56.24,15.11
2025-12,Ujjivan Small Finance Bank Limited,Remitter,59.73,88.34,16,11.5,52.77,27.5
2025-12,Kerala Gramin Bank,Remitter,55.2,92.26,31,7.43,50.93,38.43
2025-12,Rajasthan Gramin Bank,Remitter,54.91,84.05,3.29,12.66,46.15,15.95
2025-12,Karnataka Gramin Bank,Remitter,53.94,88.85,27,10.88,47.93,37.88
2025-12,Slice Small Finance Bank Limited,Remitter,48.39,95.36,12,4.51,46.14,16.51
2025-12,Telangana Grameena Bank,Remitter,47.72,88.63,71,10.65,42.29,81.65
2025-12,Andhra Pradesh Grameena Bank,Remitter,39.67,91.41,93,7.66,36.26,100.66
2025-12,Maharashtra Gramin Bank,Remitter,39.27,84.54,1.52,13.94,33.2,15.46
2025-12,ESAF Small Finance Bank Ltd,Remitter,36.95,95.86,30,3.85,35.42,33.85
2025-12,Saraswat Co-operative Bank,Remitter,33.09,94.17,56,5.28,31.16,61.28
2025-12,DBS Bank India Limited,Remitter,32.42,91.93,5,8.02,29.8,13.02
2025-12,RBL Bank Ltd.,Remitter,31.79,92.57,7,7.36,29.43,14.36
2025-12,Equitas Small Finance Bank,Remitter,29.61,90.25,1,9.74,26.72,10.74
2025-12,Sarva Haryana Gramin Bank,Remitter,27.78,91.17,1.87,6.97,25.33,8.84
2024-02,State Bank Of India,Remitter,3135.27,94.83,94,4.23,2973.18,98.23
2024-02,HDFC BANK LTD,Remitter,1049.59,95.71,69,3.6,1004.56,72.6
2024-02,Bank of Baroda,Remitter,786.15,93.46,1.03,5.51,734.74,6.54
2024-02,Union Bank of India,Remitter,754.01,93.8,1.68,4.52,707.26,6.2
2024-02,Punjab National Bank,Remitter,628.99,94.85,25,4.9,596.6,29.9
2024-02,ICICI Bank,Remitter,539.76,96.39,29,3.32,520.27,32.32
2024-02,Axis Bank Ltd.,Remitter,558.18,96.29,5,3.66,537.47,8.66
2024-02,Kotak Mahindra Bank,Remitter,609.79,93.1,1.42,5.48,567.71,6.9
2024-02,Canara Bank,Remitter,578.21,94.12,45,5.42,544.21,50.42
2024-02,Paytm Payments Bank,Remitter,294.2,94.39,1,5.6,277.7,6.6
2024-02,Bank of India,Remitter,389.19,94.55,90,4.55,367.98,94.55
2024-02,Indian Bank,Remitter,354.82,95.1,27,4.63,337.43,31.63
2024-02,Airtel Payments Bank,Remitter,344.18,91.11,24,8.65,313.58,32.65
2024-02,India Post Payment Bank,Remitter,271.05,83.2,3.81,13,225.51,16.81
2024-02,Federal Bank,Remitter,187.9,95.3,26,4.44,179.07,30.44
2024-02,Central Bank Of India,Remitter,179.35,82.62,7.8,9.59,148.18,17.39
2024-02,Indian Overseas Bank,Remitter,168.4,93.49,1.84,4.67,157.44,6.51
2024-02,UCO Bank,Remitter,148.69,94.51,11,5.38,140.53,16.38
2024-02,IDBI Bank Limited,Remitter,138.33,89.05,6.56,4.39,123.18,10.95
2024-02,Bank of Maharashtra,Remitter,135.58,91.92,3.26,4.82,124.63,8.08
2024-02,INDUSIND BANK,Remitter,129.68,93.37,71,5.92,121.08,76.92
2024-02,Fino Payments Bank Limited,Remitter,116.25,90.66,49,8.85,105.39,57.85
2024-02,Yes Bank Ltd,Remitter,93.4,94.7,24,5.06,88.45,29.06
2024-02,Karnataka Bank,Remitter,95.34,93.42,82,5.76,89.07,87.76
2024-02,Karur Vysya Bank,Remitter,60.33,94.05,50,5.44,56.74,55.44
2024-02,Bandhan Bank,Remitter,49.32,89.8,4.04,6.16,44.29,10.2
2024-02,South Indian Bank,Remitter,48.87,96.05,2,3.93,46.94,5.93
2024-02,IDFC FIRST Bank,Remitter,74.34,93.92,11,5.96,69.82,16.96
2024-02,Jammu and Kashmir Bank,Remitter,46.57,93.54,1.3,5.16,43.56,6.46
2024-02,City Union Bank,Remitter,36.62,93.36,43,6.21,34.19,49.21
2024-02,Ujjivan Small Finance Bank,Remitter,37.9,93.71,63,5.66,35.52,68.66
2024-02,AU small Finance Bank,Remitter,38.8,95.09,37,4.54,36.89,41.54
2024-02,Tamilnad Mercantile Bank,Remitter,32.68,93.01,54,6.45,30.4,60.45
2024-02,Equitas Bank,Remitter,28.88,93.09,4,6.87,26.88,10.87
2024-02,Standard Chartered,Remitter,26.59,95.99,1.78,2.23,25.52,4.01
2024-02,Punjab and Sind Bank,Remitter,31.49,90.85,3.16,6,28.61,9.16
2024-02,DBS Bank India Limited,Remitter,24.28,95.35,27,4.37,23.15,31.37
2024-02,Andhra Pradesh Grameena Vikas Bank,Remitter,26.19,83.85,96,15.19,21.96,111.19
2024-02,Pragathi Krishna Gramin Bank,Remitter,23.1,88.69,3.64,7.67,20.49,11.31
2024-02,CITI Bank,Remitter,18.92,95.17,37,4.45,18.01,41.45
2024-02,Maharashtra Gramin Bank,Remitter,22.28,86.73,1.75,11.53,19.32,13.28
2024-02,Kerala Gramin Bank,Remitter,25.18,90.99,2.88,6.13,22.91,9.01
2024-02,Saraswat Bank,Remitter,21.03,95.96,25,3.78,20.18,28.78
2024-02,Tri O Tech Solutions Private Limited,Remitter,37.89,100,0,0,37.89,0
2024-02,Rajasthan Marudhara Gramin Bank,Remitter,20.23,88.6,66,10.75,17.92,76.75
2024-02,ESAF Small Finance Bank Ltd.,Remitter,20.59,91.09,3.99,4.91,18.76,8.9
2024-02,Baroda UP Gramin Bank,Remitter,17.1,79.41,8.19,12.4,13.58,20.59
2024-02,Sarva Haryana Gramin Bank,Remitter,14.14,93.02,3,6.95,13.15,9.95
2024-02,RBL Bank,Remitter,15.27,81.63,10.06,8.31,12.46,18.37
2024-02,Andhra Pragathi Grameena Bank,Remitter,14.92,87.07,96,11.97,12.99,107.97
2025-02,State Bank of India,Remitter,4400.89,92.13,0.34,7.53,4054.54,7.87
2025-02,HDFC Bank Ltd.,Remitter,1335.84,93.74,0.06,6.2,1252.22,6.26
2025-02,Bank of Baroda,Remitter,1107.47,90.78,0.06,9.16,1005.36,9.22
2025-02,Union Bank of India,Remitter,1035.24,91.72,0.22,8.05,949.52,8.27
2025-02,Punjab National Bank,Remitter,925.01,89.74,0.14,10.12,830.1,10.26
2025-02,Kotak Mahindra Bank,Remitter,838.1,89.58,0.19,10.23,750.77,10.42
2025-02,Canara Bank,Remitter,799.21,90.86,0.44,8.7,726.16,9.14
2025-02,Axis Bank Ltd.,Remitter,774.8,93.21,0.02,6.78,722.19,6.8
2025-02,ICICI Bank Ltd.,Remitter,646.14,94.86,0.06,5.08,612.93,5.14
2025-02,Bank Of India,Remitter,524.43,92,0.83,7.17,482.48,8
2025-02,Indian Bank,Remitter,517.21,91.87,0.05,8.08,475.16,8.13
2025-02,Airtel Payments Bank Limited,Remitter,494.58,79.75,2.41,17.84,394.43,20.25
2025-02,India Post Payments Bank Ltd.,Remitter,488.27,84.83,1.13,14.04,414.2,15.17
2025-02,Indian Overseas Bank,Remitter,257.53,91.88,0.19,7.93,236.62,8.12
2025-02,Central Bank of India,Remitter,234.96,85.99,0.52,13.49,202.04,14.01
2025-02,Federal Bank Ltd.,Remitter,234.23,91.54,0.14,8.32,214.41,8.46
2025-02,UCO Bank,Remitter,222.51,90.4,0.38,9.22,201.15,9.6
2025-02,Bank of Maharashtra,Remitter,183.07,92.04,0.5,7.47,168.5,7.97
2025-02,Fino Payments Bank Ltd.,Remitter,182.03,89.88,0.22,9.89,163.61,10.11
2025-02,Indusind Bank Ltd.,Remitter,180.68,87.51,0.37,12.12,158.11,12.49
2025-02,IDBI Bank Ltd.,Remitter,177.38,92.32,0.34,7.34,163.76,7.68
2025-02,Yes Bank Ltd.,Remitter,150.13,86.99,0.23,12.77,130.6,13
2025-02,Karnataka Bank,Remitter,127.01,90.88,0.47,8.65,115.43,9.12
2025-02,IDFC Bank Ltd.,Remitter,99.48,90.73,0.02,9.24,90.26,9.26
2025-02,Karur Vysya Bank,Remitter,80.65,91.79,0.34,7.87,74.03,8.21
2025-02,The Jammu & Kashmir Bank Limited,Remitter,80.46,91.31,2.36,6.33,73.47,8.69
2025-02,Tri O Tech Solutions Private Limited,Remitter,76.79,100,0,0,76.79,0
2025-02,Bandhan Bank limited,Remitter,74.75,92.93,2.05,5.02,69.47,7.07
2025-02,AU Small Finance Bank,Remitter,67.04,86.79,0.43,12.78,58.18,13.21
2025-02,The South Indian Bank Limited,Remitter,63.83,93.57,0.6,5.83,59.73,6.43
2025-02,Punjab and Sind Bank,Remitter,48.34,89.73,0.59,9.68,43.38,10.27
2025-02,City Union Bank,Remitter,48.24,91.53,0.13,8.33,44.15,8.46
2025-02,Ujjivan Small Finance Bank Limited,Remitter,46.36,94.56,0.1,5.35,43.84,5.45
2025-02,Tamilnad Mercantile Bank Limited,Remitter,45.82,91.37,0.5,8.13,41.87,8.63
2025-02,Kerala Gramin Bank,Remitter,39.96,92.08,0.63,7.29,36.8,7.92
2025-02,JIO Payments Bank Ltd,Remitter,39.6,86.44,0.62,12.94,34.23,13.56
2025-02,Baroda U.P. Bank,Remitter,35.45,92.12,1.84,6.03,32.66,7.87
2025-02,Telangana Grameena Bank,Remitter,31.21,83.85,3.81,12.35,26.17,16.16
2025-02,Karnataka Gramin Bank,Remitter,31.05,88.53,1.32,10.15,27.49,11.47
2025-02,NSDL Payments Bank Limited,Remitter,30.8,68.39,15.71,15.91,21.06,31.62
2025-02,Rajasthan Marudhara Gramin Bank,Remitter,30.74,80.12,5.59,14.29,24.63,19.88
2025-02,Maharashtra Gramin Bank,Remitter,30.5,86.01,2.01,11.99,26.23,14
2025-02,ESAF Small Finance Bank Ltd,Remitter,28.79,94.28,1.57,4.15,27.14,5.72
2025-02,DBS Bank India Limited,Remitter,28.75,92.2,0.05,7.75,26.51,7.8
2025-02,RBL Bank Ltd.,Remitter,28.55,91.46,0.79,7.75,26.11,8.54
2025-02,Equitas Small Finance Bank,Remitter,28.49,89.74,0.54,9.72,25.57,10.26
2025-02,Saraswat Co-operative Bank,Remitter,26.38,93.24,0.61,6.16,24.6,6.77
2025-02,Standard Chartered Bank,Remitter,25.11,95.66,0.05,4.29,24.02,4.34
2025-02,Andhra Pragathi Grameena Bank,Remitter,23.7,83.93,3.53,12.53,19.89,16.06
2025-02,Sarva Haryana Gramin Bank,Remitter,20.73,92.58,2.9,4.52,19.19,7.42
2026-02,State Bank of India,Remitter,5518.02,92.24,4,7.73,5089.82,11.73
2026-02,HDFC Bank Ltd.,Remitter,1525.33,94.07,9,5.84,1434.88,14.84
2026-02,Bank of Baroda,Remitter,1460.03,89.37,1,10.62,1304.83,11.62
2026-02,Union Bank of India,Remitter,1285.21,91.21,1,8.79,1172.24,9.79
2026-02,Punjab National Bank,Remitter,1150.14,88.49,61,10.9,1017.76,71.9
2026-02,Canara Bank,Remitter,1029.34,91.63,15,8.22,943.18,23.22
2026-02,Kotak Mahindra Bank,Remitter,1020.92,90.24,0,9.76,921.28,9.76
2026-02,Axis Bank Ltd.,Remitter,934.11,94.09,0,5.91,878.9,5.91
2026-02,INDIA POST PAYMENTS BANK LIMITED,Remitter,769.03,82.05,59,17.36,630.99,76.36
2026-02,Indian Bank,Remitter,703.41,90.72,1,9.27,638.13,10.27
2026-02,ICICI Bank Ltd.,Remitter,691.15,95.5,0,4.5,660.05,4.5
2026-02,Airtel Payments Bank Limited,Remitter,680.62,77.78,25,21.97,529.39,46.97
2026-02,Bank Of India,Remitter,644.12,91.74,57,7.69,590.92,64.69
2026-02,Indian Overseas Bank,Remitter,369.12,91.71,9,8.19,338.52,17.19
2026-02,Central Bank of India,Remitter,357.01,88.96,80,10.24,317.6,90.24
2026-02,UCO Bank,Remitter,298.32,87.95,21,11.84,262.37,32.84
2026-02,Federal Bank Ltd.,Remitter,266.98,91.74,7,8.19,244.93,15.19
2026-02,Fino Payments Bank Ltd.,Remitter,236.38,78.72,6,21.22,186.08,27.22
2026-02,Bank of Maharashtra,Remitter,229.72,92.28,1,7.71,211.99,8.71
2026-02,Indusind Bank Ltd.,Remitter,222.25,86.77,30,12.92,192.85,42.92
2026-02,IDBI Bank Ltd.,Remitter,203.74,92.83,0,7.17,189.13,7.17
2026-02,Yes Bank Ltd.,Remitter,154.27,90.79,6,9.15,140.06,15.15
2026-02,Tri O Tech Solutions Private Limited,Remitter,147.62,100,0,0,147.62,0
2026-02,Karnataka Bank,Remitter,145.72,90.8,34,8.86,132.31,42.86
2026-02,IDFC Bank Ltd.,Remitter,143.48,92.82,42,6.77,133.18,48.77
2026-02,The Jammu & Kashmir Bank Limited,Remitter,99.71,92.09,14,7.77,91.82,21.77
2026-02,Karur Vysya Bank,Remitter,96.54,92.17,14,7.69,88.98,21.69
2026-02,BANDHAN BANK LIMITED,Remitter,92.43,94.94,25,4.8,87.75,29.8
2026-02,JIO PAYMENTS BANK LTD,Remitter,89.08,82.14,28,17.58,73.17,45.58
2026-02,AU small Finance Bank,Remitter,81.88,88,0,12,72.05,12
2026-02,The South Indian Bank Limited,Remitter,75.83,94.11,6,5.84,71.36,11.84
2026-02,Baroda U.P. Bank,Remitter,75.3,88.41,7.26,4.33,66.57,11.59
2026-02,NSDL Payments Bank Limited,Remitter,68.12,74.79,4.88,20.33,50.95,25.21
2026-02,Punjab and Sind Bank,Remitter,61.26,88.17,26,11.57,54.01,37.57
2026-02,Slice Small Finance Bank Limited,Remitter,60.71,95.03,0,4.97,57.69,4.97
2026-02,Tamilnad Mercantile Bank Limited,Remitter,59.48,91.34,70,7.97,54.33,77.97
2026-02,UJJIVAN SMALL FINANCE BANK LIMITED,Remitter,57.23,87.98,7,11.95,50.35,18.95
2026-02,City Union Bank,Remitter,57.07,91.46,20,8.34,52.2,28.34
2026-02,Rajasthan Marudhara Gramin Bank,Remitter,56.22,84.8,1.86,13.35,47.67,15.21
2026-02,Karnataka Gramin Bank,Remitter,53.13,87.04,1.45,11.51,46.24,12.96
2026-02,KERALA GRAMIN BANK,Remitter,52.11,92.54,30,7.17,48.22,37.17
2026-02,TELANGANA GRAMEENA BANK,Remitter,45.12,86.99,1.33,11.67,39.25,13
2026-02,CHAITANYA GODAVARI GRAMEENA BANK,Remitter,41.7,86.75,1.61,11.64,36.17,13.25
2026-02,Maharashtra Gramin Bank,Remitter,38.34,83.03,1.43,15.54,31.83,16.97
2026-02,ESAF SMALL FINANCE BANK LTD,Remitter,34.11,96.13,26,3.61,32.79,29.61
2026-02,RBL Bank Ltd.,Remitter,31.46,92.52,41,7.07,29.11,48.07
2026-02,Saraswat Co-operative Bank,Remitter,30.91,94.12,37,5.51,29.09,42.51
2026-02,DBS Bank India Limited,Remitter,29.9,91.17,22,8.61,27.26,30.61
2026-02,EQUITAS SMALL FINANCE BANK,Remitter,27.51,89.61,2,10.37,24.65,12.37
2026-02,SARVA HARYANA GRAMIN BANK,Remitter,26.06,89.86,2.66,7.47,23.42,10.13
2024-01,State Bank Of India,Remitter,3128.97,95.62,19,4.19,2991.92,23.19
2024-01,HDFC BANK LTD,Remitter,1040.25,96.49,0,3.51,1003.74,3.51
2024-01,Bank of Baroda,Remitter,781.72,95.28,4,4.68,744.82,8.68
2024-01,Union Bank of India,Remitter,753.66,94.51,1.15,4.34,712.28,5.49
2024-01,Punjab National Bank,Remitter,618.95,94.78,27,4.95,586.64,31.95
2024-01,Kotak Mahindra Bank,Remitter,600.83,93.64,1.17,5.19,562.62,6.36
2024-01,Canara Bank,Remitter,572.16,94.18,44,5.38,538.86,49.38
2024-01,Axis Bank Ltd.,Remitter,559.49,96.11,30,3.58,537.73,33.58
2024-01,ICICI Bank,Remitter,547.55,96.59,8,3.32,528.88,11.32
2024-01,Paytm Payments Bank,Remitter,410.06,96.3,1,3.7,394.89,4.7
2024-01,Bank of India,Remitter,389.29,95.33,8,4.59,371.11,12.59
2024-01,Indian Bank,Remitter,348.89,95.15,37,4.47,331.97,41.47
2024-01,Airtel Payments Bank,Remitter,337.05,89.95,1.07,8.98,303.18,10.05
2024-01,India Post Payment Bank,Remitter,265.13,82.66,5.14,12.2,219.16,17.34
2024-01,Federal Bank,Remitter,185.9,95.53,19,4.28,177.59,23.28
2024-01,Central Bank Of India,Remitter,178.41,85.44,5.18,9.38,152.43,14.56
2024-01,Indian Overseas Bank,Remitter,165.09,94.28,1.31,4.41,155.65,5.72
2024-01,UCO Bank,Remitter,152.41,88.37,4.16,7.47,134.68,11.63
2024-01,IDBI Bank Limited,Remitter,141.57,92.73,2.98,4.28,131.28,7.26
2024-01,Bank of Maharashtra,Remitter,136.29,94.42,97,4.61,128.69,101.61
2024-01,INDUSIND BANK,Remitter,125.63,93.06,97,5.97,116.91,102.97
2024-01,Fino Payments Bank Limited FIP,Remitter,115.14,89.66,93,9.41,103.23,102.41
2024-01,Karnataka Bank,Remitter,97.36,91.93,59,7.49,89.5,66.49
2024-01,Yes Bank Ltd,Remitter,93.47,94.92,10,4.98,88.72,14.98
2024-01,IDFC FIRST Bank,Remitter,73.92,94.2,3,5.77,69.63,8.77
2024-01,Karur Vysya Bank,Remitter,59.56,94.12,34,5.54,56.06,39.54
2024-01,Bandhan Bank,Remitter,49.22,87.51,6.32,6.16,43.07,12.48
2024-01,South Indian Bank,Remitter,48.9,96.35,11,3.55,47.12,14.55
2024-01,Jammu and Kashmir Bank,Remitter,44.46,91.55,1.24,7.21,40.7,8.45
2024-01,Ujjivan Small Finance Bank,Remitter,38.33,92.75,1.59,5.66,35.55,7.25
2024-01,AU small Finance Bank,Remitter,37.48,95.19,29,4.51,35.68,33.51
2024-01,Tri O Tech Solutions Private Limited,Remitter,36.62,100,0,0,36.62,0
2024-01,City Union Bank,Remitter,35.87,93.46,32,6.23,33.52,38.23
2024-01,Tamilnad Mercantile Bank,Remitter,32.19,92.76,26,6.99,29.86,32.99
2024-01,Punjab and Sind Bank,Remitter,30.87,93.14,76,6.1,28.75,82.1
2024-01,Equitas Bank,Remitter,28.56,93.04,0,6.96,26.57,6.96
2024-01,Standard Chartered,Remitter,26.21,97.18,50,2.33,25.47,52.33
2024-01,Andhra Pradesh Grameena Vikas Bank,Remitter,25.95,86.69,1.51,11.8,22.5,13.31
2024-01,DBS Bank India Limited,Remitter,24.57,95.78,11,4.11,23.53,15.11
2024-01,Pragathi Krishna Gramin Bank,Remitter,24.49,81.75,10.41,7.84,20.02,18.25
2024-01,Kerala Gramin Bank,Remitter,23.61,90.1,3.96,5.94,21.27,9.9
2024-01,Maharashtra Gramin Bank,Remitter,22.84,84.76,4.26,10.98,19.36,15.24
2024-01,Saraswat Bank,Remitter,21.62,94.6,87,4.52,20.45,91.52
2024-01,ESAF Small Finance Bank Ltd.,Remitter,20.91,88.57,6.37,5.06,18.52,11.43
2024-01,Rajasthan Marudhara Gramin Bank,Remitter,20.02,88.02,63,11.36,17.62,74.36
2024-01,Baroda UP Gramin Bank,Remitter,19.44,54.14,36.31,9.55,10.52,45.86
2024-01,Citibank,Remitter,19.38,96.67,26,3.07,18.73,29.07
2024-01,Fincare Small Finance Bank Ltd,Remitter,17.51,86.69,92,12.38,15.18,104.38
2024-01,RBL Bank,Remitter,15.89,82.78,11.68,5.54,13.15,17.22
2024-01,Sarva Haryana Gramin Bank,Remitter,14.96,92.64,47,6.89,13.86,53.89
2025-01,State Bank of India,Remitter,4664.49,91.22,0.84,7.93,4254.95,8.77
2025-01,HDFC Bank Ltd.,Remitter,1419.33,93.64,0.08,6.28,1329.06,6.36
2025-01,Bank of Baroda,Remitter,1159.99,91.22,0.28,8.5,1058.14,8.78
2025-01,Union Bank of India,Remitter,1086.26,91.25,0.68,8.07,991.21,8.75
2025-01,Punjab National Bank,Remitter,976.62,89.56,0.13,10.31,874.66,10.44
2025-01,Kotak Mahindra Bank,Remitter,889.41,89.73,0.06,10.22,798.07,10.28
2025-01,Canara Bank,Remitter,835.68,91.83,0.37,7.8,767.4,8.17
2025-01,Axis Bank Ltd.,Remitter,821.68,93.47,0.02,6.51,768.02,6.53
2025-01,ICICI Bank Ltd.,Remitter,692.71,94.98,0.06,4.96,657.94,5.02
2025-01,Bank Of India,Remitter,556.22,92.58,0.37,7.05,514.95,7.42
2025-01,Airtel Payments Bank Limited,Remitter,553.22,85.84,0.45,13.72,474.88,14.17
2025-01,Indian Bank,Remitter,539.83,91.9,0.06,8.04,496.1,8.1
2025-01,India Post Payments Bank Ltd.,Remitter,496.43,83.69,1.51,14.8,415.46,16.31
2025-01,Indian Overseas Bank,Remitter,264.2,92.14,0.31,7.55,243.43,7.86
2025-01,Federal Bank Ltd.,Remitter,250.01,91.29,0.24,8.47,228.23,8.71
2025-01,Central Bank of India,Remitter,246.28,85.69,0.85,13.46,211.04,14.31
2025-01,UCO Bank,Remitter,231.83,90.85,0.16,8.99,210.62,9.15
2025-01,Bank of Maharashtra,Remitter,194.89,92.3,0.09,7.61,179.88,7.7
2025-01,Indusind Bank Ltd.,Remitter,191.69,87.62,0.19,12.19,167.96,12.38
2025-01,IDBI Bank Ltd.,Remitter,188.22,92.26,0.25,7.49,173.65,7.74
2025-01,Fino Payments Bank Ltd.,Remitter,185.4,91.8,0.14,8.05,170.2,8.19
2025-01,Yes Bank Ltd.,Remitter,168.5,84.22,0.19,15.59,141.91,15.78
2025-01,Karnataka Bank,Remitter,136.62,90.2,0.14,9.67,123.23,9.81
2025-01,IDFC Bank Ltd.,Remitter,104.47,90.66,0.03,9.31,94.71,9.34
2025-01,Karur Vysya Bank,Remitter,84.1,92.02,0.34,7.64,77.39,7.98
2025-01,The Jammu & Kashmir Bank Limited,Remitter,82.35,93.48,0.21,6.31,76.98,6.52
2025-01,Tri O Tech Solutions Private Limited,Remitter,78.71,100,0,0,78.71,0
2025-01,Bandhan Bank limited,Remitter,78.53,92.71,2.01,5.28,72.81,7.29
2025-01,AU Small Finance Bank,Remitter,69.84,86.6,1.15,12.25,60.48,13.4
2025-01,The South Indian Bank Limited,Remitter,67.76,94.1,0.26,5.64,63.76,5.9
2025-01,Punjab and Sind Bank,Remitter,50.26,90.33,0.28,9.39,45.4,9.67
2025-01,City Union Bank,Remitter,49.76,91.73,0.16,8.11,45.64,8.27
2025-01,Ujjivan Small Finance Bank Limited,Remitter,49.3,94.68,0.38,4.95,46.68,5.33
2025-01,Tamilnad Mercantile Bank Limited,Remitter,47.41,91.51,0.18,8.31,43.38,8.49
2025-01,Kerala Gramin Bank,Remitter,41.85,91.6,1.01,7.39,38.33,8.4
2025-01,JIO Payments Bank Ltd,Remitter,38.84,86.01,1.63,12.36,33.41,13.99
2025-01,Baroda U.P. Bank,Remitter,35.83,90.54,3.23,6.23,32.44,9.46
2025-01,Karnataka Gramin Bank,Remitter,33.43,86.15,4.46,9.39,28.8,13.85
2025-01,Rajasthan Marudhara Gramin Bank,Remitter,31.82,81.68,5.43,12.9,25.99,18.33
2025-01,Maharashtra Gramin Bank,Remitter,31.62,86.2,1.69,12.11,27.26,13.8
2025-01,Equitas Small Finance Bank,Remitter,31.07,90.38,0.1,9.51,28.08,9.61
2025-01,DBS Bank India Limited,Remitter,30.85,92.01,0.07,7.92,28.39,7.99
2025-01,ESAF Small Finance Bank Ltd,Remitter,30.15,95.22,0.31,4.46,28.71,4.77
2025-01,RBL Bank Ltd.,Remitter,29.51,91.9,0.37,7.73,27.12,8.1
2025-01,NSDL Payments Bank Limited,Remitter,29.28,74.94,5,20.06,21.94,25.06
2025-01,Saraswat Co-operative Bank,Remitter,28.32,93.24,0.34,6.42,26.41,6.76
2025-01,Standard Chartered Bank,Remitter,26.87,95.22,0.56,4.22,25.59,4.78
2025-01,Telangana Grameena Bank,Remitter,26.64,79.06,5.13,15.81,21.06,20.94
2025-01,Andhra Pragathi Grameena Bank,Remitter,25.58,76.03,12.07,11.9,19.45,23.97
2025-01,Sarva Haryana Gramin Bank,Remitter,21.26,94.63,0.73,4.63,20.12,5.36
2026-01,State Bank of India,Remitter,5855.79,92.07,32,7.61,5391.43,39.61
2026-01,HDFC Bank Ltd.,Remitter,1651.17,94.08,5,5.87,1553.42,10.87
2026-01,Bank of Baroda,Remitter,1542.14,89.46,1,10.53,1379.6,11.53
2026-01,Union Bank of India,Remitter,1353.05,91.03,24,8.72,1231.68,32.72
2026-01,Punjab National Bank,Remitter,1222.89,88.58,54,10.88,1083.24,64.88
2026-01,Canara Bank,Remitter,1093.77,90.83,55,8.63,993.47,63.63
2026-01,Kotak Mahindra Bank,Remitter,1091.42,90.27,0,9.73,985.22,9.73
2026-01,Axis Bank Ltd.,Remitter,1016.49,94.22,0,5.78,957.74,5.78
2026-01,INDIA POST PAYMENTS BANK LIMITED,Remitter,832.71,82.08,64,17.28,683.49,81.28
2026-01,ICICI Bank Ltd.,Remitter,764.26,95.29,40,4.3,728.26,44.3
2026-01,Indian Bank,Remitter,738.42,90.76,19,9.05,670.19,28.05
2026-01,Airtel Payments Bank Limited,Remitter,738.09,78.94,18,20.89,582.65,38.89
2026-01,Bank Of India,Remitter,687.39,92.22,5,7.73,633.91,12.73
2026-01,Indian Overseas Bank,Remitter,383.18,91.59,21,8.2,350.95,29.2
2026-01,Central Bank of India,Remitter,373.55,89.66,28,10.06,334.92,38.06
2026-01,UCO Bank,Remitter,316.57,88.67,2,11.31,280.7,13.31
2026-01,Federal Bank Ltd.,Remitter,290.33,92.04,3,7.93,267.22,10.93
2026-01,Bank of Maharashtra,Remitter,246.23,92.49,1,7.5,227.74,8.5
2026-01,Indusind Bank Ltd.,Remitter,237.56,87.16,16,12.68,207.06,28.68
2026-01,Fino Payments Bank Ltd.,Remitter,229.08,78.32,77,20.92,179.42,97.92
2026-01,IDBI Bank Ltd.,Remitter,218.9,92.87,15,6.98,203.29,21.98
2026-01,Yes Bank Ltd.,Remitter,172.58,91.14,6,8.8,157.29,14.8
2026-01,Tri O Tech Solutions Private Limited,Remitter,159.92,100,0,0,159.92,0
2026-01,Karnataka Bank,Remitter,155.9,90.67,24,9.09,141.35,33.09
2026-01,IDFC Bank Ltd.,Remitter,131.03,92.19,2,7.78,120.8,9.78
2026-01,The Jammu & Kashmir Bank Limited,Remitter,105.46,91.98,31,7.71,97,38.71
2026-01,Karur Vysya Bank,Remitter,101.3,92.31,13,7.55,93.51,20.55
2026-01,BANDHAN BANK LIMITED,Remitter,99.04,95.22,29,4.49,94.31,33.49
2026-01,JIO PAYMENTS BANK LTD,Remitter,90.12,82.46,71,16.83,74.31,87.83
2026-01,AU small Finance Bank,Remitter,87.17,87.32,56,12.12,76.12,68.12
2026-01,The South Indian Bank Limited,Remitter,81.99,94.32,6,5.63,77.33,11.63
2026-01,NSDL Payments Bank Limited,Remitter,72.22,77.96,1.8,20.24,56.3,22.04
2026-01,Punjab and Sind Bank,Remitter,63.67,88.21,71,11.08,56.16,82.08
2026-01,Tamilnad Mercantile Bank Limited,Remitter,61.69,92.17,9,7.74,56.86,16.74
2026-01,UJJIVAN SMALL FINANCE BANK LIMITED,Remitter,60.33,88.73,16,11.11,53.53,27.11
2026-01,City Union Bank,Remitter,60.03,91.53,5,8.42,54.95,13.42
2026-01,Rajasthan Marudhara Gramin Bank,Remitter,57.4,84.87,1.99,13.13,48.72,15.12
2026-01,KERALA GRAMIN BANK,Remitter,57,92.43,30,7.27,52.69,37.27
2026-01,Slice Small Finance Bank Limited,Remitter,56.48,95.04,11,4.84,53.68,15.84
2026-01,Karnataka Gramin Bank,Remitter,55.87,87.39,1.02,11.59,48.82,12.61
2026-01,TELANGANA GRAMEENA BANK,Remitter,48.68,86.99,2.34,10.66,42.35,13
2026-01,CHAITANYA GODAVARI GRAMEENA BANK,Remitter,43.44,89.52,80,9.69,38.89,89.69
2026-01,Maharashtra Gramin Bank,Remitter,41.15,83.7,1.69,14.61,34.44,16.3
2026-01,ESAF SMALL FINANCE BANK LTD,Remitter,37.02,95.45,63,3.92,35.34,66.92
2026-01,Saraswat Co-operative Bank,Remitter,33.06,94.18,27,5.56,31.14,32.56
2026-01,DBS Bank India Limited,Remitter,31.99,91.47,8,8.45,29.26,16.45
2026-01,RBL Bank Ltd.,Remitter,31.06,91.64,56,7.8,28.46,63.8
2026-01,EQUITAS SMALL FINANCE BANK,Remitter,29.41,89.89,2,10.09,26.44,12.09
2026-01,SARVA HARYANA GRAMIN BANK,Remitter,27.49,91,1.1,7.91,25.02,9.01
2026-01,ONE MOBIKWIK SYSTEMS LIMITED,Remitter,24.65,99.95,0,5,24.64,5
2024-07,State Bank Of India,Remitter,3912.83,94.55,14,5.31,3699.58,19.31
2024-07,HDFC Bank Ltd.,Remitter,1214.73,95.21,0,4.78,1156.54,4.78
2024-07,Bank of Baroda,Remitter,954.81,92.35,59,7.06,881.77,66.06
2024-07,Union Bank Of India,Remitter,905.83,94.14,10,5.76,852.75,15.76
2024-07,Punjab national Bank,Remitter,837.23,89.63,10,10.27,750.41,20.27
2024-07,Kotak Mahindra Bank,Remitter,746.29,92.59,19,7.22,690.99,26.22
2024-07,Axis bank Ltd.,Remitter,697.05,95.55,0,4.45,666.03,4.45
2024-07,Canara Bank,Remitter,688.87,93.41,36,6.23,643.47,42.23
2024-07,ICICI Bank Ltd.,Remitter,629.64,96.15,2,3.83,605.4,5.83
2024-07,Bank Of India,Remitter,462.31,93.79,81,5.4,433.6,86.4
2024-07,Indian Bank,Remitter,449.31,94.1,2,5.88,422.8,7.88
2024-07,Airtel Payments Bank Ltd,Remitter,430.92,89.21,14,10.65,384.42,24.65
2024-07,India Post Payments Bank Ltd,Remitter,336.13,84.74,2.38,12.89,284.84,15.27
2024-07,Federal bank Ltd.,Remitter,214.6,94.25,4,5.71,202.26,9.71
2024-07,Central Bank of India,Remitter,211.52,88.33,32,11.36,186.84,43.36
2024-07,Indian Overseas Bank,Remitter,210.05,94.08,24,5.68,197.62,29.68
2024-07,UCO Bank,Remitter,194.92,92.01,68,7.3,179.35,75.3
2024-07,IDBI Bank,Remitter,161.72,93.74,54,5.72,151.6,59.72
2024-07,Indusind Bank Ltd.,Remitter,161.53,92.09,9,7.83,148.75,16.83
2024-07,Bank of Maharashtra,Remitter,155.62,92.94,1.15,5.91,144.63,7.06
2024-07,Fino Payments Bank Limited,Remitter,145.95,92.59,18,7.23,135.14,25.23
2024-07,Yes Bank Ltd.,Remitter,123.36,94.1,5,5.85,116.08,10.85
2024-07,Karnataka Bank,Remitter,113.52,92.56,27,7.17,105.07,34.17
2024-07,IDFC First Bank Ltd,Remitter,87.5,93.27,11,6.62,81.61,17.62
2024-07,Karur Vysya Bank,Remitter,71.96,93.18,44,6.38,67.05,50.38
2024-07,The Jammu & Kashmir Bank Limited,Remitter,68.27,89.99,5.34,4.67,61.44,10.01
2024-07,Bandhan Bank limited,Remitter,63.78,93.27,1.1,5.64,59.49,6.74
2024-07,The South Indian Bank Limited,Remitter,56.93,94.92,2,5.06,54.04,7.06
2024-07,Tri O Tech Solutions Private Limited,Remitter,52.1,99.8,0,20,52,20
2024-07,AU Small Finance Bank,Remitter,48.46,93.76,2,6.23,45.44,8.23
2024-07,Ujjivan Small Finance Bank Limited,Remitter,45.78,94.02,28,5.7,43.04,33.7
2024-07,City Union Bank,Remitter,43.4,92.8,26,6.94,40.28,32.94
2024-07,Punjab and Sind Bank,Remitter,40.75,91.88,52,7.6,37.44,59.6
2024-07,Tamilnad Mercantile Bank Limited,Remitter,40.33,91.64,20,8.16,36.96,28.16
2024-07,Equitas Small Finance Bank Ltd,Remitter,33.37,91.72,77,7.51,30.61,84.51
2024-07,Kerala Gramin Bank,Remitter,31.93,92.26,1.85,5.89,29.46,7.74
2024-07,Karnataka Gramin Bank (Erstwhile Pragathi Krishna Gramin Bank),Remitter,28.68,89.64,3.13,7.23,25.71,10.36
2024-07,Andhra Pradesh Grameena Vikas Bank - IMPS,Remitter,27.69,85.15,3.38,11.47,23.58,14.85
2024-07,DBS Bank India Limited,Remitter,27.67,93.99,3,5.98,26.01,8.98
2024-07,Rajasthan Marudhara Gramin Bank,Remitter,25.58,79.63,10.47,9.9,20.37,20.37
2024-07,Maharashtra Gramin Bank,Remitter,25.52,78.5,11.07,10.43,20.03,21.5
2024-07,Standard Chartered Bank,Remitter,25.11,97.04,1,2.95,24.37,3.95
2024-07,ESAF Small Finance Bank Ltd.,Remitter,24.06,94.84,22,4.94,22.82,26.94
2024-07,Saraswat Co-operative Bank,Remitter,23.62,94.54,33,5.13,22.33,38.13
2024-07,Baroda U.P. Bank (Erstwhile Baroda Uttar Pradesh Gramin Bank),Remitter,23.44,84.61,6.25,9.14,19.83,15.39
2024-07,AU Small Finance Bank (Erstwhile Fincare),Remitter,20.27,85.18,45,14.37,17.27,59.37
2024-07,Sarva Haryana Gramin Bank,Remitter,20.25,90.64,96,8.39,18.35,104.39
2024-07,Jio Payments Bank limited,Remitter,18.37,84.71,1.75,13.55,15.56,15.3
2024-07,Andhra Pragathi Grameena Bank,Remitter,17.96,79.8,7.99,12.21,14.33,20.2
2024-07,RBL Bank Ltd.,Remitter,17.66,90.29,84,8.87,15.95,92.87
2025-07,State Bank of India,Remitter,5214.74,93.22,0.61,6.17,4861.18,6.78
2025-07,HDFC Bank Ltd.,Remitter,1543.98,95.16,0.08,4.76,1469.25,4.84
2025-07,Bank of Baroda,Remitter,1328.01,90.7,0.22,9.08,1204.51,9.3
2025-07,Union Bank of India,Remitter,1200.25,92.81,0.2,6.98,1113.95,7.18
2025-07,Punjab National Bank,Remitter,1106.8,91.41,0.19,8.39,1011.73,8.58
2025-07,Kotak Mahindra Bank,Remitter,960.38,92.29,0.02,7.69,886.33,7.71
2025-07,Canara Bank,Remitter,942.67,92.65,0.24,7.11,873.38,7.35
2025-07,Axis Bank Ltd.,Remitter,875.5,94.64,0.04,5.33,828.57,5.37
2025-07,ICICI Bank Ltd.,Remitter,735.99,96.08,0.02,3.89,707.14,3.91
2025-07,India Post Payments Bank Limited,Remitter,637.61,88.72,0.12,11.16,565.69,11.28
2025-07,Indian Bank,Remitter,631.57,92.54,0.25,7.21,584.45,7.46
2025-07,Airtel Payments Bank Limited,Remitter,615.75,85.84,0.11,14.06,528.56,14.17
2025-07,Bank Of India,Remitter,606.19,91.22,2.44,6.34,552.97,8.78
2025-07,Indian Overseas Bank,Remitter,322.83,91.31,0.76,7.92,294.78,8.68
2025-07,Central Bank of India,Remitter,292.2,91.16,0.81,8.03,266.37,8.84
2025-07,UCO Bank,Remitter,273.67,91.41,0.18,8.42,250.16,8.6
2025-07,Federal Bank Ltd.,Remitter,257.37,93.18,0.11,6.71,239.82,6.82
2025-07,Fino Payments Bank Ltd.,Remitter,223,86.83,0.64,12.53,193.63,13.17
2025-07,Bank of Maharashtra,Remitter,213.67,93.27,0.13,6.6,199.29,6.73
2025-07,Indusind Bank Ltd.,Remitter,211.2,89.96,0.1,9.93,190,10.03
2025-07,IDBI Bank Ltd.,Remitter,204.29,93.45,0.22,6.33,190.91,6.55
2025-07,Yes Bank Ltd.,Remitter,203.24,92.22,0.11,7.68,187.43,7.79
2025-07,Karnataka Bank,Remitter,140.62,92.18,0.41,7.41,129.62,7.82
2025-07,Tri O Tech Solutions Private Limited,Remitter,124.55,100,0,0,124.55,0
2025-07,IDFC Bank Ltd.,Remitter,118.94,93.26,0.18,6.55,110.92,6.73
2025-07,The Jammu & Kashmir Bank Limited,Remitter,106.4,88.64,5.79,5.56,94.31,11.35
2025-07,Karur Vysya Bank,Remitter,95.01,92.55,0.81,6.64,87.93,7.45
2025-07,Bandhan Bank limited,Remitter,90.18,93.92,0.67,5.41,84.7,6.08
2025-07,AU Small Finance Bank,Remitter,77.71,89.21,0.68,10.11,69.33,10.79
2025-07,The South Indian Bank Limited,Remitter,72.87,94.68,0.24,5.08,68.99,5.32
2025-07,JIO Payments Bank Ltd,Remitter,58.03,86.07,1.39,12.54,49.95,13.93
2025-07,Punjab and Sind Bank,Remitter,57.19,90.96,0.87,8.17,52.02,9.04
2025-07,City Union Bank,Remitter,56.65,92.3,0.14,7.56,52.29,7.7
2025-07,Tamilnad Mercantile Bank Limited,Remitter,55.91,91.44,1.27,7.29,51.12,8.56
2025-07,Ujjivan Small Finance Bank Limited,Remitter,54.99,89.92,1.16,8.92,49.45,10.08
2025-07,Baroda U.P. Bank,Remitter,48.24,92.71,1.68,5.61,44.72,7.29
2025-07,Kerala Gramin Bank,Remitter,46.93,91.33,1.64,7.04,42.86,8.68
2025-07,NSDL Payments Bank Limited,Remitter,45.7,84.88,0.89,14.23,38.79,15.12
2025-07,Telangana Grameena Bank,Remitter,40.36,88.11,1.54,10.35,35.56,11.89
2025-07,Maharashtra Gramin Bank,Remitter,37.37,84.63,1.56,13.82,31.63,15.38
2025-07,Rajasthan Marudhara Gramin Bank,Remitter,36.15,85.28,2.38,12.34,30.83,14.72
2025-07,Karnataka Gramin Bank,Remitter,34.96,89.09,0.88,10.03,31.15,10.91
2025-07,ESAF Small Finance Bank Ltd,Remitter,33.38,95.7,0.04,4.26,31.94,4.3
2025-07,Andhra Pragathi Grameena Bank,Remitter,31.91,82.27,3.78,13.96,26.25,17.74
2025-07,DBS Bank India Limited,Remitter,31.81,93.09,0.15,6.76,29.61,6.91
2025-07,RBL Bank Ltd.,Remitter,31.22,92.43,0.48,7.09,28.86,7.57
2025-07,Equitas Small Finance Bank,Remitter,30.07,91.14,0.01,8.86,27.41,8.87
2025-07,Saraswat Co-operative Bank,Remitter,29.63,94.75,0.15,5.11,28.07,5.26
2025-07,Sarva Haryana Gramin Bank,Remitter,26.28,94.29,1.01,4.7,24.78,5.71
2025-07,Standard Chartered Bank,Remitter,23.69,95.49,0.3,4.22,22.62,4.52
2024-06,State Bank of India,Remitter,3738,94.82,22,4.95,3544.37,26.95
2024-06,HDFC Bank Ltd,Remitter,1191.85,95.43,23,4.34,1137.38,27.34
2024-06,Bank of Baroda,Remitter,912.47,93.28,33,6.39,851.15,39.39
2024-06,Union Bank of India,Remitter,869.16,93.98,28,5.74,816.84,33.74
2024-06,Punjab National Bank,Remitter,783.7,93.53,40,6.07,732.99,46.07
2024-06,Kotak Mahindra Bank Ltd,Remitter,727.46,92.2,86,6.93,670.72,92.93
2024-06,Canara Bank,Remitter,657.78,92.85,72,6.43,610.75,78.43
2024-06,Axis Bank Ltd.,Remitter,651.8,95.59,2,4.4,623.06,6.4
2024-06,ICICI Bank Ltd,Remitter,620.66,96.19,5,3.76,597.01,8.76
2024-06,Bank Of India,Remitter,444.39,94.18,32,5.51,418.53,37.51
2024-06,Indian Bank,Remitter,423.92,94.06,19,5.76,398.74,24.76
2024-06,Airtel Payments Bank Ltd,Remitter,414.12,88.87,1.01,10.12,368.03,11.13
2024-06,India Post Payments Bank Ltd,Remitter,319.04,85.95,2,12.05,274.21,14.05
2024-06,Federal Bank,Remitter,205.99,94.34,6,5.61,194.33,11.61
2024-06,Central Bank of India,Remitter,202.35,86.99,1.74,11.27,176.02,13.01
2024-06,Indian Overseas Bank,Remitter,197.11,92.98,1.48,5.54,183.27,7.02
2024-06,UCO Bank,Remitter,184.42,93.38,27,6.35,172.21,33.35
2024-06,IDBI Bank,Remitter,155.97,94.24,51,5.25,146.99,56.25
2024-06,Indusind Bank Ltd.,Remitter,155.09,91.86,46,7.68,142.47,53.68
2024-06,Bank of Maharashtra,Remitter,150.89,93.21,1.01,5.77,140.64,6.78
2024-06,Fino Payments Bank Ltd.,Remitter,140.81,92.49,36,7.16,130.24,43.16
2024-06,Yes bank Ltd.,Remitter,118.94,94.04,17,5.79,111.85,22.79
2024-06,Karnataka Bank Ltd,Remitter,108.5,93.12,46,6.42,101.04,52.42
2024-06,IDFC Bank Ltd.,Remitter,85.74,93.06,6,6.88,79.79,12.88
2024-06,Karur Vysya Bank,Remitter,67.93,93.39,47,6.14,63.44,53.14
2024-06,The Jammu And Kashmir Bank Ltd,Remitter,65.45,93.49,1.66,4.86,61.19,6.52
2024-06,Bandhan Bank Ltd.,Remitter,59.26,92.99,90,6.11,55.11,96.11
2024-06,South Indian Bank,Remitter,54.24,94.99,6,4.95,51.52,10.95
2024-06,Tri O Tech Solutions Private Limited,Remitter,50.77,100,0,0,50.77,0
2024-06,AU Small Finance Bank,Remitter,46.74,93.96,2,6.01,43.92,8.01
2024-06,Ujjivan Small Finance Bank Limited,Remitter,44.18,94.17,23,5.6,41.6,28.6
2024-06,City Union Bank Limited,Remitter,40.87,93.05,26,6.69,38.03,32.69
2024-06,Punjab & Sind Bank,Remitter,38.32,92.27,27,7.46,35.36,34.46
2024-06,Tamilnad Mercantile Bank Ltd.,Remitter,38.2,91.39,1.17,7.44,34.91,8.61
2024-06,Equitas Small Finance Bank Ltd,Remitter,32.46,92,71,7.29,29.86,78.29
2024-06,HDFC Bank Credit Card HCB,Remitter,31.15,95.19,15,4.66,29.65,19.66
2024-06,Andhra Pradesh Grameena Vikas Bank,Remitter,29.53,85.51,2.28,12.21,25.25,14.49
2024-06,Kerala Gramin Bank,Remitter,29.43,93.72,74,5.54,27.58,79.54
2024-06,Pragathi Krishna Gramin Bank,Remitter,26.98,91.24,1.83,6.93,24.62,8.76
2024-06,DBS Bank India Limited,Remitter,26.61,94.23,5,5.72,25.07,10.72
2024-06,Rajasthan Marudhara Gramin Bank,Remitter,25.44,86.22,2.22,11.56,21.93,13.78
2024-06,Maharashtra Gramin Bank,Remitter,25.16,86.97,1.61,11.42,21.88,13.03
2024-06,Standard Chartered Bank,Remitter,24.97,96.93,17,2.9,24.2,19.9
2024-06,Baroda Uttar Pradesh Gramin Bank,Remitter,24.09,74.58,15.42,10,17.97,25.42
2024-06,Saraswat Co-operative Bank Ltd.,Remitter,23.45,94.86,43,4.71,22.24,47.71
2024-06,ESAF Small Finance Bank Ltd.,Remitter,22.93,95.04,20,4.76,21.79,24.76
2024-06,Fincare Small Finance Bank Limited,Remitter,20.56,85.12,51,14.38,17.5,65.38
2024-06,Sarva Haryana Gramin Bank,Remitter,19.34,89.85,2.32,7.83,17.38,10.15
2024-06,Andhra Pragathi Grameena Bank,Remitter,18.35,80.76,6.28,12.96,14.82,19.24
2024-06,Jio Payments Bank limited,Remitter,16.8,84.8,3.59,11.61,14.25,15.2
2025-06,State Bank of India,Remitter,4917.29,93.64,0.54,5.82,4604.55,6.36
2025-06,HDFC Bank Ltd.,Remitter,1472.04,95.3,0.08,4.62,1402.85,4.7
2025-06,Bank of Baroda,Remitter,1239.11,91.09,0.03,8.88,1128.71,8.91
2025-06,Union Bank of India,Remitter,1144.76,92.95,0.11,6.94,1064.05,7.05
2025-06,Punjab National Bank,Remitter,1053,92.38,0.02,7.59,972.76,7.61
2025-06,Kotak Mahindra Bank,Remitter,906.5,92.48,0.04,7.49,838.33,7.53
2025-06,Canara Bank,Remitter,889.37,92.85,0.32,6.83,825.78,7.15
2025-06,Axis Bank Ltd.,Remitter,834.65,94.52,0.36,5.12,788.91,5.48
2025-06,ICICI Bank Ltd.,Remitter,696.88,96.24,0.03,3.74,670.68,3.77
2025-06,Indian Bank,Remitter,586.64,93.23,0.08,6.69,546.92,6.77
2025-06,India Post Payments Bank Limited,Remitter,580.38,88.95,0.41,10.65,516.25,11.06
2025-06,Bank Of India,Remitter,570.58,92.87,1.3,5.83,529.9,7.13
2025-06,Airtel Payments Bank Limited,Remitter,569.33,87.08,0.4,12.52,495.77,12.92
2025-06,Indian Overseas Bank,Remitter,298.47,92.76,0.45,6.78,276.86,7.23
2025-06,Central Bank of India,Remitter,265.57,91.64,0.42,7.94,243.37,8.36
2025-06,UCO Bank,Remitter,254.42,91.81,0.41,7.78,233.58,8.19
2025-06,Federal Bank Ltd.,Remitter,242.1,93.38,0.02,6.6,226.07,6.62
2025-06,Fino Payments Bank Ltd.,Remitter,209.27,87.38,0.88,11.74,182.86,12.62
2025-06,Bank of Maharashtra,Remitter,200.61,93.59,0.03,6.38,187.75,6.41
2025-06,Indusind Bank Ltd.,Remitter,196.57,89.94,0.64,9.41,176.8,10.05
2025-06,IDBI Bank Ltd.,Remitter,193.91,93.65,0.27,6.08,181.6,6.35
2025-06,Yes Bank Ltd.,Remitter,180.35,92.55,0.08,7.37,166.91,7.45
2025-06,Karnataka Bank,Remitter,138.5,92.41,0.25,7.34,127.99,7.59
2025-06,Tri O Tech Solutions Private Limited,Remitter,112.44,100,0,0,112.44,0
2025-06,IDFC Bank Ltd.,Remitter,112.34,93.54,0.14,6.32,105.08,6.46
2025-06,The Jammu & Kashmir Bank Limited,Remitter,97.27,93.34,0.73,5.92,90.79,6.65
2025-06,Karur Vysya Bank,Remitter,89.99,93.12,0.29,6.59,83.8,6.88
2025-06,Bandhan Bank limited,Remitter,84.89,94.23,0.49,5.28,79.99,5.77
2025-06,AU Small Finance Bank,Remitter,72.91,90.35,0.04,9.61,65.87,9.65
2025-06,The South Indian Bank Limited,Remitter,68.49,94.67,0.19,5.13,64.84,5.32
2025-06,Punjab and Sind Bank,Remitter,55.07,91.18,1.06,7.76,50.21,8.82
2025-06,City Union Bank,Remitter,52.89,92.2,0.2,7.59,48.76,7.79
2025-06,Ujjivan Small Finance Bank Limited,Remitter,52.39,91.45,0.3,8.25,47.91,8.55
2025-06,Tamilnad Mercantile Bank Limited,Remitter,52.32,93.04,0.15,6.81,48.68,6.96
2025-06,JIO Payments Bank Ltd,Remitter,52.13,85.91,1.01,13.08,44.78,14.09
2025-06,Baroda U.P. Bank,Remitter,44.19,93.21,1.23,5.56,41.19,6.79
2025-06,Kerala Gramin Bank,Remitter,43.3,91.63,1.58,6.78,39.68,8.36
2025-06,Telangana Grameena Bank,Remitter,41.11,87.07,2.79,10.14,35.79,12.93
2025-06,NSDL Payments Bank Limited,Remitter,38.69,85.05,0.74,14.21,32.91,14.95
2025-06,Karnataka Gramin Bank,Remitter,34.24,88.11,2.56,9.33,30.17,11.89
2025-06,Maharashtra Gramin Bank,Remitter,34.01,86.29,0.85,12.86,29.35,13.71
2025-06,Rajasthan Marudhara Gramin Bank,Remitter,33.3,86.73,1.47,11.81,28.88,13.28
2025-06,RBL Bank Ltd.,Remitter,32.16,93.89,0.23,5.88,30.2,6.11
2025-06,ESAF Small Finance Bank Ltd,Remitter,31.54,95.88,0.1,4.02,30.24,4.12
2025-06,DBS Bank India Limited,Remitter,30.55,93.29,0.19,6.52,28.5,6.71
2025-06,Andhra Pragathi Grameena Bank,Remitter,29.66,83.04,4.26,12.7,24.63,16.96
2025-06,Equitas Small Finance Bank,Remitter,28.87,91.34,0,8.66,26.37,8.66
2025-06,Saraswat Co-operative Bank,Remitter,28.21,94.61,0.08,5.3,26.69,5.38
2025-06,Sarva Haryana Gramin Bank,Remitter,24.99,94.6,0.84,4.55,23.64,5.39
2025-06,Standard Chartered Bank,Remitter,24.78,95.78,0.33,3.88,23.73,4.21
2026-06,State Bank of India,Remitter,6316.41,91.07,24,8.68,5752.35,32.68
2026-06,Bank of Baroda,Remitter,1693.24,86.69,59,12.73,1467.87,71.73
2026-06,HDFC Bank Ltd.,Remitter,1674.91,93.23,1,6.76,1561.52,7.76
2026-06,Union Bank of India,Remitter,1482.26,90.03,12,9.86,1334.48,21.86
2026-06,Punjab National Bank,Remitter,1386.96,88.52,85,10.64,1227.74,95.64
2026-06,Canara Bank,Remitter,1184.48,90.72,15,9.12,1074.56,24.12
2026-06,Kotak Mahindra Bank,Remitter,1134.44,88.99,1,11,1009.54,12
2026-06,Axis Bank Ltd.,Remitter,1027.17,93.24,1,6.75,957.73,7.75
2026-06,India Post Payments Bank Limited,Remitter,880.55,82,6,17.95,722.05,23.95
2026-06,Indian Bank,Remitter,783.26,88.52,23,11.25,693.34,34.25
2026-06,ICICI Bank Ltd.,Remitter,766.11,95.22,4,4.74,729.49,8.74
2026-06,Airtel Payments Bank Limited,Remitter,743.43,73.99,17,25.85,550.06,42.85
2026-06,Bank Of India,Remitter,736.01,90.73,31,8.96,667.78,39.96
2026-06,Indian Overseas Bank,Remitter,439.77,89.55,1.03,9.42,393.81,10.45
2026-06,Central Bank of India,Remitter,427.37,87.59,68,11.73,374.33,79.73
2026-06,UCO Bank,Remitter,341.95,87.57,9,12.34,299.45,21.34
2026-06,Federal Bank Ltd.,Remitter,291.75,89.92,3,10.04,262.34,13.04
2026-06,Fino Payments Bank Ltd.,Remitter,279.67,76.13,54,23.33,212.91,77.33
2026-06,Bank of Maharashtra,Remitter,258.36,90.7,33,8.96,234.33,41.96
2026-06,Indusind Bank Ltd.,Remitter,254.5,85.11,7,14.82,216.6,21.82
2026-06,IDBI Bank Ltd.,Remitter,229.43,91.3,15,8.55,209.47,23.55
2026-06,Tri O Tech Solutions Private Limited,Remitter,192.35,100,0,0,192.35,0
2026-06,Yes Bank Ltd.,Remitter,169.88,91.98,17,7.85,156.26,24.85
2026-06,IDFC Bank Ltd.,Remitter,164.31,92.53,5,7.42,152.04,12.42
2026-06,Karnataka Bank,Remitter,162.68,90.01,5,9.93,146.43,14.93
2026-06,The Jammu & Kashmir Bank Limited,Remitter,121.65,91.93,10,7.97,111.83,17.97
2026-06,Karur Vysya Bank,Remitter,108.75,92.38,16,7.46,100.46,23.46
2026-06,JIO PAYMENTS BANK LTD,Remitter,102.76,78.3,14,21.57,80.46,35.57
2026-06,BANDHAN BANK LIMITED,Remitter,100.63,94.25,17,5.58,94.84,22.58
2026-06,AU small Finance Bank,Remitter,94.61,86.13,23,13.65,81.49,36.65
2026-06,Baroda U.P. Bank,Remitter,93.81,89.93,3.65,6.43,84.36,10.08
2026-06,Slice Small Finance Bank Limited,Remitter,90.55,94.25,4,5.71,85.34,9.71
2026-06,The South Indian Bank Limited,Remitter,84.02,93.25,8,6.67,78.35,14.67
2026-06,NSDL Payments Bank Limited,Remitter,81.77,75.17,87,23.96,61.47,110.96
2026-06,Punjab and Sind Bank,Remitter,72.31,84.08,3.11,12.81,60.8,15.92
2026-06,Rajasthan Marudhara Gramin Bank,Remitter,69.82,83.28,1.52,15.2,58.15,16.72
2026-06,Tamilnad Mercantile Bank Limited,Remitter,67.91,90.39,1.12,8.49,61.38,9.61
2026-06,Slice Small Finance Bank Limited,Remitter,65.27,86.18,31,13.51,56.25,44.51
2026-06,City Union Bank,Remitter,63.42,91.38,20,8.42,57.95,28.42
2026-06,Karnataka Gramin Bank,Remitter,62.32,87.17,1.42,11.42,54.32,12.84
2026-06,KERALA GRAMIN BANK,Remitter,61.2,91.97,92,7.1,56.29,99.1
2026-06,TELANGANA GRAMEENA BANK,Remitter,57.9,79.86,6.07,14.07,46.24,20.14
2026-06,CHAITANYA GODAVARI GRAMEENA BANK,Remitter,51.04,88.65,14,11.22,45.25,25.22
2026-06,Maharashtra Gramin Bank,Remitter,44.47,81.9,3,15.1,36.42,18.1
2026-06,ESAF SMALL FINANCE BANK LTD,Remitter,37.65,94.55,2.03,3.42,35.6,5.45
2026-06,Saraswat Co-operative Bank,Remitter,34.51,92.58,1.08,6.34,31.95,7.42
2026-06,DBS Bank India Limited,Remitter,31.84,90.61,5,9.33,28.85,14.33
2026-06,SARVA HARYANA GRAMIN BANK,Remitter,30.99,88.74,1.64,9.62,27.5,11.26
2026-06,EQUITAS SMALL FINANCE BANK,Remitter,29.99,87.82,45,11.73,26.34,56.73
2026-06,One Mobikwik Systems Limited,Remitter,27.63,100,0,0,27.63,0
2024-03,State Bank Of India,Remitter,3557.54,94.99,32,4.7,3379.31,36.7
2024-03,HDFC BANK LTD,Remitter,1158.51,96.13,1,3.86,1113.68,4.86
2024-03,Bank of Baroda,Remitter,882.82,93.3,45,6.25,823.67,51.25
2024-03,Union Bank of India,Remitter,848.59,93.47,1.4,5.14,793.18,6.54
2024-03,Punjab National Bank,Remitter,728.08,94.22,23,5.54,686,28.54
2024-03,Kotak Mahindra Bank,Remitter,703.56,93.66,14,6.2,658.95,20.2
2024-03,Canara Bank,Remitter,642.81,93.72,37,5.91,602.44,42.91
2024-03,Axis Bank Ltd.,Remitter,630.13,96.07,1,3.93,605.37,4.93
2024-03,ICICI Bank,Remitter,603.62,96.4,9,3.52,581.89,12.52
2024-03,Bank of India,Remitter,434.19,94.63,34,5.03,410.87,39.03
2024-03,Indian Bank,Remitter,400.98,94.39,21,5.4,378.49,26.4
2024-03,Airtel Payments Bank,Remitter,387.91,91.25,12,8.63,353.97,20.63
2024-03,India Post Payment Bank,Remitter,312.23,80.17,5.98,13.85,250.31,19.83
2024-03,Federal Bank,Remitter,204.83,94.79,20,5.01,194.16,25.01
2024-03,Central Bank Of India,Remitter,200.37,85.98,3.33,10.69,172.28,14.02
2024-03,Indian Overseas Bank,Remitter,188.01,92.66,2.42,4.92,174.21,7.34
2024-03,UCO Bank,Remitter,171.87,93.19,91,5.9,160.17,96.9
2024-03,Bank of Maharashtra,Remitter,153.39,89.77,4.83,5.41,137.7,10.24
2024-03,IDBI Bank Limited,Remitter,151.7,93.27,1.47,5.26,141.49,6.73
2024-03,INDUSIND BANK,Remitter,142.64,92.76,47,6.76,132.31,53.76
2024-03,Fino Payments Bank Limited,Remitter,136.77,88.98,1.48,9.53,121.7,11.01
2024-03,Karnataka Bank,Remitter,106.23,92.83,1.1,6.07,98.61,7.17
2024-03,Yes Bank Ltd,Remitter,103.43,94.43,17,5.4,97.67,22.4
2024-03,Paytm Payments Bank,Remitter,98.18,89.73,3,10.25,88.1,13.25
2024-03,IDFC FIRST Bank,Remitter,83.3,92.99,28,6.72,77.46,34.72
2024-03,Karur Vysya Bank,Remitter,67.68,91.62,2.51,5.87,62.01,8.38
2024-03,Bandhan Bank,Remitter,54.03,93.13,97,5.9,50.32,102.9
2024-03,South Indian Bank,Remitter,53.06,95.66,4,4.3,50.76,8.3
2024-03,Jammu and Kashmir Bank,Remitter,52.39,94.19,80,5.01,49.35,85.01
2024-03,AU small Finance Bank,Remitter,45.2,93.76,1.23,5.01,42.38,6.24
2024-03,Tri O Tech Solutions Private Limited,Remitter,43.69,100,0,0,43.69,0
2024-03,Ujjivan Small Finance Bank,Remitter,42.64,94.16,22,5.62,40.15,27.62
2024-03,City Union Bank,Remitter,40.7,92.12,31,7.57,37.49,38.57
2024-03,Punjab and Sind Bank,Remitter,36.91,88.97,4.18,6.85,32.84,11.03
2024-03,Tamilnad Mercantile Bank,Remitter,36.68,91.4,1.75,6.86,33.53,8.61
2024-03,Equitas Bank,Remitter,32.26,92.46,28,7.26,29.83,35.26
2024-03,Andhra Pradesh Grameena Vikas Bank,Remitter,28.83,84.18,3.15,12.67,24.27,15.82
2024-03,Kerala Gramin Bank,Remitter,27.13,92.84,96,6.2,25.19,102.2
2024-03,DBS Bank India Limited,Remitter,26.67,94.7,26,5.04,25.26,31.04
2024-03,Pragathi Krishna Gramin Bank,Remitter,26.2,89.82,2.1,8.08,23.53,10.18
2024-03,Maharashtra Gramin Bank,Remitter,25.45,87.57,83,11.61,22.29,94.61
2024-03,Standard Chartered,Remitter,25.13,97.12,19,2.69,24.41,21.69
2024-03,Rajasthan Marudhara Gramin Bank,Remitter,24.86,83.35,4.78,11.87,20.72,16.65
2024-03,Saraswat Bank,Remitter,23.28,95.74,32,3.94,22.29,35.94
2024-03,Baroda UP Gramin Bank,Remitter,22.31,74.22,15.22,10.56,16.56,25.78
2024-03,ESAF Small Finance Bank Ltd.,Remitter,21.76,93.86,1.06,5.08,20.42,6.14
2024-03,Fincare Small Finance Bank Ltd,Remitter,21.32,85.1,47,14.43,18.14,61.43
2024-03,Citibank,Remitter,20.78,96.61,32,3.06,20.08,35.06
2024-03,Sarva Haryana Gramin Bank,Remitter,17.71,92.5,50,7,16.38,57
2024-03,Andhra Pragathi Grameena Bank,Remitter,17.33,84.52,2.1,13.38,14.65,15.48
2025-03,State Bank of India,Remitter,4956.07,92.01,0.9,7.09,4560.08,7.99
2025-03,HDFC Bank Ltd.,Remitter,1513.14,93.98,0.02,6,1422.05,6.02
2025-03,Bank of Baroda,Remitter,1270.6,89.47,0.03,10.5,1136.81,10.53
2025-03,Union Bank of India,Remitter,1173.28,91.58,0.06,8.36,1074.49,8.42
2025-03,Punjab National Bank,Remitter,1043.06,90.22,0.33,9.45,941.05,9.78
2025-03,Kotak Mahindra Bank,Remitter,938.6,89.78,0.02,10.19,842.68,10.21
2025-03,Canara Bank,Remitter,901.11,91.83,0.13,8.04,827.49,8.17
2025-03,Axis Bank Ltd.,Remitter,883.53,93.52,0.03,6.45,826.28,6.48
2025-03,ICICI Bank Ltd.,Remitter,730.29,95.15,0.13,4.72,694.87,4.85
2025-03,Bank Of India,Remitter,595.31,92.34,0.58,7.08,549.71,7.66
2025-03,Indian Bank,Remitter,589.5,91.56,0.23,8.21,539.75,8.44
2025-03,India Post Payments Bank Limited,Remitter,570.54,86.13,0.33,13.54,491.41,13.87
2025-03,Airtel Payments Bank Limited,Remitter,569.69,84.31,0.31,15.38,480.31,15.69
2025-03,Indian Overseas Bank,Remitter,292.32,91.93,0.4,7.67,268.73,8.07
2025-03,Central Bank of India,Remitter,266.98,86.15,0.3,13.55,230,13.85
2025-03,Federal Bank Ltd.,Remitter,256.34,91.49,0.05,8.46,234.53,8.51
2025-03,UCO Bank,Remitter,254.76,89.86,0.09,10.05,228.93,10.14
2025-03,Fino Payments Bank Ltd.,Remitter,214.85,87.62,0.21,12.18,188.25,12.39
2025-03,Bank of Maharashtra,Remitter,208.61,92.52,0.17,7.31,193.01,7.48
2025-03,Indusind Bank Ltd.,Remitter,203.78,87.95,0.03,12.02,179.22,12.05
2025-03,IDBI Bank Ltd.,Remitter,200.78,92.76,0.01,7.23,186.24,7.24
2025-03,Yes Bank Ltd.,Remitter,167.37,88.24,0.11,11.65,147.69,11.76
2025-03,Karnataka Bank,Remitter,144.19,90.64,0.61,8.75,130.69,9.36
2025-03,IDFC Bank Ltd.,Remitter,112.68,91.2,0,8.8,102.76,8.8
2025-03,Karur Vysya Bank,Remitter,90.86,91.97,0.27,7.76,83.56,8.03
2025-03,Tri O Tech Solutions Private Limited,Remitter,89.61,100,0,0,89.61,0
2025-03,The Jammu & Kashmir Bank Limited,Remitter,88.86,92.45,1.14,6.41,82.15,7.55
2025-03,Bandhan Bank limited,Remitter,82.99,92.36,2.48,5.16,76.65,7.64
2025-03,AU Small Finance Bank,Remitter,75.73,87.32,0,12.67,66.13,12.67
2025-03,The South Indian Bank Limited,Remitter,70.22,93.88,0.08,6.04,65.92,6.12
2025-03,Punjab and Sind Bank,Remitter,55.66,89.85,0.63,9.52,50.01,10.15
2025-03,City Union Bank,Remitter,54.12,90.75,0.12,9.13,49.11,9.25
2025-03,Ujjivan Small Finance Bank Limited,Remitter,53.09,93.11,0.6,6.29,49.43,6.89
2025-03,Tamilnad Mercantile Bank Limited,Remitter,51.92,91.34,0.52,8.14,47.42,8.66
2025-03,JIO Payments Bank Ltd,Remitter,48.73,78.72,7.23,14.05,38.36,21.28
2025-03,Kerala Gramin Bank,Remitter,43.54,91.33,1.32,7.35,39.77,8.67
2025-03,Baroda U.P. Bank,Remitter,43.22,90.27,2.51,7.22,39.01,9.73
2025-03,Telangana Grameena Bank,Remitter,37.03,83.67,3.42,12.91,30.98,16.33
2025-03,Karnataka Gramin Bank,Remitter,36,88.58,1.16,10.27,31.89,11.43
2025-03,Maharashtra Gramin Bank,Remitter,35.59,86.14,1.5,12.37,30.66,13.87
2025-03,RBL Bank Ltd.,Remitter,34.99,92.49,0.53,6.98,32.36,7.51
2025-03,NSDL Payments Bank Limited,Remitter,34.89,69.2,11.58,19.22,24.14,30.8
2025-03,Rajasthan Marudhara Gramin Bank,Remitter,34.54,80.78,1.71,17.51,27.9,19.22
2025-03,DBS Bank India Limited,Remitter,32.09,91.95,0.01,8.04,29.51,8.05
2025-03,ESAF Small Finance Bank Ltd,Remitter,31.85,91.5,4.26,4.25,29.14,8.51
2025-03,Equitas Small Finance Bank,Remitter,31.5,90.2,0.37,9.43,28.41,9.8
2025-03,Saraswat Co-operative Bank,Remitter,29.58,93.49,0.5,6.01,27.65,6.51
2025-03,Andhra Pragathi Grameena Bank,Remitter,28.26,83.93,3.91,12.16,23.72,16.07
2025-03,Standard Chartered Bank,Remitter,27.87,95.83,0.03,4.14,26.71,4.17
2025-03,Sarva Haryana Gramin Bank,Remitter,23.93,93.63,1.77,4.59,22.41,6.36
2026-03,State Bank Of India,Remitter,6262.1,91.97,16,7.87,5759.25,23.87
2026-03,Hdfc Bank Ltd.,Remitter,1703.53,93.73,0,6.27,1596.72,6.27
2026-03,Bank Of Baroda,Remitter,1649.23,88.67,10,11.23,1462.37,21.23
2026-03,Union Bank Of India,Remitter,1451.37,90.62,20,9.17,1315.23,29.17
2026-03,Punjab National Bank,Remitter,1301.5,88.51,13,11.35,1151.96,24.35
2026-03,Canara Bank,Remitter,1160.95,91.33,19,8.49,1060.3,27.49
2026-03,Kotak Mahindra Bank,Remitter,1134.21,89.71,14,10.15,1017.5,24.15
2026-03,Axis Bank Ltd.,Remitter,1029.58,93.65,0,6.35,964.2,6.35
2026-03,India Post Payments Bank Limited,Remitter,884.14,83,19,16.81,733.84,35.81
2026-03,Indian Bank,Remitter,794.12,90.07,12,9.8,715.26,21.8
2026-03,Airtel Payments Bank Limited,Remitter,787.26,76.37,23,23.4,601.23,46.4
2026-03,Icici Bank Ltd.,Remitter,768.31,95.27,16,4.57,731.97,20.57
2026-03,Bank Of India,Remitter,725.98,91.28,46,8.26,662.67,54.26
2026-03,Indian Overseas Bank,Remitter,417.72,91.53,2,8.45,382.34,10.45
2026-03,Central Bank Of India,Remitter,409.5,88.5,89,10.61,362.41,99.61
2026-03,Uco Bank,Remitter,335.66,87.36,8,12.56,293.23,20.56
2026-03,Federal Bank Ltd.,Remitter,293.37,91.03,9,8.88,267.05,17.88
2026-03,Fino Payments Bank Ltd.,Remitter,275.22,77.87,6,22.07,214.31,28.07
2026-03,Bank Of Maharashtra,Remitter,260.31,91.57,28,8.15,238.37,36.15
2026-03,Indusind Bank Ltd.,Remitter,249.91,86.24,17,13.59,215.52,30.59
2026-03,Idbi Bank Ltd.,Remitter,228.49,91.81,54,7.65,209.78,61.65
2026-03,Yes Bank Ltd.,Remitter,167.38,90.42,17,9.41,151.34,26.41
2026-03,Tri O Tech Solutions Private Limited,Remitter,166.67,100,0,0,166.67,0
2026-03,Idfc Bank Ltd.,Remitter,163.66,92.92,3,7.05,152.07,10.05
2026-03,Karnataka Bank,Remitter,163.57,90.6,21,9.2,148.19,30.2
2026-03,Karur Vysya Bank,Remitter,108.15,91.4,29,8.32,98.85,37.32
2026-03,The Jammu & Kashmir Bank Limited,Remitter,108.13,91.55,25,8.2,98.99,33.2
2026-03,Bandhan Bank Limited,Remitter,102.11,94.77,74,4.5,96.77,78.5
2026-03,Jio Payments Bank Ltd,Remitter,101.97,80.8,30,18.89,82.39,48.89
2026-03,Au Small Finance Bank,Remitter,92.46,87.14,10,12.76,80.57,22.76
2026-03,Baroda U.P. Bank,Remitter,90.1,84.79,10.17,5.05,76.4,15.22
2026-03,The South Indian Bank Limited,Remitter,84.24,93.51,21,6.28,78.77,27.28
2026-03,Nsdl Payments Bank Limited,Remitter,78.59,75.74,1.63,22.63,59.52,24.26
2026-03,Slice Small Finance Bank Limited,Remitter,70.17,93.96,27,5.77,65.93,32.77
2026-03,Punjab And Sind Bank,Remitter,69.58,87.47,28,12.25,60.86,40.25
2026-03,Slice Small Finance Bank Limited,Remitter,66.82,91.41,54,8.05,61.08,62.05
2026-03,Ujjivan Small Finance Bank Limited,Remitter,64.24,87.46,25,12.29,56.18,37.29
2026-03,Rajasthan Marudhara Gramin Bank,Remitter,64.16,84.83,68,14.49,54.43,82.49
2026-03,City Union Bank,Remitter,62.47,90.59,38,9.03,56.59,47.03
2026-03,Karnataka Gramin Bank,Remitter,61.01,88.01,1.14,10.86,53.69,12
2026-03,Kerala Gramin Bank,Remitter,58.84,93.23,23,6.54,54.86,29.54
2026-03,Telangana Grameena Bank,Remitter,52.64,86.27,1.84,11.89,45.41,13.73
2026-03,Chaitanya Godavari Grameena Bank,Remitter,49.65,84.05,1.2,14.76,41.73,15.96
2026-03,Maharashtra Gramin Bank,Remitter,44.51,81.31,3.46,15.23,36.19,18.69
2026-03,Esaf Small Finance Bank Ltd,Remitter,38.08,95.77,69,3.54,36.47,72.54
2026-03,Rbl Bank Ltd.,Remitter,35.74,92.39,33,7.27,33.02,40.27
2026-03,Saraswat Co-Operative Bank,Remitter,34.68,93.65,52,5.83,32.48,57.83
2026-03,Dbs Bank India Limited,Remitter,33.05,90.82,10,9.08,30.02,19.08
2026-03,Equitas Small Finance Bank,Remitter,30.52,88.84,9,11.07,27.11,20.07
2026-03,Sarva Haryana Gramin Bank,Remitter,29.02,91.15,20,8.65,26.45,28.65
2024-05,State Bank Of India,Remitter,3758.35,94.8,20,5.01,3562.92,25.01
2024-05,HDFC Bank Ltd,Remitter,1211.41,95.75,6,4.19,1159.93,10.19
2024-05,Bank of Baroda,Remitter,930.35,92.49,95,6.56,860.48,101.56
2024-05,Union Bank of India,Remitter,876.18,94.38,24,5.38,826.94,29.38
2024-05,Punjab National Bank,Remitter,785.36,93.64,31,6.05,735.41,37.05
2024-05,Kotak Mahindra Bank,Remitter,746.83,92.83,39,6.78,693.28,45.78
2024-05,Canara Bank,Remitter,670.33,92.87,98,6.15,622.54,104.15
2024-05,ICICI Bank,Remitter,627.63,96.33,5,3.62,604.6,8.62
2024-05,Axis Bank Ltd.,Remitter,627.47,95.6,2,4.39,599.86,6.39
2024-05,Bank of India,Remitter,454.54,93.16,1.68,5.16,423.45,6.84
2024-05,Indian Bank,Remitter,427.45,94.11,24,5.65,402.27,29.65
2024-05,Airtel Payments Bank,Remitter,413.75,91.27,52,8.2,377.63,60.2
2024-05,India Post Payment Bank,Remitter,317.28,86.84,70,12.47,275.53,82.47
2024-05,Federal Bank,Remitter,212.71,94.09,47,5.44,200.14,52.44
2024-05,Central Bank Of India,Remitter,206.31,87.26,1.57,11.16,180.03,12.73
2024-05,Indian Overseas Bank,Remitter,197.96,94.32,44,5.24,186.72,49.24
2024-05,UCO Bank,Remitter,184.22,93.72,11,6.16,172.65,17.16
2024-05,IDBI Bank Limited,Remitter,159.28,94.4,14,5.46,150.36,19.46
2024-05,Bank of Maharashtra,Remitter,152.68,92.45,2.06,5.48,141.15,7.54
2024-05,Indusind Bank,Remitter,150.37,92.32,31,7.38,138.82,38.38
2024-05,Fino Payments Bank Limited,Remitter,140.12,92.59,22,7.19,129.74,29.19
2024-05,Yes Bank Ltd,Remitter,121.13,94.05,5,5.9,113.92,10.9
2024-05,Karnataka Bank,Remitter,110.31,93.24,29,6.47,102.85,35.47
2024-05,IDFC First Bank,Remitter,87.12,92.89,4,7.06,80.93,11.06
2024-05,Karur Vysya Bank,Remitter,68.36,93.97,18,5.85,64.24,23.85
2024-05,Jammu and Kashmir Bank,Remitter,66.17,93.91,1.6,4.48,62.14,6.08
2024-05,Bandhan Bank,Remitter,59.24,91.7,1.6,6.7,54.32,8.3
2024-05,South Indian Bank,Remitter,54.78,95.49,10,4.41,52.31,14.41
2024-05,Tri O Tech Solutions Private Limited,Remitter,50.1,100,0,0,50.1,0
2024-05,AU small Finance Bank,Remitter,47.67,93.42,83,5.75,44.53,88.75
2024-05,Ujjivan Small Finance Bank,Remitter,45.1,93.75,61,5.64,42.28,66.64
2024-05,City Union Bank,Remitter,41.63,92.9,37,6.73,38.67,43.73
2024-05,Punjab and Sind Bank,Remitter,38.16,92.76,36,6.89,35.4,42.89
2024-05,Tamilnad Mercantile Bank,Remitter,38.01,92.38,44,7.19,35.11,51.19
2024-05,Equitas Small Finance Bank,Remitter,33.53,92.55,27,7.18,31.03,34.18
2024-05,Andhra Pradesh Grameena Vikas Bank,Remitter,29.8,85.93,2.02,12.05,25.61,14.07
2024-05,Kerala Gramin Bank,Remitter,29.05,92.97,1.37,5.66,27.01,7.03
2024-05,Pragathi Krishna Gramin Bank,Remitter,27.76,89.64,3,7.36,24.88,10.36
2024-05,DBS Bank India Limited,Remitter,27.4,94.26,16,5.59,25.83,21.59
2024-05,Maharashtra Gramin Bank,Remitter,26.27,86.04,2.39,11.57,22.6,13.96
2024-05,Rajasthan Marudhara Gramin Bank,Remitter,25.55,86.55,2.16,11.29,22.11,13.45
2024-05,Standard Chartered,Remitter,25.23,96.94,18,2.87,24.46,20.87
2024-05,Saraswat Bank,Remitter,23.75,95.17,64,4.19,22.6,68.19
2024-05,Baroda UP Gramin Bank,Remitter,23.63,78.17,12.2,9.63,18.47,21.83
2024-05,ESAF Small Finance Bank Ltd.,Remitter,22.91,95.23,23,4.54,21.82,27.54
2024-05,Fincare Small Finance Bank Ltd,Remitter,21.54,85.62,46,13.92,18.44,59.92
2024-05,Sarva Haryana Gramin Bank,Remitter,20.85,86.11,1.83,12.06,17.95,13.89
2024-05,Citi Bank,Remitter,20.03,96.49,37,3.14,19.33,40.14
2024-05,Andhra Pragathi Grameena Bank,Remitter,18.23,83.62,3.38,13,15.24,16.38
2024-05,RBL Bank Limited,Remitter,16.38,89.18,92,9.91,14.61,101.91
2025-05,State Bank of India,Remitter,4972.91,93.87,0.25,5.88,4668.07,6.13
2025-05,HDFC Bank Ltd.,Remitter,1512.37,95.02,0.12,4.86,1437.05,4.98
2025-05,Bank of Baroda,Remitter,1262.84,91.27,0.09,8.64,1152.59,8.73
2025-05,Union Bank of India,Remitter,1168.19,93.2,0.09,6.72,1088.75,6.81
2025-05,Punjab National Bank,Remitter,1068.01,92.6,0.2,7.2,988.98,7.4
2025-05,Kotak Mahindra Bank,Remitter,927.5,92.4,0.09,7.51,857.01,7.6
2025-05,Canara Bank,Remitter,903.21,93.09,0.07,6.84,840.8,6.91
2025-05,Axis Bank Ltd.,Remitter,852.6,94.85,0,5.15,808.69,5.15
2025-05,ICICI Bank Ltd.,Remitter,713.35,96.15,0.01,3.84,685.89,3.85
2025-05,Indian Bank,Remitter,593.72,92.95,0.31,6.74,551.86,7.05
2025-05,Bank Of India,Remitter,587.21,92.56,0.99,6.44,543.52,7.43
2025-05,India Post Payments Bank Limited,Remitter,576.1,89.08,0.21,10.71,513.19,10.92
2025-05,Airtel Payments Bank Limited,Remitter,573.79,86.66,0.42,12.92,497.25,13.34
2025-05,Indian Overseas Bank,Remitter,298.9,92.95,0.3,6.75,277.83,7.05
2025-05,Central Bank of India,Remitter,265.24,88.88,0.52,10.6,235.75,11.12
2025-05,UCO Bank,Remitter,259.36,91.65,0.15,8.2,237.7,8.35
2025-05,Federal Bank Ltd.,Remitter,251.18,93.02,0.11,6.87,233.65,6.98
2025-05,Fino Payments Bank Ltd.,Remitter,213.85,88.43,0.23,11.33,189.11,11.56
2025-05,Bank of Maharashtra,Remitter,204.66,93.47,0.18,6.36,191.3,6.54
2025-05,Indusind Bank Ltd.,Remitter,203.19,90.35,0.16,9.48,183.58,9.64
2025-05,IDBI Bank Ltd.,Remitter,199.11,93.43,0.47,6.1,186.03,6.57
2025-05,Yes Bank Ltd.,Remitter,175.35,92.04,0.09,7.87,161.39,7.96
2025-05,Karnataka Bank,Remitter,140.77,92.33,0.21,7.45,129.97,7.66
2025-05,IDFC Bank Ltd.,Remitter,113.06,93.44,0.05,6.51,105.64,6.56
2025-05,Tri O Tech Solutions Private Limited,Remitter,110.06,100,0,0,110.06,0
2025-05,The Jammu & Kashmir Bank Limited,Remitter,96.68,92.37,1.18,6.45,89.3,7.63
2025-05,Karur Vysya Bank,Remitter,90.61,93.23,0.14,6.62,84.48,6.76
2025-05,Bandhan Bank limited,Remitter,86.69,94.47,0.24,5.29,81.9,5.53
2025-05,AU Small Finance Bank,Remitter,73.85,90.28,0.29,9.43,66.67,9.72
2025-05,The South Indian Bank Limited,Remitter,69.84,94.78,0.11,5.11,66.19,5.22
2025-05,Punjab and Sind Bank,Remitter,56.71,91.83,0.53,7.64,52.08,8.17
2025-05,City Union Bank,Remitter,53.56,92.11,0.17,7.72,49.33,7.89
2025-05,Ujjivan Small Finance Bank Limited,Remitter,52.91,93.19,0.19,6.62,49.31,6.81
2025-05,Tamilnad Mercantile Bank Limited,Remitter,52.51,92.78,0.17,7.05,48.72,7.22
2025-05,JIO Payments Bank Ltd,Remitter,52.13,83.89,0.74,15.36,43.73,16.1
2025-05,Baroda U.P. Bank,Remitter,45.69,91.48,2.04,6.48,41.8,8.52
2025-05,Kerala Gramin Bank,Remitter,44.18,91.81,1.02,7.17,40.56,8.19
2025-05,Telangana Grameena Bank,Remitter,37.79,88.89,0.7,10.41,33.59,11.11
2025-05,RBL Bank Ltd.,Remitter,35.46,93.76,0.67,5.57,33.25,6.24
2025-05,Maharashtra Gramin Bank,Remitter,35.09,86.13,1.52,12.35,30.22,13.87
2025-05,NSDL Payments Bank Limited,Remitter,35.02,84.06,0.45,15.48,29.44,15.93
2025-05,Karnataka Gramin Bank,Remitter,34.59,89.38,1.36,9.26,30.92,10.62
2025-05,Rajasthan Marudhara Gramin Bank,Remitter,32.88,86.88,0.62,12.5,28.57,13.12
2025-05,ESAF Small Finance Bank Ltd,Remitter,32.02,95.76,0.19,4.06,30.66,4.25
2025-05,DBS Bank India Limited,Remitter,31.69,93.36,0.12,6.53,29.59,6.65
2025-05,Equitas Small Finance Bank,Remitter,30.47,91.32,0.21,8.47,27.83,8.68
2025-05,Saraswat Co-operative Bank,Remitter,28.72,95.09,0.04,4.88,27.31,4.92
2025-05,Andhra Pragathi Grameena Bank,Remitter,28.62,84.84,2.85,12.31,24.28,15.16
2025-05,Standard Chartered Bank,Remitter,28.24,95.89,0.43,3.67,27.08,4.1
2025-05,Sarva Haryana Gramin Bank,Remitter,26.07,90.17,2.87,6.96,23.51,9.83
2026-05,State Bank Of India,Remitter,6439.49,91.18,17,8.65,5871.53,25.65
2026-05,Hdfc Bank Ltd.,Remitter,1735.66,93.43,2,6.55,1621.63,8.55
2026-05,Bank Of Baroda,Remitter,1713.53,87.84,7,12.09,1505.16,19.09
2026-05,Union Bank Of India,Remitter,1508.82,90.47,1,9.52,1365.03,10.52
2026-05,Punjab National Bank,Remitter,1397.83,88.6,87,10.54,1238.48,97.54
2026-05,Canara Bank,Remitter,1205.08,90.95,9,8.95,1096.02,17.95
2026-05,Kotak Mahindra Bank,Remitter,1164.23,89.3,1,10.7,1039.66,11.7
2026-05,Axis Bank Ltd.,Remitter,1056.95,93.43,1,6.56,987.51,7.56
2026-05,India Post Payments Bank Limited,Remitter,895.96,81.48,42,18.1,730.03,60.1
2026-05,Indian Bank,Remitter,804.65,86.16,52,13.32,693.29,65.32
2026-05,Icici Bank Ltd.,Remitter,795.41,95.4,2,4.58,758.82,6.58
2026-05,Airtel Payments Bank Limited,Remitter,771.76,73.99,28,25.73,571.03,53.73
2026-05,Bank Of India,Remitter,749.48,91.15,5,8.8,683.15,13.8
2026-05,Indian Overseas Bank,Remitter,437.45,90.73,2,9.25,396.9,11.25
2026-05,Central Bank Of India,Remitter,429.9,86.54,1.54,11.91,372.04,13.45
2026-05,Uco Bank,Remitter,343.09,87.65,6,12.29,300.72,18.29
2026-05,Federal Bank Ltd.,Remitter,300.98,90.58,4,9.38,272.63,13.38
2026-05,Fino Payments Bank Ltd.,Remitter,286.37,76.41,50,23.09,218.82,73.09
2026-05,Bank Of Maharashtra,Remitter,263.89,90.82,31,8.87,239.66,39.87
2026-05,Indusind Bank Ltd.,Remitter,258.24,85.37,8,14.55,220.46,22.55
2026-05,Idbi Bank Ltd.,Remitter,234.77,90.84,77,8.39,213.27,85.39
2026-05,Tri O Tech Solutions Private Limited,Remitter,194.3,100,0,0,194.3,0
2026-05,Yes Bank Ltd.,Remitter,175.62,92.12,13,7.75,161.78,20.75
2026-05,Karnataka Bank,Remitter,167.31,90.05,21,9.74,150.66,30.74
2026-05,Idfc Bank Ltd.,Remitter,167.07,92.45,3,7.53,154.46,10.53
2026-05,The Jammu & Kashmir Bank Limited,Remitter,126.89,92.45,5,7.5,117.31,12.5
2026-05,Karur Vysya Bank,Remitter,109.01,92.42,18,7.4,100.75,25.4
2026-05,Jio Payments Bank Ltd,Remitter,106.77,80.78,14,19.07,86.25,33.07
2026-05,Bandhan Bank Limited,Remitter,101.98,93.76,93,5.3,95.62,98.3
2026-05,Au Small Finance Bank,Remitter,95.59,86.14,20,13.66,82.34,33.66
2026-05,Baroda U.P. Bank,Remitter,92.52,89.42,4.91,5.67,82.73,10.58
2026-05,Slice Small Finance Bank Limited,Remitter,85.94,94,7,5.93,80.78,12.93
2026-05,The South Indian Bank Limited,Remitter,85.44,93.16,39,6.45,79.6,45.45
2026-05,Nsdl Payments Bank Limited,Remitter,84.08,73.85,39,25.77,62.09,64.77
2026-05,Punjab And Sind Bank,Remitter,73.48,87.01,37,12.63,63.93,49.63
2026-05,Rajasthan Marudhara Gramin Bank,Remitter,67.91,84.03,71,15.26,57.06,86.26
2026-05,Tamilnad Mercantile Bank Limited,Remitter,67.33,90.84,72,8.44,61.16,80.44
2026-05,Ujjivan Small Finance Bank Limited,Remitter,66.55,86.03,23,13.73,57.25,36.73
2026-05,City Union Bank,Remitter,63.65,91.5,5,8.45,58.24,13.45
2026-05,Karnataka Gramin Bank,Remitter,63.58,86.81,1.69,11.5,55.19,13.19
2026-05,Kerala Gramin Bank,Remitter,61.29,92.72,30,6.98,56.83,36.98
2026-05,Telangana Grameena Bank,Remitter,54.81,86.71,1.57,11.72,47.53,13.29
2026-05,Chaitanya Godavari Grameena Bank,Remitter,50.14,88.36,64,11,44.3,75
2026-05,Maharashtra Gramin Bank,Remitter,46.28,83.38,1.08,15.54,38.59,16.62
2026-05,Esaf Small Finance Bank Ltd,Remitter,38.36,95.1,1.5,3.4,36.48,4.9
2026-05,Saraswat Co-Operative Bank,Remitter,35.29,92.46,100,6.54,32.63,106.54
2026-05,Sarva Haryana Gramin Bank,Remitter,32.85,84.69,1.08,14.23,27.82,15.31
2026-05,Dbs Bank India Limited,Remitter,32.61,90.71,8,9.21,29.58,17.21
2026-05,Equitas Small Finance Bank,Remitter,30.79,88.2,32,11.48,27.16,43.48
2026-05,One Mobikwik Systems Limited,Remitter,29.58,100,0,0,29.58,0
2024-11,State Bank of India,Remitter,4182.13,93.11,57,6.32,3893.98,63.32
2024-11,HDFC Bank Ltd.,Remitter,1305.92,94.07,9,5.83,1228.48,14.83
2024-11,Bank of Baroda,Remitter,1035.67,92.1,4,7.85,953.85,11.85
2024-11,Union Bank Of India,Remitter,990.08,92.48,23,7.29,915.63,30.29
2024-11,Punjab national Bank,Remitter,881.89,91.05,10,8.85,802.96,18.85
2024-11,Kotak Mahindra Bank,Remitter,804.07,90.49,23,9.28,727.6,32.28
2024-11,Axis Bank Ltd.,Remitter,764.59,94.2,1,5.78,720.24,6.78
2024-11,Canara Bank,Remitter,760.29,92.32,43,7.25,701.9,50.25
2024-11,ICICI Bank Ltd.,Remitter,651.55,95.26,18,4.56,620.67,22.56
2024-11,Bank Of India,Remitter,497.26,91.8,1.65,6.55,456.48,8.2
2024-11,Indian Bank,Remitter,484.6,92.78,17,7.05,449.61,24.05
2024-11,Airtel Payments Bank Ltd.,Remitter,471.39,87.28,93,11.79,411.43,104.79
2024-11,India Post Payments Bank Ltd.,Remitter,410.33,86.44,1.58,11.98,354.69,13.56
2024-11,Indian Overseas Bank,Remitter,232.93,93.11,22,6.67,216.88,28.67
2024-11,Federal Bank Ltd.,Remitter,230.2,91.8,19,8.01,211.32,27.01
2024-11,Central Bank of India,Remitter,223.46,86.59,1.07,12.34,193.49,13.41
2024-11,UCO Bank,Remitter,206.37,91.88,10,8.02,189.61,18.02
2024-11,Indusind Bank Ltd.,Remitter,172.82,88.99,29,10.73,153.79,39.73
2024-11,IDBI Bank Ltd.,Remitter,171.56,93.05,16,6.79,159.64,22.79
2024-11,Bank of Maharashtra,Remitter,167.64,92.54,15,7.31,155.13,22.31
2024-11,Fino Payments Bank Ltd.,Remitter,161.47,92.82,12,7.06,149.88,19.06
2024-11,YES Bank Ltd.,Remitter,155.3,83.24,40,16.36,129.27,56.36
2024-11,Karnataka Bank,Remitter,122.37,91.67,1.01,7.33,112.18,8.34
2024-11,IDFC Bank Ltd.,Remitter,93.14,91.39,20,8.41,85.12,28.41
2024-11,The Jammu & Kashmir Bank Limited,Remitter,76.44,90.29,4.29,5.42,69.02,9.71
2024-11,Karur Vysya Bank,Remitter,76.29,92.7,19,7.11,70.72,26.11
2024-11,Bandhan Bank limited,Remitter,70.96,93.36,1.55,5.09,66.25,6.64
2024-11,AU Small Finance Bank,Remitter,70.55,88.57,20,11.23,62.49,31.23
2024-11,Tri O Tech Solutions Private Limited,Remitter,67.2,100,0,0,67.2,0
2024-11,The South Indian Bank Limited,Remitter,62.85,94.65,7,5.28,59.49,12.28
2024-11,Punjab and Sind Bank,Remitter,45.44,91.51,10,8.4,41.58,18.4
2024-11,Ujjivan Small Finance Bank Limited,Remitter,45.21,94.64,38,4.99,42.79,42.99
2024-11,City Union Bank,Remitter,44.74,92.56,16,7.28,41.41,23.28
2024-11,Tamilnad Mercantile Bank Limited,Remitter,42.47,91.84,46,7.7,39,53.7
2024-11,Kerala Gramin Bank,Remitter,39.89,87.74,5.89,6.37,35,12.26
2024-11,Equitas Small Finance Bank,Remitter,31.78,91.99,3,7.98,29.23,10.98
2024-11,Andhra Pradesh Grameena Vikas Bank,Remitter,31.66,82.74,5.67,11.59,26.2,17.26
2024-11,Karnataka Gramin Bank,Remitter,30.31,88.07,3.41,8.52,26.69,11.93
2024-11,Baroda U.P. Bank,Remitter,29.74,91.65,1.69,6.65,27.26,8.34
2024-11,JIO Payments Bank Ltd,Remitter,28.8,87.77,1.24,10.99,25.28,12.23
2024-11,DBS Bank India Limited,Remitter,28.24,92.03,44,7.53,25.99,51.53
2024-11,ESAF Small Finance Bank Ltd,Remitter,27.19,95.5,11,4.39,25.97,15.39
2024-11,Rajasthan Marudhara Gramin Bank,Remitter,26.47,85.94,2.26,11.8,22.75,14.06
2024-11,Standard Chartered Bank,Remitter,25.87,95.57,64,3.79,24.72,67.79
2024-11,Maharashtra Gramin Bank,Remitter,25.8,86.35,1.09,12.55,22.28,13.64
2024-11,Saraswat Co-operative Bank,Remitter,25.49,93.87,14,5.99,23.93,19.99
2024-11,NSDL Payments Bank Limited,Remitter,24.28,86.08,1.31,12.61,20.9,13.92
2024-11,RBL Bank Ltd.,Remitter,23.47,91.69,35,7.95,21.52,42.95
2024-11,Andhra Pragathi Grameena Bank,Remitter,21.61,83.33,5.89,10.78,18.01,16.67
2024-11,Sarva Haryana Gramin Bank,Remitter,20.09,93.42,44,6.14,18.77,50.14
2025-11,State Bank of India,Remitter,5514.06,92.79,29,6.92,5116.5,35.92
2025-11,HDFC Bank Ltd.,Remitter,1587.84,94.88,2,5.1,1506.54,7.1
2025-11,Bank of Baroda,Remitter,1420.1,90.48,11,9.41,1284.91,20.41
2025-11,Union Bank of India,Remitter,1274.78,91.99,14,7.88,1172.67,21.88
2025-11,Punjab National Bank,Remitter,1130.68,90.3,28,9.43,1021,37.43
2025-11,Canara Bank,Remitter,1012.47,91.63,67,7.7,927.73,74.7
2025-11,Kotak Mahindra Bank,Remitter,1010.55,91.41,38,8.21,923.74,46.21
2025-11,Axis Bank Ltd.,Remitter,989.22,94.98,0,5.02,939.56,5.02
2025-11,ICICI Bank Ltd.,Remitter,743.57,95.93,9,3.98,713.31,12.98
2025-11,India Post Payments Bank Limited,Remitter,722.11,85.09,70,14.21,614.44,84.21
2025-11,Indian Bank,Remitter,688.17,91.09,28,8.63,626.85,36.63
2025-11,Airtel Payments Bank Limited,Remitter,655.9,81.72,23,18.05,536,41.05
2025-11,Bank Of India,Remitter,637.79,92.42,66,6.92,589.45,72.92
2025-11,Indian Overseas Bank,Remitter,353.99,91.16,2.05,6.79,322.7,8.84
2025-11,Central Bank of India,Remitter,334.49,90.4,93,8.67,302.38,101.67
2025-11,UCO Bank,Remitter,293.38,89.8,9,10.11,263.46,19.11
2025-11,Federal Bank Ltd.,Remitter,270.16,92.86,3,7.11,250.87,10.11
2025-11,Fino Payments Bank Ltd.,Remitter,242.83,81.31,1.34,17.35,197.45,18.69
2025-11,Bank of Maharashtra,Remitter,228.31,93.27,8,6.65,212.94,14.65
2025-11,Indusind Bank Ltd.,Remitter,218.34,87.95,74,11.3,192.03,85.3
2025-11,IDBI Bank Ltd.,Remitter,205.9,93.76,14,6.1,193.05,20.1
2025-11,Yes Bank Ltd.,Remitter,175.69,90.99,17,8.83,159.86,25.83
2025-11,Tri O Tech Solutions Private Limited,Remitter,148.71,100,0,0,148.71,0
2025-11,Karnataka Bank,Remitter,147.88,92.2,13,7.66,136.35,20.66
2025-11,IDFC Bank Ltd.,Remitter,121.41,92.87,5,7.08,112.75,12.08
2025-11,The Jammu & Kashmir Bank Limited,Remitter,102.21,92.45,1.23,6.32,94.49,7.55
2025-11,Karur Vysya Bank,Remitter,95.46,92.91,12,6.97,88.69,18.97
2025-11,BANDHAN BANK LIMITED,Remitter,92.91,94.34,1.12,4.54,87.65,5.66
2025-11,AU Small Finance Bank,Remitter,79.93,88.12,95,10.93,70.43,105.93
2025-11,The South Indian Bank Limited,Remitter,77.11,94.27,24,5.49,72.69,29.49
2025-11,JIO Payments Bank Ltd,Remitter,75.81,82.97,1.97,15.06,62.9,17.03
2025-11,Uttar Pradesh Gramin Bank,Remitter,65.09,91.7,3.5,4.8,59.69,8.3
2025-11,Punjab and Sind Bank,Remitter,59.84,90.13,83,9.04,53.93,92.04
2025-11,NSDL Payments Bank Limited,Remitter,58.75,81.88,69,17.43,48.1,86.43
2025-11,City Union Bank,Remitter,57.73,92.19,8,7.72,53.22,15.72
2025-11,Tamilnad Mercantile Bank Limited,Remitter,57.69,92.37,45,7.18,53.29,52.18
2025-11,Ujjivan Small Finance Bank Limited,Remitter,55.38,90.12,22,9.66,49.91,31.66
2025-11,Kerala Gramin Bank,Remitter,52.13,92.25,78,6.96,48.09,84.96
2025-11,Rajasthan Gramin Bank,Remitter,49.22,84.89,2.83,12.28,41.78,15.11
2025-11,Karnataka Gramin Bank,Remitter,48.12,87.01,2.29,10.7,41.87,12.99
2025-11,Telangana Grameena Bank,Remitter,44.51,88.25,1.57,10.18,39.28,11.75
2025-11,Slice Small Finance Bank Limited,Remitter,40.67,95.52,20,4.28,38.85,24.28
2025-11,Maharashtra Gramin Bank,Remitter,37.47,85.79,76,13.44,32.15,89.44
2025-11,ESAF Small Finance Bank Ltd,Remitter,34.85,95.3,64,4.07,33.21,68.07
2025-11,Andhra Pradesh Grameena Bank,Remitter,31.72,89.48,1.56,8.96,28.38,10.52
2025-11,Saraswat Co-operative Bank,Remitter,31.18,94.43,44,5.13,29.44,49.13
2025-11,DBS Bank India Limited,Remitter,30.93,92.4,13,7.47,28.58,20.47
2025-11,RBL Bank Ltd.,Remitter,28.73,91.68,38,7.94,26.34,45.94
2025-11,Equitas Small Finance Bank,Remitter,28.07,90.71,20,9.09,25.46,29.09
2025-11,Sarva Haryana Gramin Bank,Remitter,26.58,92.15,39,7.47,24.49,46.47
2024-10,State Bank Of India,Remitter,4478.41,92.1,1.61,6.29,4124.62,7.9
2024-10,HDFC BANK LTD.,Remitter,1409.32,94.74,2,5.24,1335.19,7.24
2024-10,Bank of Baroda,Remitter,1116.59,92.54,6,7.41,1033.29,13.41
2024-10,Union Bank of India,Remitter,1043.89,93.16,15,6.69,972.49,21.69
2024-10,Punjab National Bank,Remitter,955.82,90.92,18,8.9,869.03,26.9
2024-10,Kotak Mahindra Bank,Remitter,863.59,91.32,10,8.58,788.63,18.58
2024-10,Axis Bank Ltd.,Remitter,827.97,94.82,6,5.13,785.08,11.13
2024-10,Canara Bank,Remitter,795.21,92.55,29,7.16,735.97,36.16
2024-10,ICICI Bank Ltd.,Remitter,709.27,95.76,4,4.2,679.2,8.2
2024-10,Bank of India,Remitter,538.24,93.54,54,5.93,503.47,59.93
2024-10,Indian Bank,Remitter,513.28,93.41,18,6.42,479.45,24.42
2024-10,Airtel Payments Bank Limited,Remitter,500.76,89.46,19,10.35,447.98,29.35
2024-10,India Post Payments Bank Limited,Remitter,434.48,87.51,1.25,11.24,380.21,12.49
2024-10,Indian Overseas Bank,Remitter,244.05,91.68,2.19,6.13,223.75,8.32
2024-10,Central Bank Of India,Remitter,241.37,86.85,92,12.22,209.63,104.22
2024-10,Federal Bank Ltd.,Remitter,238.16,92.59,31,7.1,220.51,38.1
2024-10,UCO Bank,Remitter,220.3,92.16,16,7.68,203.03,23.68
2024-10,Bank of Maharashtra,Remitter,187.72,92.94,42,6.64,174.47,48.64
2024-10,IDBI Bank Ltd.,Remitter,186.35,93.67,18,6.15,174.55,24.15
2024-10,INDUSIND BANK Ltd.,Remitter,184.41,90.46,22,9.32,166.82,31.32
2024-10,Fino Payments Bank Ltd.,Remitter,173.06,92.76,7,7.17,160.53,14.17
2024-10,Yes Bank Ltd.,Remitter,165.55,85.65,21,14.14,141.79,35.14
2024-10,Karnataka Bank,Remitter,126.09,92.63,50,6.87,116.8,56.87
2024-10,IDFC Bank Ltd.,Remitter,99.72,92.41,44,7.14,92.15,51.14
2024-10,Karur Vysya Bank,Remitter,79.62,92.99,29,6.72,74.04,35.72
2024-10,The Jammu & Kashmir Bank Limited,Remitter,78.02,89.55,5.43,5.02,69.87,10.45
2024-10,AU small Finance Bank,Remitter,76.76,90.05,7,9.88,69.12,16.88
2024-10,Bandhan Bank Limited,Remitter,74.83,93.87,84,5.29,70.24,89.29
2024-10,Tri O Tech Solutions Private Limited,Remitter,69.79,100,0,0,69.79,0
2024-10,The South Indian Bank Limited,Remitter,64.32,94.61,14,5.25,60.85,19.25
2024-10,Ujjivan Small Finance Bank Limited,Remitter,48.67,94.65,37,4.98,46.07,41.98
2024-10,Punjab and Sind Bank,Remitter,47.91,91.97,20,7.83,44.06,27.83
2024-10,City Union Bank,Remitter,47.69,93.04,14,6.83,44.37,20.83
2024-10,Tamilnad Mercantile Bank Limited,Remitter,44.76,92.22,38,7.41,41.28,45.41
2024-10,Kerala Gramin Bank,Remitter,38.22,92.47,85,6.68,35.34,91.68
2024-10,Equitas Small Finance Bank,Remitter,34.5,92.52,3,7.45,31.92,10.45
2024-10,Andhra Pradesh Grameena Vikas Bank,Remitter,32.92,85.99,1.39,12.62,28.31,14.01
2024-10,Baroda UP Gramin Bank,Remitter,31.14,92.41,1.48,6.1,28.78,7.58
2024-10,Karnataka Gramin Bank,Remitter,30.87,89.6,2.13,8.27,27.66,10.4
2024-10,DBS Bank India Limited,Remitter,30.17,92.6,15,7.25,27.94,22.25
2024-10,Maharashtra Gramin Bank,Remitter,29.85,85.61,2.27,12.12,25.55,14.39
2024-10,Rajasthan Marudhara Gramin Bank,Remitter,29.28,84.14,4.91,10.95,24.64,15.86
2024-10,Saraswat Co-operative Bank,Remitter,28.5,94.07,21,5.72,26.81,26.72
2024-10,Jio Payments Bank Ltd,Remitter,28.23,88.59,1.23,10.18,25.01,11.41
2024-10,Standard Chartered Bank,Remitter,27.97,95.45,1.24,3.31,26.7,4.55
2024-10,ESAF Small Finance Bank Ltd,Remitter,27.91,95.35,10,4.55,26.61,14.55
2024-10,NSDL Payments Bank Limited,Remitter,24.07,84.64,3.81,11.55,20.37,15.36
2024-10,RBL Bank Ltd.,Remitter,23.06,92.36,31,7.33,21.3,38.33
2024-10,Andhra Pragathi Grameena Bank,Remitter,21.92,78.27,11.34,10.39,17.16,21.73
2024-10,Sarva Haryana Gramin Bank,Remitter,21.22,93.23,36,6.41,19.78,42.41
2025-10,State Bank of India,Remitter,5531.27,92.89,55,6.56,5138,61.56
2025-10,HDFC Bank Ltd.,Remitter,1638.91,95.09,2,4.89,1558.44,6.89
2025-10,Bank of Baroda,Remitter,1438.02,91.21,4,8.75,1311.62,12.75
2025-10,Union Bank of India,Remitter,1282.39,92.53,4,7.43,1186.6,11.43
2025-10,Punjab National Bank,Remitter,1156.34,90.06,21,9.73,1041.4,30.73
2025-10,Kotak Mahindra Bank,Remitter,1031.11,92.04,3,7.93,949.03,10.93
2025-10,Canara Bank,Remitter,1014.04,92.52,6,7.42,938.19,13.42
2025-10,Axis Bank Ltd.,Remitter,954.46,94.92,0,5.08,905.97,5.08
2025-10,ICICI Bank Ltd.,Remitter,769.72,95.94,1,4.05,738.47,5.05
2025-10,India Post Payments Bank Limited,Remitter,712.41,85.72,74,13.54,610.68,87.54
2025-10,Indian Bank,Remitter,687.32,92.42,11,7.47,635.22,18.47
2025-10,Airtel Payments Bank Limited,Remitter,671.92,83.17,6,16.77,558.84,22.77
2025-10,Bank Of India,Remitter,642.99,93.23,31,6.46,599.46,37.46
2025-10,Indian Overseas Bank,Remitter,350.56,93.12,7,6.82,326.44,13.82
2025-10,Central Bank of India,Remitter,333.63,90.91,51,8.58,303.3,59.58
2025-10,UCO Bank,Remitter,296.04,90.21,33,9.46,267.06,42.46
2025-10,Federal Bank Ltd.,Remitter,273.16,93.13,4,6.84,254.39,10.84
2025-10,Fino Payments Bank Ltd.,Remitter,248.52,83.26,1.86,14.88,206.92,16.74
2025-10,Bank of Maharashtra,Remitter,230.93,93.5,13,6.37,215.92,19.37
2025-10,Indusind Bank Ltd.,Remitter,225.19,88.93,31,10.76,200.26,41.76
2025-10,IDBI Bank Ltd.,Remitter,210.68,93.7,37,5.93,197.41,42.93
2025-10,Yes Bank Ltd.,Remitter,189.91,91.86,9,8.05,174.45,17.05
2025-10,Karnataka Bank,Remitter,147.34,92.27,20,7.53,135.95,27.53
2025-10,Tri O Tech Solutions Private Limited,Remitter,145.04,100,0,0,145.04,0
2025-10,IDFC Bank Ltd.,Remitter,121.18,92.94,12,6.95,112.62,18.95
2025-10,The Jammu & Kashmir Bank Limited,Remitter,103.76,92.63,1.32,6.05,96.11,7.37
2025-10,Karur Vysya Bank,Remitter,95.19,92.21,38,7.4,87.77,45.4
2025-10,BANDHAN BANK LIMITED,Remitter,94.16,94.98,34,4.68,89.43,38.68
2025-10,AU Small Finance Bank,Remitter,82.21,87.77,1.81,10.42,72.16,12.23
2025-10,The South Indian Bank Limited,Remitter,76.87,94.75,6,5.19,72.83,11.19
2025-10,JIO Payments Bank Ltd,Remitter,71.17,85.77,37,13.86,61.04,50.86
2025-10,Punjab and Sind Bank,Remitter,61.44,86.2,4.98,8.82,52.96,13.8
2025-10,Uttar Pradesh Gramin Bank,Remitter,61.35,89.55,4.61,5.84,54.94,10.45
2025-10,NSDL Payments Bank Limited,Remitter,58.08,82.56,33,17.11,47.95,50.11
2025-10,City Union Bank,Remitter,57.97,92.33,16,7.51,53.52,23.51
2025-10,Tamilnad Mercantile Bank Limited,Remitter,57.59,92.63,39,6.98,53.35,45.98
2025-10,Ujjivan Small Finance Bank Limited,Remitter,56.36,90.2,62,9.18,50.84,71.18
2025-10,Kerala Gramin Bank,Remitter,51.97,91.01,2.08,6.91,47.3,8.99
2025-10,Rajasthan Gramin Bank,Remitter,47.67,86.98,81,12.21,41.46,93.21
2025-10,Karnataka Gramin Bank,Remitter,44.83,83.94,3.82,12.24,37.63,16.06
2025-10,Telangana Grameena Bank,Remitter,42.49,87.93,2.07,10,37.36,12.07
2025-10,Maharashtra Gramin Bank,Remitter,37.14,85.22,1.49,13.29,31.65,14.78
2025-10,ESAF Small Finance Bank Ltd,Remitter,35.02,95.61,23,4.16,33.48,27.16
2025-10,Slice Small Finance Bank Limited,Remitter,34.08,95.78,33,3.89,32.64,36.89
2025-10,Saraswat Co-operative Bank,Remitter,32.19,94.7,59,4.7,30.48,63.7
2025-10,DBS Bank India Limited,Remitter,31.38,92.84,1,7.15,29.13,8.15
2025-10,RBL Bank Ltd.,Remitter,29.59,91.84,10,8.06,27.18,18.06
2025-10,Equitas Small Finance Bank,Remitter,29.1,91.05,28,8.67,26.5,36.67
2025-10,Sarva Haryana Gramin Bank,Remitter,27.74,92.99,100,6.01,25.8,106.01
2025-10,Standard Chartered Bank,Remitter,23,96.32,6,3.62,22.15,9.62
2024-09,State Bank Of India,Remitter,4067.05,93.9,75,5.35,3818.96,80.35
2024-09,HDFC BANK LTD,Remitter,1267.31,95.36,2,4.62,1208.51,6.62
2024-09,Bank of Baroda,Remitter,996.46,92.87,11,7.01,925.41,18.01
2024-09,Union Bank of India,Remitter,928.3,93.16,47,6.36,864.8,53.36
2024-09,Punjab National Bank,Remitter,851,92.2,11,7.69,784.62,18.69
2024-09,Kotak Mahindra Bank,Remitter,771.17,91.78,68,7.55,707.78,75.55
2024-09,Axis Bank Ltd.,Remitter,739.08,95.4,5,4.54,705.08,9.54
2024-09,Canara Bank,Remitter,724.35,93.23,44,6.32,675.31,50.32
2024-09,ICICI Bank Ltd.,Remitter,642.3,96.31,2,3.67,618.6,5.67
2024-09,Bank of India,Remitter,480.33,93.98,45,5.57,451.41,50.57
2024-09,Indian Bank,Remitter,466.01,94.03,11,5.87,438.19,16.87
2024-09,Airtel Payments Bank Ltd,Remitter,449.25,89.91,27,9.82,403.92,36.82
2024-09,India Post Payments Bank Ltd,Remitter,370.25,87.95,58,11.48,325.63,69.48
2024-09,Indian Overseas Bank,Remitter,221.41,91.62,2.71,5.67,202.86,8.38
2024-09,Federal Bank Ltd.,Remitter,220.03,94.15,4,5.81,207.16,9.81
2024-09,Central Bank Of India,Remitter,219.42,87.43,1.45,11.13,191.84,12.58
2024-09,UCO Bank,Remitter,202.25,91.83,70,7.48,185.73,77.48
2024-09,IDBI Bank,Remitter,167.82,93.46,55,5.98,156.84,60.98
2024-09,INDUSIND BANK Ltd.,Remitter,165.88,91.52,11,8.37,151.81,19.37
2024-09,Bank of Maharashtra,Remitter,165,93.33,30,6.37,153.99,36.37
2024-09,Fino Payments Bank Limited,Remitter,154.66,92.79,12,7.09,143.51,19.09
2024-09,Yes Bank Ltd.,Remitter,131.04,94.14,16,5.69,123.36,21.69
2024-09,Karnataka Bank,Remitter,117.35,93.35,18,6.47,109.55,24.47
2024-09,IDFC First Bank Ltd,Remitter,89.72,93.65,22,6.14,84.02,28.14
2024-09,Karur Vysya Bank,Remitter,73.53,92.19,1.25,6.56,67.79,7.81
2024-09,AU small Finance Bank,Remitter,69.23,91.09,17,8.74,63.06,25.74
2024-09,The Jammu & Kashmir Bank Limited,Remitter,69.03,92.85,1.9,5.24,64.09,7.14
2024-09,Bandhan Bank Limited,Remitter,68.05,92.88,1.67,5.45,63.2,7.12
2024-09,Tri O Tech Solutions Private Limited,Remitter,61,100,0,0,61,0
2024-09,The South Indian Bank Limited,Remitter,60.27,95.12,9,4.8,57.33,13.8
2024-09,Ujjivan Small Finance Bank Limited,Remitter,45.35,94.46,32,5.22,42.84,37.22
2024-09,City Union Bank,Remitter,44.3,92.88,58,6.54,41.15,64.54
2024-09,Punjab and Sind Bank,Remitter,43.54,91.88,65,7.47,40,72.47
2024-09,Tamilnad Mercantile Bank Limited,Remitter,41.41,92.63,36,7.01,38.36,43.01
2024-09,Kerala Gramin Bank,Remitter,35.02,91.51,2.15,6.35,32.05,8.5
2024-09,Equitas Small Finance Bank Ltd,Remitter,32.2,92.96,6,6.98,29.93,12.98
2024-09,Andhra Pradesh Grameena Vikas Bank,Remitter,29.88,86.57,1.23,12.21,25.87,13.44
2024-09,Pragathi Krishna Gramin Bank,Remitter,28.74,88.68,3.57,7.74,25.49,11.31
2024-09,DBS Bank India Limited,Remitter,27.93,93.71,2,6.27,26.17,8.27
2024-09,Baroda UP Gramin Bank,Remitter,26.48,92.16,28,7.56,24.4,35.56
2024-09,Maharashtra Gramin Bank,Remitter,25.95,86.61,1.23,12.16,22.48,13.39
2024-09,Rajasthan Marudhara Gramin Bank,Remitter,25.85,86.65,2.83,10.52,22.4,13.35
2024-09,ESAF Small Finance Bank Ltd.,Remitter,25.76,95.46,11,4.43,24.59,15.43
2024-09,Standard Chartered Bank,Remitter,25.65,96.49,56,2.95,24.75,58.95
2024-09,Saraswat Co-operative Bank,Remitter,24.88,94.11,66,5.24,23.41,71.24
2024-09,Jio Payments Bank Limited,Remitter,22.56,88.72,1.13,10.15,20.02,11.28
2024-09,NSDL Payments Bank Limited,Remitter,20.08,83.05,5.49,11.47,16.68,16.96
2024-09,Sarva Haryana Gramin Bank,Remitter,19.79,89.36,4.47,6.17,17.68,10.64
2024-09,Andhra Pragathi Grameena Bank,Remitter,18.96,83.63,4.68,11.69,15.86,16.37
2024-09,RBL Bank Limited,Remitter,18.87,91.45,44,8.1,17.26,52.1
2025-09,State Bank of India,Remitter,5275.12,93.04,64,6.32,4907.97,70.32
2025-09,HDFC Bank Ltd.,Remitter,1536.13,95.06,1,4.94,1460.25,5.94
2025-09,Bank of Baroda,Remitter,1356.34,91.15,13,8.73,1236.3,21.73
2025-09,Union Bank of India,Remitter,1215.12,92.8,5,7.15,1127.63,12.15
2025-09,Punjab National Bank,Remitter,1118.17,89.93,14,9.93,1005.57,23.93
2025-09,Kotak Mahindra Bank,Remitter,965.85,92.3,10,7.6,891.48,17.6
2025-09,Canara Bank,Remitter,962.6,92.52,28,7.19,890.6,35.19
2025-09,Axis Bank Ltd.,Remitter,902.48,94.95,1,5.04,856.9,6.04
2025-09,ICICI Bank Ltd.,Remitter,730.11,95.92,1,4.07,700.32,5.07
2025-09,India Post Payments Bank Limited,Remitter,657.46,85.38,1.44,13.18,561.34,14.62
2025-09,Indian Bank,Remitter,647.09,92.65,20,7.16,599.53,27.16
2025-09,Airtel Payments Bank Limited,Remitter,626.6,84.66,23,15.11,530.48,38.11
2025-09,Bank Of India,Remitter,603.94,93.55,19,6.26,564.99,25.26
2025-09,Indian Overseas Bank,Remitter,329.04,93.42,26,6.32,307.39,32.32
2025-09,Central Bank of India,Remitter,311.91,91.34,66,7.99,284.9,73.99
2025-09,UCO Bank,Remitter,281.68,90.75,79,8.47,255.62,87.47
2025-09,Federal Bank Ltd.,Remitter,259.32,93.47,5,6.48,242.39,11.48
2025-09,Fino Payments Bank Ltd.,Remitter,231.13,85.06,1.32,13.61,196.6,14.93
2025-09,Indusind Bank Ltd.,Remitter,213.9,89.6,30,10.1,191.65,40.1
2025-09,Bank of Maharashtra,Remitter,213.37,93.2,30,6.49,198.86,36.49
2025-09,IDBI Bank Ltd.,Remitter,201.57,93.14,51,6.35,187.74,57.35
2025-09,Yes Bank Ltd.,Remitter,163.15,90.69,14,9.17,147.96,23.17
2025-09,Karnataka Bank,Remitter,141.24,92.61,16,7.22,130.8,23.22
2025-09,Tri O Tech Solutions Private Limited,Remitter,139.13,100,0,0,139.13,0
2025-09,IDFC Bank Ltd.,Remitter,114.4,93.3,3,6.67,106.74,9.67
2025-09,The Jammu & Kashmir Bank Limited,Remitter,94.62,93.33,47,6.2,88.31,53.2
2025-09,Karur Vysya Bank,Remitter,92.71,92.73,40,6.88,85.97,46.88
2025-09,BANDHAN BANK LIMITED,Remitter,91.72,94.77,32,4.91,86.92,36.91
2025-09,AU Small Finance Bank,Remitter,77.16,89.48,66,9.86,69.04,75.86
2025-09,The South Indian Bank Limited,Remitter,73.96,94.74,30,4.96,70.07,34.96
2025-09,HDFC Bank Credit Card HCB,Remitter,63.77,95.82,3,4.15,61.1,7.15
2025-09,JIO Payments Bank Ltd,Remitter,63.71,86.3,70,13,54.98,83
2025-09,Punjab and Sind Bank,Remitter,59.04,90.1,1.51,8.39,53.2,9.9
2025-09,City Union Bank,Remitter,56.06,92.58,15,7.27,51.9,22.27
2025-09,Tamilnad Mercantile Bank Limited,Remitter,55.19,92.93,28,6.8,51.29,34.8
2025-09,Baroda U.P. Bank,Remitter,54.02,85.15,10.22,4.64,46,14.86
2025-09,Ujjivan Small Finance Bank Limited,Remitter,53.83,91.01,45,8.54,48.99,53.54
2025-09,NSDL Payments Bank Limited,Remitter,50.72,83.8,1.4,14.81,42.5,16.21
2025-09,Kerala Gramin Bank,Remitter,49.94,87.81,5.88,6.32,43.85,12.2
2025-09,SBI Cards and Payment Services Limited,Remitter,44.04,95.53,18,4.3,42.07,22.3
2025-09,Rajasthan Marudhara Gramin Bank,Remitter,42.78,86.27,1.76,11.97,36.91,13.73
2025-09,Telangana Grameena Bank,Remitter,39.87,88.26,2.44,9.3,35.19,11.74
2025-09,ESAF Small Finance Bank Ltd,Remitter,34.03,95.8,14,4.06,32.6,18.06
2025-09,ICICI Bank Credit Card,Remitter,32.88,95.93,5,4.02,31.54,9.02
2025-09,Andhra Pragathi Grameena Bank,Remitter,31.46,83.27,3.22,13.51,26.2,16.73
2025-09,Karnataka Gramin Bank,Remitter,31.17,83.04,5.85,11.11,25.88,16.96
2025-09,Maharashtra Gramin Bank,Remitter,30.47,83.19,3.12,13.69,25.35,16.81
2025-09,DBS Bank India Limited,Remitter,30.33,93.33,7,6.61,28.31,13.61
2025-09,RBL Bank Ltd.,Remitter,29.74,92.7,53,6.77,27.57,59.77
2025-09,Saraswat Co-operative Bank,Remitter,29.27,94.81,51,4.68,27.75,55.68
